{"type":"FeatureCollection","attribution":"geoBoundaries gbOpen COL ADM1 (release 9469f09). Fuente: OpenStreetMap contributors, licencia ODbL 1.0 (www.openstreetmap.org/copyright). Coordenadas redondeadas a 3 decimales y anillos reorientados para d3-geo (sin cambiar vértices).","features":[{"type":"Feature","properties":{"name":"Caldas","iso":"CO-CAL"},"geometry":{"type":"MultiPolygon","coordinates":[[[[-75.867,5.488],[-75.865,5.494],[-75.86,5.496],[-75.854,5.496],[-75.85,5.492],[-75.844,5.493],[-75.831,5.488],[-75.828,5.492],[-75.827,5.499],[-75.818,5.512],[-75.815,5.514],[-75.807,5.514],[-75.802,5.526],[-75.792,5.532],[-75.786,5.541],[-75.776,5.54],[-75.774,5.535],[-75.771,5.535],[-75.77,5.539],[-75.772,5.54],[-75.772,5.543],[-75.768,5.552],[-75.761,5.554],[-75.745,5.552],[-75.737,5.561],[-75.731,5.564],[-75.726,5.556],[-75.721,5.552],[-75.717,5.55],[-75.709,5.54],[-75.706,5.54],[-75.697,5.531],[-75.686,5.525],[-75.681,5.524],[-75.676,5.528],[-75.673,5.527],[-75.67,5.529],[-75.663,5.527],[-75.662,5.527],[-75.656,5.524],[-75.653,5.53],[-75.649,5.531],[-75.641,5.53],[-75.636,5.528],[-75.635,5.526],[-75.627,5.526],[-75.622,5.528],[-75.618,5.532],[-75.612,5.53],[-75.612,5.527],[-75.604,5.525],[-75.602,5.521],[-75.597,5.518],[-75.592,5.52],[-75.59,5.518],[-75.583,5.519],[-75.578,5.516],[-75.57,5.521],[-75.569,5.523],[-75.569,5.54],[-75.576,5.55],[-75.577,5.565],[-75.575,5.575],[-75.577,5.579],[-75.576,5.584],[-75.58,5.593],[-75.581,5.604],[-75.58,5.606],[-75.584,5.621],[-75.582,5.626],[-75.585,5.637],[-75.588,5.637],[-75.589,5.64],[-75.59,5.645],[-75.587,5.652],[-75.584,5.654],[-75.584,5.657],[-75.576,5.66],[-75.572,5.666],[-75.575,5.671],[-75.588,5.674],[-75.6,5.68],[-75.598,5.684],[-75.6,5.696],[-75.598,5.706],[-75.595,5.712],[-75.6,5.718],[-75.599,5.739],[-75.597,5.736],[-75.587,5.735],[-75.584,5.731],[-75.58,5.731],[-75.578,5.727],[-75.571,5.724],[-75.568,5.725],[-75.564,5.723],[-75.563,5.725],[-75.554,5.725],[-75.549,5.721],[-75.543,5.721],[-75.54,5.713],[-75.542,5.712],[-75.543,5.709],[-75.542,5.703],[-75.538,5.7],[-75.537,5.696],[-75.537,5.694],[-75.535,5.69],[-75.531,5.689],[-75.532,5.693],[-75.527,5.694],[-75.524,5.692],[-75.522,5.695],[-75.519,5.695],[-75.518,5.69],[-75.508,5.681],[-75.505,5.679],[-75.505,5.683],[-75.504,5.684],[-75.498,5.681],[-75.494,5.68],[-75.488,5.677],[-75.487,5.671],[-75.478,5.663],[-75.473,5.668],[-75.468,5.667],[-75.461,5.672],[-75.456,5.681],[-75.445,5.685],[-75.444,5.687],[-75.442,5.686],[-75.44,5.69],[-75.433,5.692],[-75.427,5.696],[-75.416,5.696],[-75.413,5.694],[-75.41,5.689],[-75.41,5.686],[-75.405,5.681],[-75.401,5.682],[-75.394,5.677],[-75.384,5.677],[-75.376,5.674],[-75.374,5.666],[-75.368,5.658],[-75.368,5.655],[-75.37,5.648],[-75.368,5.64],[-75.374,5.632],[-75.376,5.633],[-75.379,5.629],[-75.384,5.627],[-75.383,5.622],[-75.379,5.618],[-75.377,5.612],[-75.373,5.609],[-75.37,5.609],[-75.369,5.605],[-75.366,5.602],[-75.362,5.601],[-75.36,5.603],[-75.354,5.603],[-75.352,5.602],[-75.345,5.603],[-75.342,5.606],[-75.341,5.603],[-75.34,5.599],[-75.341,5.595],[-75.342,5.595],[-75.344,5.591],[-75.346,5.59],[-75.346,5.587],[-75.341,5.584],[-75.339,5.579],[-75.338,5.568],[-75.33,5.563],[-75.327,5.556],[-75.333,5.551],[-75.334,5.549],[-75.333,5.545],[-75.327,5.542],[-75.33,5.538],[-75.33,5.532],[-75.328,5.529],[-75.328,5.524],[-75.325,5.523],[-75.322,5.519],[-75.315,5.517],[-75.314,5.511],[-75.311,5.508],[-75.314,5.503],[-75.316,5.495],[-75.315,5.487],[-75.317,5.486],[-75.315,5.484],[-75.315,5.486],[-75.314,5.481],[-75.315,5.482],[-75.314,5.476],[-75.317,5.472],[-75.317,5.47],[-75.314,5.468],[-75.306,5.468],[-75.302,5.472],[-75.296,5.474],[-75.288,5.473],[-75.281,5.477],[-75.282,5.467],[-75.285,5.459],[-75.284,5.444],[-75.278,5.44],[-75.28,5.428],[-75.277,5.424],[-75.276,5.419],[-75.264,5.434],[-75.262,5.437],[-75.261,5.441],[-75.259,5.442],[-75.255,5.448],[-75.254,5.452],[-75.249,5.461],[-75.244,5.464],[-75.24,5.47],[-75.237,5.478],[-75.233,5.48],[-75.232,5.487],[-75.219,5.503],[-75.215,5.504],[-75.212,5.507],[-75.209,5.505],[-75.205,5.508],[-75.202,5.516],[-75.199,5.518],[-75.19,5.519],[-75.181,5.523],[-75.179,5.522],[-75.175,5.525],[-75.15,5.53],[-75.143,5.529],[-75.137,5.527],[-75.132,5.537],[-75.133,5.544],[-75.128,5.555],[-75.121,5.56],[-75.12,5.564],[-75.119,5.565],[-75.113,5.567],[-75.112,5.572],[-75.11,5.572],[-75.109,5.573],[-75.106,5.572],[-75.106,5.574],[-75.102,5.575],[-75.101,5.579],[-75.097,5.581],[-75.095,5.581],[-75.092,5.584],[-75.091,5.592],[-75.09,5.594],[-75.088,5.595],[-75.088,5.599],[-75.089,5.602],[-75.092,5.604],[-75.094,5.604],[-75.095,5.602],[-75.096,5.604],[-75.095,5.606],[-75.097,5.608],[-75.092,5.61],[-75.089,5.616],[-75.092,5.622],[-75.091,5.626],[-75.092,5.629],[-75.096,5.633],[-75.096,5.636],[-75.098,5.638],[-75.097,5.64],[-75.099,5.641],[-75.096,5.65],[-75.094,5.651],[-75.094,5.656],[-75.092,5.655],[-75.087,5.661],[-75.082,5.66],[-75.078,5.659],[-75.077,5.657],[-75.073,5.658],[-75.066,5.666],[-75.062,5.665],[-75.06,5.666],[-75.053,5.665],[-75.05,5.662],[-75.048,5.661],[-75.041,5.667],[-75.032,5.669],[-75.026,5.676],[-75.014,5.679],[-75.008,5.683],[-75.007,5.686],[-75.004,5.689],[-75.001,5.695],[-75.0,5.702],[-74.991,5.706],[-74.993,5.715],[-74.982,5.718],[-74.97,5.715],[-74.963,5.719],[-74.952,5.72],[-74.951,5.722],[-74.945,5.726],[-74.939,5.726],[-74.938,5.728],[-74.931,5.734],[-74.901,5.736],[-74.895,5.739],[-74.886,5.74],[-74.879,5.748],[-74.865,5.748],[-74.855,5.745],[-74.846,5.738],[-74.841,5.738],[-74.836,5.733],[-74.836,5.729],[-74.833,5.728],[-74.832,5.726],[-74.834,5.719],[-74.827,5.712],[-74.821,5.708],[-74.811,5.709],[-74.805,5.698],[-74.798,5.702],[-74.791,5.696],[-74.781,5.695],[-74.774,5.689],[-74.769,5.692],[-74.765,5.697],[-74.76,5.696],[-74.755,5.699],[-74.749,5.697],[-74.745,5.7],[-74.739,5.701],[-74.737,5.706],[-74.731,5.712],[-74.732,5.717],[-74.725,5.725],[-74.728,5.742],[-74.728,5.746],[-74.724,5.749],[-74.717,5.751],[-74.712,5.759],[-74.715,5.769],[-74.712,5.775],[-74.708,5.776],[-74.706,5.771],[-74.701,5.77],[-74.694,5.772],[-74.685,5.779],[-74.681,5.779],[-74.669,5.769],[-74.658,5.775],[-74.658,5.763],[-74.659,5.751],[-74.663,5.736],[-74.661,5.728],[-74.656,5.723],[-74.649,5.722],[-74.645,5.719],[-74.638,5.708],[-74.627,5.701],[-74.623,5.697],[-74.625,5.684],[-74.636,5.659],[-74.63,5.63],[-74.637,5.623],[-74.645,5.61],[-74.645,5.606],[-74.642,5.595],[-74.645,5.589],[-74.649,5.584],[-74.653,5.575],[-74.65,5.563],[-74.641,5.549],[-74.64,5.539],[-74.651,5.526],[-74.67,5.518],[-74.674,5.512],[-74.668,5.495],[-74.668,5.491],[-74.665,5.478],[-74.664,5.466],[-74.66,5.452],[-74.652,5.444],[-74.655,5.441],[-74.672,5.441],[-74.676,5.438],[-74.676,5.436],[-74.673,5.428],[-74.666,5.417],[-74.666,5.411],[-74.667,5.405],[-74.681,5.402],[-74.684,5.399],[-74.683,5.388],[-74.678,5.379],[-74.679,5.374],[-74.685,5.367],[-74.692,5.363],[-74.697,5.365],[-74.704,5.372],[-74.707,5.371],[-74.707,5.366],[-74.699,5.356],[-74.7,5.353],[-74.708,5.343],[-74.715,5.315],[-74.726,5.307],[-74.73,5.302],[-74.733,5.294],[-74.734,5.286],[-74.737,5.287],[-74.742,5.285],[-74.742,5.29],[-74.743,5.291],[-74.753,5.282],[-74.756,5.285],[-74.759,5.285],[-74.762,5.289],[-74.766,5.288],[-74.774,5.299],[-74.779,5.297],[-74.782,5.299],[-74.785,5.297],[-74.787,5.298],[-74.792,5.298],[-74.796,5.3],[-74.798,5.304],[-74.805,5.303],[-74.814,5.307],[-74.815,5.31],[-74.819,5.313],[-74.822,5.317],[-74.827,5.319],[-74.831,5.316],[-74.834,5.318],[-74.837,5.316],[-74.84,5.317],[-74.841,5.315],[-74.844,5.315],[-74.846,5.314],[-74.848,5.316],[-74.851,5.314],[-74.854,5.315],[-74.861,5.306],[-74.863,5.305],[-74.865,5.307],[-74.869,5.305],[-74.869,5.303],[-74.868,5.301],[-74.87,5.3],[-74.87,5.297],[-74.872,5.294],[-74.876,5.295],[-74.877,5.297],[-74.885,5.297],[-74.889,5.3],[-74.892,5.298],[-74.898,5.299],[-74.902,5.302],[-74.904,5.302],[-74.905,5.305],[-74.913,5.31],[-74.921,5.308],[-74.928,5.31],[-74.931,5.312],[-74.939,5.313],[-74.945,5.306],[-74.95,5.306],[-74.954,5.301],[-74.961,5.302],[-74.966,5.301],[-74.969,5.296],[-74.979,5.295],[-74.98,5.292],[-74.984,5.291],[-74.986,5.288],[-74.989,5.29],[-74.99,5.289],[-75.0,5.291],[-75.008,5.291],[-75.01,5.294],[-75.013,5.29],[-75.019,5.288],[-75.021,5.288],[-75.023,5.286],[-75.027,5.288],[-75.028,5.286],[-75.03,5.284],[-75.029,5.282],[-75.03,5.279],[-75.033,5.277],[-75.056,5.275],[-75.057,5.272],[-75.059,5.27],[-75.06,5.265],[-75.062,5.264],[-75.062,5.262],[-75.063,5.26],[-75.061,5.256],[-75.063,5.254],[-75.063,5.251],[-75.066,5.247],[-75.071,5.248],[-75.072,5.244],[-75.074,5.244],[-75.08,5.231],[-75.084,5.226],[-75.084,5.224],[-75.09,5.221],[-75.091,5.215],[-75.095,5.214],[-75.105,5.197],[-75.104,5.195],[-75.107,5.191],[-75.105,5.189],[-75.105,5.185],[-75.109,5.184],[-75.113,5.18],[-75.112,5.179],[-75.115,5.174],[-75.114,5.17],[-75.116,5.165],[-75.112,5.166],[-75.112,5.164],[-75.112,5.162],[-75.115,5.162],[-75.116,5.16],[-75.119,5.159],[-75.124,5.16],[-75.129,5.155],[-75.134,5.158],[-75.139,5.158],[-75.142,5.16],[-75.144,5.164],[-75.149,5.165],[-75.15,5.166],[-75.155,5.171],[-75.156,5.17],[-75.158,5.171],[-75.161,5.169],[-75.162,5.17],[-75.165,5.167],[-75.171,5.171],[-75.173,5.169],[-75.174,5.167],[-75.178,5.164],[-75.182,5.164],[-75.183,5.163],[-75.187,5.164],[-75.188,5.162],[-75.192,5.164],[-75.194,5.164],[-75.198,5.162],[-75.198,5.158],[-75.201,5.151],[-75.204,5.148],[-75.207,5.148],[-75.215,5.134],[-75.218,5.134],[-75.221,5.136],[-75.222,5.135],[-75.228,5.132],[-75.228,5.13],[-75.231,5.13],[-75.232,5.127],[-75.235,5.125],[-75.238,5.127],[-75.24,5.126],[-75.245,5.129],[-75.251,5.129],[-75.276,5.141],[-75.283,5.141],[-75.288,5.138],[-75.289,5.134],[-75.293,5.131],[-75.295,5.127],[-75.298,5.125],[-75.298,5.121],[-75.301,5.121],[-75.304,5.119],[-75.309,5.11],[-75.318,5.102],[-75.325,5.099],[-75.327,5.095],[-75.333,5.091],[-75.336,5.088],[-75.342,5.085],[-75.343,5.082],[-75.343,5.072],[-75.348,5.057],[-75.342,5.053],[-75.34,5.046],[-75.336,5.044],[-75.333,5.045],[-75.327,5.041],[-75.319,5.031],[-75.317,5.005],[-75.318,5.001],[-75.322,4.995],[-75.327,4.991],[-75.328,4.986],[-75.336,4.974],[-75.353,4.966],[-75.352,4.934],[-75.348,4.93],[-75.346,4.915],[-75.338,4.901],[-75.332,4.897],[-75.32,4.892],[-75.322,4.872],[-75.327,4.862],[-75.339,4.852],[-75.343,4.845],[-75.353,4.842],[-75.356,4.84],[-75.358,4.827],[-75.37,4.812],[-75.372,4.807],[-75.375,4.804],[-75.382,4.805],[-75.39,4.803],[-75.399,4.807],[-75.407,4.805],[-75.418,4.813],[-75.427,4.818],[-75.43,4.826],[-75.43,4.834],[-75.439,4.84],[-75.438,4.842],[-75.44,4.845],[-75.438,4.85],[-75.439,4.855],[-75.452,4.869],[-75.455,4.875],[-75.456,4.884],[-75.459,4.886],[-75.471,4.887],[-75.474,4.889],[-75.476,4.904],[-75.483,4.906],[-75.484,4.909],[-75.48,4.915],[-75.481,4.917],[-75.487,4.917],[-75.494,4.921],[-75.51,4.925],[-75.524,4.923],[-75.53,4.917],[-75.54,4.917],[-75.542,4.919],[-75.544,4.926],[-75.548,4.926],[-75.552,4.924],[-75.557,4.924],[-75.559,4.925],[-75.562,4.934],[-75.569,4.936],[-75.584,4.932],[-75.589,4.933],[-75.592,4.928],[-75.595,4.927],[-75.599,4.93],[-75.609,4.933],[-75.618,4.932],[-75.617,4.955],[-75.62,4.958],[-75.62,4.963],[-75.623,4.963],[-75.624,4.965],[-75.625,4.968],[-75.622,4.971],[-75.629,4.971],[-75.631,4.972],[-75.636,4.971],[-75.639,4.976],[-75.641,4.975],[-75.64,4.973],[-75.642,4.971],[-75.64,4.97],[-75.64,4.967],[-75.643,4.968],[-75.645,4.966],[-75.645,4.962],[-75.653,4.958],[-75.653,4.953],[-75.651,4.948],[-75.653,4.947],[-75.663,4.943],[-75.675,4.944],[-75.682,4.943],[-75.688,4.944],[-75.699,4.944],[-75.704,4.951],[-75.707,4.952],[-75.71,4.959],[-75.712,4.96],[-75.716,4.97],[-75.715,4.974],[-75.717,4.981],[-75.716,4.983],[-75.719,4.983],[-75.72,4.984],[-75.721,4.996],[-75.726,5.002],[-75.726,5.007],[-75.729,5.008],[-75.728,5.01],[-75.735,5.02],[-75.735,5.021],[-75.731,5.021],[-75.732,5.024],[-75.739,5.029],[-75.744,5.044],[-75.748,5.046],[-75.759,5.037],[-75.76,5.028],[-75.763,5.024],[-75.766,5.022],[-75.769,5.023],[-75.773,5.02],[-75.774,5.015],[-75.77,5.01],[-75.77,5.008],[-75.778,5.007],[-75.779,5.01],[-75.781,5.011],[-75.78,5.003],[-75.786,4.997],[-75.784,4.995],[-75.779,4.994],[-75.778,4.993],[-75.786,4.99],[-75.786,4.984],[-75.789,4.984],[-75.793,4.98],[-75.791,4.975],[-75.796,4.968],[-75.793,4.955],[-75.788,4.95],[-75.792,4.938],[-75.804,4.936],[-75.807,4.928],[-75.813,4.923],[-75.815,4.919],[-75.826,4.922],[-75.832,4.927],[-75.836,4.926],[-75.841,4.929],[-75.846,4.928],[-75.851,4.931],[-75.858,4.932],[-75.86,4.934],[-75.864,4.935],[-75.867,4.94],[-75.866,4.941],[-75.863,4.938],[-75.861,4.94],[-75.861,4.943],[-75.864,4.942],[-75.864,4.944],[-75.868,4.945],[-75.872,4.951],[-75.875,4.95],[-75.878,4.951],[-75.88,4.959],[-75.887,4.957],[-75.891,4.961],[-75.896,4.963],[-75.895,4.969],[-75.897,4.975],[-75.897,4.981],[-75.899,4.983],[-75.9,4.988],[-75.904,4.993],[-75.903,5.0],[-75.905,5.007],[-75.902,5.011],[-75.904,5.024],[-75.906,5.024],[-75.907,5.026],[-75.91,5.025],[-75.915,5.035],[-75.923,5.041],[-75.92,5.045],[-75.921,5.048],[-75.918,5.06],[-75.914,5.063],[-75.911,5.069],[-75.911,5.074],[-75.914,5.076],[-75.913,5.084],[-75.909,5.087],[-75.903,5.098],[-75.901,5.105],[-75.902,5.11],[-75.898,5.116],[-75.898,5.119],[-75.894,5.117],[-75.891,5.118],[-75.892,5.124],[-75.891,5.126],[-75.89,5.126],[-75.889,5.129],[-75.877,5.13],[-75.875,5.135],[-75.865,5.121],[-75.854,5.112],[-75.85,5.111],[-75.848,5.108],[-75.847,5.105],[-75.844,5.107],[-75.843,5.111],[-75.839,5.113],[-75.836,5.115],[-75.837,5.124],[-75.839,5.126],[-75.838,5.129],[-75.834,5.133],[-75.832,5.139],[-75.834,5.143],[-75.831,5.146],[-75.834,5.15],[-75.833,5.152],[-75.828,5.153],[-75.826,5.159],[-75.826,5.162],[-75.824,5.164],[-75.822,5.172],[-75.819,5.173],[-75.817,5.176],[-75.818,5.179],[-75.815,5.18],[-75.814,5.183],[-75.816,5.185],[-75.814,5.185],[-75.814,5.188],[-75.809,5.188],[-75.804,5.195],[-75.802,5.202],[-75.808,5.207],[-75.806,5.218],[-75.804,5.222],[-75.806,5.236],[-75.811,5.237],[-75.813,5.236],[-75.82,5.243],[-75.82,5.25],[-75.825,5.26],[-75.823,5.27],[-75.817,5.27],[-75.813,5.272],[-75.803,5.281],[-75.799,5.28],[-75.796,5.282],[-75.794,5.286],[-75.787,5.285],[-75.78,5.277],[-75.774,5.274],[-75.767,5.273],[-75.763,5.274],[-75.754,5.283],[-75.748,5.284],[-75.746,5.275],[-75.744,5.273],[-75.741,5.273],[-75.739,5.27],[-75.737,5.271],[-75.736,5.267],[-75.735,5.266],[-75.735,5.264],[-75.73,5.266],[-75.719,5.261],[-75.714,5.263],[-75.708,5.26],[-75.705,5.26],[-75.705,5.262],[-75.701,5.261],[-75.697,5.262],[-75.696,5.26],[-75.694,5.259],[-75.692,5.256],[-75.666,5.268],[-75.665,5.272],[-75.667,5.277],[-75.663,5.281],[-75.662,5.291],[-75.656,5.296],[-75.651,5.307],[-75.645,5.307],[-75.639,5.305],[-75.635,5.316],[-75.637,5.323],[-75.636,5.329],[-75.637,5.333],[-75.636,5.336],[-75.637,5.338],[-75.64,5.339],[-75.646,5.339],[-75.653,5.351],[-75.659,5.35],[-75.666,5.35],[-75.67,5.355],[-75.675,5.356],[-75.678,5.361],[-75.683,5.362],[-75.69,5.371],[-75.698,5.372],[-75.7,5.376],[-75.703,5.377],[-75.707,5.39],[-75.714,5.389],[-75.726,5.397],[-75.73,5.395],[-75.734,5.397],[-75.739,5.396],[-75.739,5.388],[-75.741,5.384],[-75.746,5.384],[-75.75,5.386],[-75.755,5.384],[-75.759,5.388],[-75.761,5.387],[-75.766,5.387],[-75.768,5.385],[-75.772,5.383],[-75.773,5.379],[-75.779,5.375],[-75.785,5.373],[-75.788,5.369],[-75.795,5.368],[-75.798,5.366],[-75.805,5.364],[-75.809,5.362],[-75.814,5.365],[-75.823,5.364],[-75.831,5.366],[-75.833,5.361],[-75.838,5.369],[-75.847,5.369],[-75.854,5.374],[-75.86,5.373],[-75.858,5.381],[-75.859,5.386],[-75.854,5.389],[-75.855,5.394],[-75.851,5.402],[-75.854,5.405],[-75.853,5.407],[-75.853,5.409],[-75.851,5.413],[-75.853,5.415],[-75.852,5.419],[-75.854,5.424],[-75.856,5.428],[-75.859,5.428],[-75.859,5.434],[-75.858,5.438],[-75.861,5.443],[-75.867,5.488]]]]}},{"type":"Feature","properties":{"name":"Amazonas","iso":"CO-AMA"},"geometry":{"type":"MultiPolygon","coordinates":[[[[-74.388,-0.559],[-74.381,-0.551],[-73.841,-0.398],[-73.824,-0.409],[-73.813,-0.412],[-73.79,-0.409],[-73.763,-0.409],[-73.753,-0.404],[-73.739,-0.386],[-73.731,-0.381],[-73.717,-0.381],[-73.708,-0.386],[-73.691,-0.414],[-73.675,-0.423],[-73.668,-0.423],[-73.663,-0.422],[-73.646,-0.415],[-73.64,-0.418],[-73.637,-0.422],[-73.635,-0.429],[-73.636,-0.435],[-73.653,-0.451],[-73.653,-0.455],[-73.651,-0.458],[-73.648,-0.458],[-73.639,-0.452],[-73.632,-0.451],[-73.624,-0.447],[-73.617,-0.442],[-73.604,-0.439],[-73.592,-0.441],[-73.583,-0.448],[-73.579,-0.457],[-73.577,-0.483],[-73.568,-0.496],[-73.569,-0.504],[-73.572,-0.514],[-73.568,-0.518],[-73.562,-0.519],[-73.553,-0.517],[-73.544,-0.51],[-73.54,-0.495],[-73.537,-0.49],[-73.534,-0.488],[-73.53,-0.49],[-73.527,-0.507],[-73.522,-0.516],[-73.514,-0.523],[-73.505,-0.527],[-73.488,-0.529],[-73.447,-0.514],[-73.437,-0.512],[-73.428,-0.512],[-73.419,-0.514],[-73.411,-0.517],[-73.403,-0.523],[-73.396,-0.531],[-73.389,-0.534],[-73.38,-0.535],[-73.375,-0.533],[-73.361,-0.519],[-73.352,-0.512],[-73.336,-0.506],[-73.33,-0.507],[-73.323,-0.524],[-73.314,-0.532],[-73.299,-0.541],[-73.277,-0.547],[-73.268,-0.554],[-73.26,-0.561],[-73.256,-0.578],[-73.253,-0.583],[-73.24,-0.586],[-73.219,-0.608],[-73.212,-0.622],[-73.208,-0.626],[-73.202,-0.627],[-73.163,-0.622],[-73.143,-0.61],[-73.123,-0.606],[-73.11,-0.606],[-73.098,-0.612],[-73.089,-0.621],[-73.084,-0.624],[-73.075,-0.624],[-73.072,-0.618],[-73.071,-0.603],[-73.069,-0.593],[-73.06,-0.576],[-73.055,-0.553],[-73.044,-0.536],[-73.025,-0.529],[-73.014,-0.528],[-72.998,-0.533],[-72.987,-0.539],[-72.972,-0.549],[-72.956,-0.565],[-72.949,-0.576],[-72.943,-0.596],[-72.936,-0.607],[-72.932,-0.61],[-72.921,-0.616],[-72.907,-0.618],[-72.875,-0.619],[-72.862,-0.616],[-72.852,-0.612],[-72.83,-0.598],[-72.825,-0.598],[-72.816,-0.601],[-72.811,-0.598],[-72.806,-0.586],[-72.8,-0.58],[-72.795,-0.577],[-72.788,-0.576],[-72.776,-0.58],[-72.769,-0.569],[-72.759,-0.559],[-72.753,-0.556],[-72.749,-0.557],[-72.746,-0.56],[-72.744,-0.577],[-72.741,-0.581],[-72.733,-0.586],[-72.727,-0.585],[-72.722,-0.589],[-72.714,-0.59],[-72.701,-0.605],[-72.694,-0.612],[-72.677,-0.617],[-72.676,-0.634],[-72.674,-0.636],[-72.622,-0.67],[-72.603,-0.687],[-72.563,-0.706],[-72.556,-0.707],[-72.542,-0.687],[-72.534,-0.673],[-72.527,-0.666],[-72.515,-0.66],[-72.495,-0.631],[-72.478,-0.617],[-72.467,-0.601],[-72.446,-0.581],[-72.434,-0.565],[-72.422,-0.563],[-72.416,-0.563],[-72.412,-0.565],[-72.408,-0.568],[-72.404,-0.583],[-72.409,-0.597],[-72.406,-0.604],[-72.396,-0.614],[-72.372,-0.624],[-72.358,-0.635],[-72.349,-0.64],[-72.33,-0.644],[-72.273,-0.625],[-72.263,-0.624],[-72.254,-0.616],[-72.249,-0.616],[-72.242,-0.611],[-72.235,-0.595],[-72.23,-0.59],[-72.23,-0.584],[-72.243,-0.557],[-72.243,-0.538],[-72.24,-0.531],[-72.236,-0.526],[-72.235,-0.519],[-72.235,-0.499],[-72.233,-0.491],[-72.212,-0.485],[-72.194,-0.47],[-72.192,-0.456],[-72.176,-0.435],[-72.166,-0.419],[-72.158,-0.392],[-72.158,-0.374],[-72.153,-0.363],[-72.131,-0.343],[-72.115,-0.335],[-72.108,-0.332],[-72.088,-0.333],[-72.082,-0.332],[-72.071,-0.324],[-72.067,-0.321],[-72.06,-0.308],[-72.047,-0.279],[-72.038,-0.267],[-72.034,-0.265],[-72.029,-0.265],[-72.003,-0.268],[-71.955,-0.271],[-71.922,-0.267],[-71.872,-0.269],[-71.858,-0.269],[-71.846,-0.272],[-71.829,-0.272],[-71.81,-0.265],[-71.779,-0.263],[-71.766,-0.254],[-71.75,-0.251],[-71.717,-0.225],[-71.716,-0.218],[-71.717,-0.202],[-71.722,-0.189],[-71.725,-0.176],[-71.731,-0.163],[-71.732,-0.141],[-71.721,-0.116],[-71.721,-0.105],[-71.72,-0.101],[-71.705,-0.09],[-71.699,-0.079],[-71.688,-0.069],[-71.665,-0.06],[-71.641,-0.047],[-71.629,-0.036],[-71.618,-0.016],[-71.597,-0.006],[-71.583,-0.003],[-71.569,-0.003],[-71.541,-0.001],[-71.504,0.009],[-71.482,0.018],[-71.465,0.02],[-71.438,0.021],[-71.422,0.023],[-71.398,0.031],[-71.369,0.048],[-71.361,0.064],[-71.342,0.077],[-71.333,0.089],[-71.323,0.112],[-71.308,0.103],[-71.291,0.098],[-71.289,0.095],[-71.289,0.087],[-71.297,0.074],[-71.295,0.071],[-71.281,0.066],[-71.263,0.071],[-71.258,0.067],[-71.253,0.059],[-71.248,0.059],[-71.236,0.067],[-71.23,0.064],[-71.227,0.055],[-71.225,0.055],[-71.22,0.063],[-71.211,0.071],[-71.201,0.074],[-71.197,0.079],[-71.187,0.082],[-71.186,0.086],[-71.191,0.093],[-71.191,0.096],[-71.187,0.098],[-71.178,0.095],[-71.168,0.088],[-71.157,0.072],[-71.151,0.069],[-71.147,0.066],[-71.145,0.063],[-71.144,0.054],[-71.149,0.046],[-71.149,0.04],[-71.142,0.028],[-71.137,0.01],[-71.132,0.004],[-71.125,0.003],[-71.116,0.011],[-71.113,0.024],[-71.109,0.026],[-71.104,0.027],[-71.1,0.023],[-71.097,0.008],[-71.099,-0.001],[-71.096,-0.007],[-71.09,-0.007],[-71.083,0.001],[-71.079,0.002],[-71.073,0.0],[-71.068,-0.008],[-71.065,-0.01],[-71.061,-0.01],[-71.045,-0.004],[-71.038,-0.005],[-71.035,-0.007],[-71.035,-0.011],[-71.041,-0.02],[-71.05,-0.022],[-71.053,-0.025],[-71.051,-0.034],[-71.036,-0.044],[-71.027,-0.049],[-71.02,-0.048],[-71.013,-0.043],[-71.012,-0.039],[-71.018,-0.025],[-71.018,-0.018],[-71.016,-0.013],[-71.001,-0.004],[-70.995,-0.002],[-70.982,-0.003],[-70.969,-0.008],[-70.969,-0.015],[-70.973,-0.026],[-70.96,-0.04],[-70.944,-0.041],[-70.934,-0.052],[-70.927,-0.05],[-70.925,-0.057],[-70.928,-0.061],[-70.929,-0.067],[-70.926,-0.071],[-70.931,-0.076],[-70.923,-0.081],[-70.923,-0.083],[-70.927,-0.087],[-70.918,-0.099],[-70.901,-0.101],[-70.897,-0.103],[-70.892,-0.112],[-70.892,-0.116],[-70.9,-0.133],[-70.905,-0.133],[-70.914,-0.123],[-70.925,-0.126],[-70.933,-0.13],[-70.943,-0.14],[-70.945,-0.143],[-70.947,-0.154],[-70.943,-0.164],[-70.933,-0.175],[-70.918,-0.183],[-70.916,-0.188],[-70.917,-0.198],[-70.915,-0.202],[-70.91,-0.204],[-70.889,-0.208],[-70.884,-0.213],[-70.883,-0.216],[-70.886,-0.224],[-70.874,-0.242],[-70.873,-0.247],[-70.873,-0.263],[-70.879,-0.277],[-70.878,-0.283],[-70.867,-0.291],[-70.865,-0.31],[-70.842,-0.328],[-70.842,-0.335],[-70.839,-0.341],[-70.833,-0.345],[-70.83,-0.361],[-70.826,-0.364],[-70.822,-0.366],[-70.811,-0.364],[-70.808,-0.359],[-70.808,-0.35],[-70.805,-0.346],[-70.797,-0.344],[-70.768,-0.334],[-70.759,-0.328],[-70.758,-0.322],[-70.761,-0.317],[-70.779,-0.317],[-70.781,-0.312],[-70.775,-0.302],[-70.765,-0.294],[-70.746,-0.29],[-70.744,-0.287],[-70.741,-0.287],[-70.736,-0.287],[-70.729,-0.29],[-70.726,-0.298],[-70.72,-0.302],[-70.71,-0.314],[-70.693,-0.328],[-70.69,-0.331],[-70.685,-0.345],[-70.68,-0.35],[-70.676,-0.351],[-70.671,-0.351],[-70.664,-0.347],[-70.661,-0.339],[-70.658,-0.335],[-70.637,-0.319],[-70.634,-0.319],[-70.627,-0.322],[-70.616,-0.338],[-70.61,-0.34],[-70.606,-0.347],[-70.6,-0.366],[-70.59,-0.384],[-70.588,-0.387],[-70.581,-0.391],[-70.572,-0.391],[-70.569,-0.389],[-70.568,-0.386],[-70.564,-0.369],[-70.56,-0.364],[-70.554,-0.362],[-70.548,-0.362],[-70.54,-0.368],[-70.535,-0.374],[-70.531,-0.374],[-70.53,-0.372],[-70.531,-0.362],[-70.53,-0.359],[-70.526,-0.356],[-70.52,-0.357],[-70.518,-0.359],[-70.514,-0.368],[-70.509,-0.374],[-70.496,-0.388],[-70.479,-0.398],[-70.472,-0.411],[-70.454,-0.437],[-70.449,-0.453],[-70.45,-0.461],[-70.453,-0.465],[-70.46,-0.471],[-70.465,-0.48],[-70.463,-0.491],[-70.457,-0.495],[-70.451,-0.494],[-70.439,-0.478],[-70.413,-0.465],[-70.407,-0.463],[-70.398,-0.462],[-70.393,-0.464],[-70.387,-0.47],[-70.381,-0.493],[-70.379,-0.497],[-70.375,-0.498],[-70.367,-0.496],[-70.343,-0.499],[-70.335,-0.498],[-70.323,-0.489],[-70.32,-0.478],[-70.322,-0.47],[-70.324,-0.467],[-70.328,-0.466],[-70.338,-0.472],[-70.344,-0.473],[-70.352,-0.472],[-70.363,-0.466],[-70.366,-0.462],[-70.367,-0.457],[-70.366,-0.454],[-70.359,-0.45],[-70.349,-0.449],[-70.337,-0.439],[-70.331,-0.437],[-70.319,-0.442],[-70.307,-0.44],[-70.302,-0.43],[-70.298,-0.417],[-70.289,-0.412],[-70.278,-0.413],[-70.269,-0.417],[-70.256,-0.432],[-70.251,-0.442],[-70.249,-0.443],[-70.244,-0.445],[-70.241,-0.444],[-70.229,-0.436],[-70.223,-0.435],[-70.217,-0.436],[-70.212,-0.44],[-70.201,-0.459],[-70.2,-0.464],[-70.203,-0.472],[-70.209,-0.477],[-70.235,-0.466],[-70.242,-0.467],[-70.245,-0.469],[-70.255,-0.487],[-70.265,-0.496],[-70.283,-0.504],[-70.294,-0.512],[-70.308,-0.533],[-70.319,-0.547],[-70.325,-0.556],[-70.327,-0.564],[-70.327,-0.573],[-70.326,-0.578],[-70.323,-0.582],[-70.312,-0.588],[-70.309,-0.588],[-70.303,-0.584],[-70.301,-0.578],[-70.304,-0.563],[-70.301,-0.557],[-70.294,-0.555],[-70.281,-0.557],[-70.275,-0.567],[-70.269,-0.573],[-70.264,-0.582],[-70.259,-0.602],[-70.261,-0.615],[-70.255,-0.627],[-70.257,-0.646],[-70.261,-0.651],[-70.254,-0.668],[-70.254,-0.676],[-70.26,-0.693],[-70.263,-0.702],[-70.263,-0.71],[-70.26,-0.719],[-70.252,-0.727],[-70.249,-0.732],[-70.249,-0.737],[-70.251,-0.742],[-70.254,-0.745],[-70.264,-0.746],[-70.278,-0.744],[-70.283,-0.746],[-70.29,-0.751],[-70.294,-0.762],[-70.297,-0.787],[-70.296,-0.793],[-70.289,-0.81],[-70.275,-0.821],[-70.263,-0.827],[-70.258,-0.832],[-70.237,-0.866],[-70.231,-0.873],[-70.224,-0.878],[-70.221,-0.883],[-70.221,-0.889],[-70.225,-0.895],[-70.243,-0.903],[-70.248,-0.907],[-70.251,-0.91],[-70.253,-0.916],[-70.254,-0.926],[-70.258,-0.934],[-70.262,-0.937],[-70.27,-0.939],[-70.285,-0.932],[-70.29,-0.932],[-70.295,-0.935],[-70.305,-0.952],[-70.307,-0.96],[-70.307,-0.966],[-70.301,-0.979],[-70.279,-1.004],[-70.26,-1.017],[-70.253,-1.019],[-70.241,-1.019],[-70.233,-1.015],[-70.23,-1.01],[-70.227,-0.993],[-70.224,-0.988],[-70.219,-0.983],[-70.208,-0.981],[-70.199,-0.983],[-70.197,-0.985],[-70.195,-0.988],[-70.195,-0.993],[-70.199,-1.006],[-70.202,-1.011],[-70.22,-1.026],[-70.225,-1.032],[-70.228,-1.042],[-70.228,-1.047],[-70.222,-1.059],[-70.213,-1.067],[-70.206,-1.069],[-70.182,-1.072],[-70.178,-1.074],[-70.176,-1.079],[-70.178,-1.091],[-70.177,-1.101],[-70.173,-1.109],[-70.168,-1.113],[-70.151,-1.116],[-70.131,-1.111],[-70.127,-1.108],[-70.121,-1.102],[-70.114,-1.077],[-70.082,-1.044],[-70.078,-1.036],[-70.078,-1.029],[-70.08,-1.02],[-70.084,-1.013],[-70.089,-1.011],[-70.104,-1.009],[-70.112,-1.013],[-70.122,-1.021],[-70.129,-1.02],[-70.134,-1.016],[-70.139,-1.005],[-70.139,-0.995],[-70.137,-0.99],[-70.126,-0.976],[-70.099,-0.951],[-70.083,-0.946],[-70.073,-0.946],[-70.067,-0.951],[-70.056,-0.965],[-70.051,-0.975],[-70.044,-0.979],[-70.034,-0.978],[-70.029,-0.976],[-70.024,-0.971],[-70.023,-0.967],[-70.026,-0.952],[-70.025,-0.941],[-70.021,-0.936],[-70.017,-0.936],[-70.008,-0.937],[-70.003,-0.941],[-70.0,-0.945],[-70.0,-0.95],[-70.006,-0.957],[-70.008,-0.963],[-70.005,-0.971],[-70.001,-0.974],[-69.99,-0.976],[-69.964,-0.969],[-69.956,-0.964],[-69.946,-0.948],[-69.94,-0.946],[-69.931,-0.949],[-69.913,-0.96],[-69.903,-0.969],[-69.902,-0.973],[-69.903,-0.977],[-69.905,-0.979],[-69.91,-0.979],[-69.916,-0.972],[-69.919,-0.971],[-69.934,-0.982],[-69.951,-0.992],[-69.954,-0.995],[-69.956,-1.0],[-69.954,-1.006],[-69.943,-1.023],[-69.942,-1.031],[-69.944,-1.038],[-69.959,-1.049],[-69.967,-1.06],[-69.971,-1.065],[-69.972,-1.074],[-69.971,-1.08],[-69.967,-1.088],[-69.958,-1.095],[-69.951,-1.097],[-69.939,-1.096],[-69.931,-1.093],[-69.917,-1.083],[-69.911,-1.081],[-69.892,-1.081],[-69.879,-1.079],[-69.871,-1.074],[-69.866,-1.065],[-69.86,-1.049],[-69.853,-1.039],[-69.845,-1.03],[-69.835,-1.028],[-69.824,-1.028],[-69.818,-1.031],[-69.785,-1.085],[-69.776,-1.093],[-69.759,-1.097],[-69.752,-1.098],[-69.742,-1.095],[-69.737,-1.092],[-69.734,-1.084],[-69.736,-1.078],[-69.739,-1.077],[-69.742,-1.076],[-69.752,-1.076],[-69.755,-1.075],[-69.759,-1.07],[-69.765,-1.063],[-69.77,-1.045],[-69.775,-1.04],[-69.771,-1.036],[-69.756,-1.032],[-69.752,-1.028],[-69.75,-1.027],[-69.747,-1.029],[-69.742,-1.038],[-69.738,-1.042],[-69.734,-1.041],[-69.729,-1.037],[-69.722,-1.039],[-69.712,-1.043],[-69.7,-1.052],[-69.679,-1.084],[-69.672,-1.092],[-69.659,-1.103],[-69.649,-1.118],[-69.65,-1.131],[-69.652,-1.133],[-69.655,-1.132],[-69.658,-1.127],[-69.661,-1.117],[-69.673,-1.115],[-69.68,-1.118],[-69.681,-1.122],[-69.678,-1.137],[-69.681,-1.182],[-69.681,-1.199],[-69.675,-1.214],[-69.661,-1.227],[-69.654,-1.228],[-69.648,-1.226],[-69.643,-1.222],[-69.64,-1.218],[-69.635,-1.198],[-69.638,-1.175],[-69.636,-1.168],[-69.631,-1.165],[-69.623,-1.165],[-69.616,-1.163],[-69.609,-1.158],[-69.603,-1.152],[-69.594,-1.146],[-69.586,-1.148],[-69.581,-1.151],[-69.578,-1.158],[-69.576,-1.166],[-69.572,-1.175],[-69.57,-1.185],[-69.564,-1.194],[-69.561,-1.195],[-69.557,-1.192],[-69.552,-1.196],[-69.551,-1.192],[-69.546,-1.19],[-69.534,-1.194],[-69.508,-1.217],[-69.49,-1.217],[-69.478,-1.212],[-69.472,-1.206],[-69.467,-1.198],[-69.465,-1.19],[-69.465,-1.177],[-69.467,-1.17],[-69.472,-1.161],[-69.476,-1.158],[-69.488,-1.155],[-69.489,-1.15],[-69.487,-1.146],[-69.483,-1.144],[-69.471,-1.146],[-69.467,-1.146],[-69.464,-1.143],[-69.46,-1.136],[-69.459,-1.133],[-69.461,-1.124],[-69.47,-1.102],[-69.469,-1.089],[-69.464,-1.08],[-69.459,-1.075],[-69.448,-1.07],[-69.441,-1.07],[-69.433,-1.071],[-69.425,-1.077],[-69.397,-1.114],[-69.395,-1.126],[-69.396,-1.138],[-69.4,-1.144],[-69.407,-1.146],[-69.413,-1.155],[-69.416,-1.186],[-69.427,-1.21],[-69.431,-1.228],[-69.428,-1.243],[-69.422,-1.257],[-69.41,-1.276],[-69.407,-1.29],[-69.409,-1.319],[-69.407,-1.332],[-69.397,-1.357],[-69.397,-1.365],[-69.402,-1.369],[-69.421,-1.377],[-69.436,-1.401],[-69.433,-1.454],[-69.436,-1.463],[-69.441,-1.471],[-69.453,-1.484],[-69.457,-1.491],[-69.454,-1.515],[-69.451,-1.532],[-69.535,-2.003],[-69.599,-2.358],[-69.714,-3.003],[-69.836,-3.686],[-69.933,-4.22],[-69.936,-4.219],[-69.945,-4.227],[-69.948,-4.232],[-69.953,-4.217],[-69.962,-4.204],[-70.009,-4.155],[-70.024,-4.144],[-70.041,-4.125],[-70.052,-4.106],[-70.062,-4.083],[-70.113,-4.047],[-70.126,-4.035],[-70.14,-4.017],[-70.161,-3.987],[-70.173,-3.96],[-70.18,-3.931],[-70.187,-3.924],[-70.216,-3.915],[-70.248,-3.897],[-70.259,-3.875],[-70.269,-3.843],[-70.284,-3.824],[-70.309,-3.811],[-70.324,-3.807],[-70.338,-3.802],[-70.348,-3.8],[-70.355,-3.802],[-70.36,-3.806],[-70.372,-3.819],[-70.379,-3.823],[-70.385,-3.826],[-70.408,-3.826],[-70.415,-3.828],[-70.434,-3.848],[-70.453,-3.863],[-70.478,-3.873],[-70.515,-3.881],[-70.524,-3.88],[-70.54,-3.867],[-70.55,-3.848],[-70.555,-3.834],[-70.56,-3.827],[-70.57,-3.82],[-70.577,-3.817],[-70.589,-3.818],[-70.597,-3.822],[-70.611,-3.836],[-70.616,-3.843],[-70.619,-3.84],[-70.621,-3.84],[-70.627,-3.833],[-70.643,-3.832],[-70.653,-3.83],[-70.671,-3.806],[-70.685,-3.794],[-70.7,-3.792],[-70.706,-3.793],[-70.713,-3.797],[-70.503,-3.463],[-70.336,-3.198],[-70.08,-2.795],[-70.074,-2.79],[-70.063,-2.763],[-70.059,-2.757],[-70.066,-2.752],[-70.069,-2.729],[-70.07,-2.715],[-70.067,-2.703],[-70.066,-2.689],[-70.068,-2.675],[-70.073,-2.665],[-70.081,-2.655],[-70.086,-2.654],[-70.099,-2.656],[-70.107,-2.666],[-70.107,-2.677],[-70.115,-2.697],[-70.122,-2.702],[-70.136,-2.704],[-70.142,-2.699],[-70.16,-2.691],[-70.162,-2.683],[-70.158,-2.673],[-70.155,-2.656],[-70.157,-2.647],[-70.165,-2.637],[-70.175,-2.632],[-70.18,-2.632],[-70.183,-2.637],[-70.188,-2.652],[-70.191,-2.657],[-70.196,-2.659],[-70.206,-2.659],[-70.212,-2.655],[-70.219,-2.645],[-70.223,-2.632],[-70.223,-2.617],[-70.229,-2.582],[-70.239,-2.559],[-70.247,-2.552],[-70.256,-2.549],[-70.265,-2.549],[-70.284,-2.56],[-70.303,-2.574],[-70.315,-2.577],[-70.333,-2.578],[-70.347,-2.572],[-70.354,-2.568],[-70.357,-2.563],[-70.358,-2.556],[-70.348,-2.543],[-70.34,-2.538],[-70.331,-2.536],[-70.321,-2.537],[-70.308,-2.532],[-70.3,-2.527],[-70.295,-2.521],[-70.295,-2.512],[-70.298,-2.505],[-70.303,-2.501],[-70.319,-2.501],[-70.33,-2.499],[-70.354,-2.49],[-70.368,-2.492],[-70.386,-2.501],[-70.399,-2.516],[-70.411,-2.526],[-70.421,-2.526],[-70.433,-2.524],[-70.445,-2.512],[-70.448,-2.503],[-70.454,-2.476],[-70.464,-2.461],[-70.472,-2.454],[-70.479,-2.457],[-70.483,-2.463],[-70.497,-2.474],[-70.509,-2.476],[-70.525,-2.463],[-70.537,-2.436],[-70.551,-2.423],[-70.57,-2.418],[-70.59,-2.419],[-70.598,-2.422],[-70.595,-2.432],[-70.56,-2.442],[-70.553,-2.449],[-70.551,-2.462],[-70.558,-2.472],[-70.577,-2.48],[-70.601,-2.485],[-70.617,-2.482],[-70.632,-2.475],[-70.643,-2.459],[-70.642,-2.448],[-70.631,-2.432],[-70.628,-2.422],[-70.626,-2.408],[-70.627,-2.396],[-70.632,-2.397],[-70.642,-2.407],[-70.65,-2.41],[-70.666,-2.413],[-70.674,-2.41],[-70.677,-2.405],[-70.679,-2.399],[-70.677,-2.391],[-70.673,-2.384],[-70.664,-2.377],[-70.662,-2.363],[-70.663,-2.355],[-70.67,-2.35],[-70.697,-2.339],[-70.72,-2.335],[-70.736,-2.334],[-70.751,-2.329],[-70.762,-2.32],[-70.765,-2.304],[-70.768,-2.298],[-70.788,-2.292],[-70.817,-2.297],[-70.832,-2.295],[-70.843,-2.285],[-70.845,-2.268],[-70.854,-2.241],[-70.863,-2.226],[-70.878,-2.222],[-70.898,-2.224],[-70.908,-2.234],[-70.914,-2.245],[-70.924,-2.254],[-70.942,-2.255],[-70.958,-2.242],[-70.963,-2.225],[-70.978,-2.213],[-71.001,-2.21],[-71.014,-2.216],[-71.02,-2.229],[-71.017,-2.244],[-70.994,-2.281],[-70.989,-2.301],[-70.994,-2.307],[-71.001,-2.308],[-71.01,-2.304],[-71.016,-2.298],[-71.024,-2.282],[-71.039,-2.268],[-71.046,-2.265],[-71.09,-2.282],[-71.101,-2.283],[-71.113,-2.281],[-71.133,-2.286],[-71.143,-2.297],[-71.142,-2.308],[-71.137,-2.315],[-71.131,-2.327],[-71.129,-2.339],[-71.133,-2.344],[-71.141,-2.343],[-71.149,-2.336],[-71.162,-2.333],[-71.171,-2.344],[-71.17,-2.358],[-71.171,-2.374],[-71.176,-2.382],[-71.186,-2.384],[-71.194,-2.382],[-71.207,-2.369],[-71.212,-2.358],[-71.224,-2.342],[-71.232,-2.337],[-71.244,-2.338],[-71.26,-2.362],[-71.266,-2.377],[-71.274,-2.387],[-71.281,-2.389],[-71.289,-2.386],[-71.29,-2.381],[-71.276,-2.361],[-71.276,-2.348],[-71.281,-2.339],[-71.296,-2.336],[-71.304,-2.34],[-71.309,-2.365],[-71.317,-2.379],[-71.327,-2.383],[-71.354,-2.379],[-71.366,-2.389],[-71.383,-2.406],[-71.393,-2.41],[-71.404,-2.403],[-71.407,-2.392],[-71.4,-2.375],[-71.394,-2.367],[-71.392,-2.355],[-71.401,-2.343],[-71.415,-2.333],[-71.423,-2.329],[-71.433,-2.314],[-71.446,-2.287],[-71.453,-2.28],[-71.468,-2.272],[-71.479,-2.27],[-71.495,-2.276],[-71.5,-2.289],[-71.485,-2.318],[-71.479,-2.334],[-71.48,-2.349],[-71.485,-2.354],[-71.496,-2.356],[-71.506,-2.346],[-71.512,-2.327],[-71.515,-2.311],[-71.52,-2.301],[-71.515,-2.254],[-71.52,-2.249],[-71.533,-2.25],[-71.551,-2.242],[-71.568,-2.239],[-71.584,-2.24],[-71.599,-2.239],[-71.638,-2.202],[-71.652,-2.2],[-71.664,-2.202],[-71.679,-2.21],[-71.688,-2.219],[-71.708,-2.232],[-71.721,-2.231],[-71.728,-2.223],[-71.729,-2.209],[-71.727,-2.196],[-71.717,-2.17],[-71.719,-2.156],[-71.723,-2.143],[-71.734,-2.141],[-71.75,-2.149],[-71.745,-2.16],[-71.746,-2.17],[-71.755,-2.175],[-71.772,-2.173],[-71.782,-2.176],[-71.791,-2.185],[-71.797,-2.205],[-71.807,-2.207],[-71.82,-2.189],[-71.829,-2.187],[-71.837,-2.199],[-71.841,-2.213],[-71.854,-2.231],[-71.865,-2.278],[-71.872,-2.296],[-71.881,-2.309],[-71.887,-2.314],[-71.927,-2.308],[-71.939,-2.316],[-71.936,-2.339],[-71.92,-2.363],[-71.917,-2.371],[-71.922,-2.381],[-71.931,-2.382],[-71.937,-2.376],[-71.938,-2.361],[-71.945,-2.356],[-71.959,-2.357],[-71.969,-2.368],[-71.985,-2.371],[-72.005,-2.371],[-72.016,-2.362],[-72.029,-2.341],[-72.045,-2.336],[-72.06,-2.343],[-72.079,-2.366],[-72.086,-2.379],[-72.098,-2.39],[-72.129,-2.41],[-72.133,-2.417],[-72.132,-2.437],[-72.137,-2.454],[-72.145,-2.473],[-72.157,-2.48],[-72.166,-2.478],[-72.169,-2.47],[-72.162,-2.445],[-72.162,-2.433],[-72.171,-2.426],[-72.182,-2.431],[-72.201,-2.445],[-72.216,-2.449],[-72.227,-2.447],[-72.24,-2.43],[-72.259,-2.432],[-72.262,-2.439],[-72.258,-2.445],[-72.255,-2.453],[-72.259,-2.46],[-72.28,-2.453],[-72.286,-2.455],[-72.288,-2.47],[-72.299,-2.474],[-72.311,-2.475],[-72.328,-2.472],[-72.34,-2.48],[-72.369,-2.491],[-72.375,-2.489],[-72.38,-2.481],[-72.377,-2.467],[-72.38,-2.453],[-72.396,-2.443],[-72.408,-2.414],[-72.41,-2.413],[-72.416,-2.428],[-72.432,-2.435],[-72.449,-2.434],[-72.472,-2.419],[-72.485,-2.421],[-72.493,-2.42],[-72.499,-2.413],[-72.515,-2.413],[-72.549,-2.402],[-72.56,-2.403],[-72.566,-2.401],[-72.576,-2.394],[-72.592,-2.37],[-72.607,-2.362],[-72.619,-2.363],[-72.635,-2.358],[-72.641,-2.361],[-72.642,-2.366],[-72.635,-2.38],[-72.638,-2.392],[-72.658,-2.407],[-72.666,-2.42],[-72.666,-2.434],[-72.667,-2.441],[-72.681,-2.452],[-72.685,-2.453],[-72.691,-2.451],[-72.691,-2.439],[-72.687,-2.429],[-72.687,-2.421],[-72.694,-2.407],[-72.712,-2.386],[-72.719,-2.386],[-72.726,-2.389],[-72.731,-2.394],[-72.731,-2.412],[-72.735,-2.424],[-72.744,-2.428],[-72.753,-2.425],[-72.758,-2.412],[-72.759,-2.397],[-72.765,-2.39],[-72.771,-2.387],[-72.777,-2.385],[-72.782,-2.387],[-72.786,-2.391],[-72.791,-2.403],[-72.802,-2.411],[-72.818,-2.418],[-72.829,-2.42],[-72.843,-2.433],[-72.857,-2.44],[-72.886,-2.434],[-72.896,-2.435],[-72.92,-2.449],[-72.926,-2.455],[-72.931,-2.457],[-72.937,-2.45],[-72.93,-2.434],[-72.931,-2.418],[-72.938,-2.41],[-72.947,-2.407],[-72.952,-2.402],[-72.956,-2.386],[-72.957,-2.354],[-72.956,-2.351],[-72.951,-2.345],[-72.953,-2.337],[-72.958,-2.335],[-72.963,-2.336],[-72.971,-2.336],[-72.979,-2.341],[-72.99,-2.355],[-72.997,-2.36],[-73.003,-2.36],[-73.01,-2.353],[-73.016,-2.344],[-73.021,-2.32],[-73.024,-2.317],[-73.033,-2.314],[-73.038,-2.317],[-73.04,-2.323],[-73.042,-2.337],[-73.041,-2.348],[-73.044,-2.357],[-73.058,-2.361],[-73.068,-2.352],[-73.072,-2.34],[-73.094,-2.33],[-73.096,-2.324],[-73.111,-2.328],[-73.12,-2.327],[-73.124,-2.321],[-73.123,-2.309],[-73.117,-2.303],[-73.114,-2.296],[-73.116,-2.289],[-73.123,-2.279],[-73.142,-2.27],[-73.155,-2.258],[-73.165,-2.237],[-73.173,-2.193],[-73.168,-2.186],[-73.142,-2.188],[-73.131,-2.183],[-73.125,-2.173],[-73.117,-2.131],[-73.105,-2.123],[-73.07,-2.106],[-73.069,-2.093],[-73.073,-2.083],[-73.086,-2.085],[-73.105,-2.083],[-73.112,-2.078],[-73.114,-2.072],[-73.11,-2.064],[-73.097,-2.048],[-73.092,-2.042],[-73.093,-2.033],[-73.1,-2.027],[-73.118,-2.016],[-73.13,-1.992],[-73.127,-1.985],[-73.119,-1.975],[-73.115,-1.959],[-73.113,-1.939],[-73.115,-1.927],[-73.119,-1.912],[-73.115,-1.904],[-73.108,-1.895],[-73.108,-1.886],[-73.111,-1.874],[-73.12,-1.871],[-73.132,-1.873],[-73.142,-1.87],[-73.151,-1.863],[-73.152,-1.859],[-73.153,-1.845],[-73.144,-1.827],[-73.144,-1.82],[-73.146,-1.805],[-73.15,-1.802],[-73.172,-1.801],[-73.194,-1.789],[-73.212,-1.752],[-73.218,-1.749],[-73.226,-1.75],[-73.232,-1.762],[-73.23,-1.788],[-73.231,-1.795],[-73.235,-1.803],[-73.25,-1.807],[-73.256,-1.806],[-73.259,-1.799],[-73.246,-1.794],[-73.243,-1.79],[-73.244,-1.787],[-73.247,-1.782],[-73.252,-1.78],[-73.266,-1.783],[-73.273,-1.783],[-73.287,-1.777],[-73.293,-1.776],[-73.3,-1.777],[-73.307,-1.783],[-73.31,-1.79],[-73.31,-1.797],[-73.308,-1.804],[-73.301,-1.814],[-73.301,-1.822],[-73.304,-1.826],[-73.309,-1.828],[-73.315,-1.828],[-73.321,-1.826],[-73.324,-1.822],[-73.335,-1.802],[-73.345,-1.798],[-73.352,-1.798],[-73.363,-1.792],[-73.377,-1.776],[-73.387,-1.772],[-73.411,-1.786],[-73.428,-1.791],[-73.433,-1.787],[-73.432,-1.775],[-73.435,-1.765],[-73.454,-1.742],[-73.464,-1.735],[-73.496,-1.731],[-73.505,-1.721],[-73.521,-1.715],[-73.532,-1.708],[-73.539,-1.701],[-73.541,-1.691],[-73.537,-1.683],[-73.52,-1.67],[-73.515,-1.659],[-73.516,-1.64],[-73.51,-1.63],[-73.497,-1.615],[-73.472,-1.598],[-73.463,-1.589],[-73.457,-1.575],[-73.464,-1.567],[-73.471,-1.57],[-73.476,-1.577],[-73.485,-1.576],[-73.49,-1.571],[-73.482,-1.559],[-73.483,-1.542],[-73.479,-1.533],[-73.478,-1.523],[-73.493,-1.518],[-73.496,-1.51],[-73.487,-1.501],[-73.487,-1.493],[-73.491,-1.484],[-73.5,-1.485],[-73.51,-1.483],[-73.525,-1.473],[-73.531,-1.462],[-73.531,-1.437],[-73.536,-1.432],[-73.542,-1.43],[-73.575,-1.43],[-73.58,-1.428],[-73.58,-1.416],[-73.577,-1.413],[-73.565,-1.421],[-73.558,-1.42],[-73.552,-1.417],[-73.552,-1.398],[-73.555,-1.391],[-73.565,-1.374],[-73.578,-1.362],[-73.58,-1.341],[-73.567,-1.329],[-73.569,-1.322],[-73.572,-1.318],[-73.576,-1.319],[-73.584,-1.327],[-73.596,-1.329],[-73.605,-1.325],[-73.611,-1.319],[-73.616,-1.304],[-73.615,-1.293],[-73.619,-1.264],[-73.622,-1.263],[-73.63,-1.27],[-73.648,-1.267],[-73.658,-1.261],[-73.665,-1.248],[-73.674,-1.241],[-73.683,-1.24],[-73.694,-1.247],[-73.703,-1.247],[-73.711,-1.252],[-73.727,-1.248],[-73.74,-1.238],[-73.744,-1.2],[-73.75,-1.201],[-73.752,-1.204],[-73.755,-1.237],[-73.76,-1.252],[-73.763,-1.258],[-73.77,-1.262],[-73.784,-1.258],[-73.78,-1.245],[-73.783,-1.239],[-73.789,-1.239],[-73.795,-1.245],[-73.802,-1.25],[-73.81,-1.249],[-73.824,-1.238],[-73.853,-1.234],[-73.861,-1.229],[-73.867,-1.224],[-73.867,-1.209],[-73.871,-1.198],[-73.877,-1.192],[-73.895,-1.169],[-73.897,-1.16],[-73.895,-1.154],[-73.901,-1.139],[-73.904,-1.124],[-73.912,-1.116],[-73.922,-1.12],[-73.933,-1.132],[-73.949,-1.133],[-73.958,-1.131],[-73.963,-1.127],[-73.967,-1.121],[-73.965,-1.114],[-73.95,-1.098],[-73.957,-1.086],[-73.965,-1.082],[-73.974,-1.091],[-73.978,-1.106],[-73.995,-1.106],[-74.006,-1.099],[-74.021,-1.076],[-74.027,-1.061],[-74.024,-1.047],[-74.014,-1.021],[-74.013,-1.017],[-74.018,-1.006],[-74.029,-1.003],[-74.038,-1.021],[-74.036,-1.031],[-74.044,-1.044],[-74.057,-1.052],[-74.065,-1.054],[-74.126,-1.033],[-74.135,-1.022],[-74.173,-1.006],[-74.186,-1.011],[-74.214,-1.011],[-74.225,-1.008],[-74.236,-0.998],[-74.259,-0.987],[-74.273,-0.979],[-74.275,-0.974],[-74.275,-0.967],[-74.271,-0.959],[-74.265,-0.954],[-74.262,-0.947],[-74.262,-0.941],[-74.271,-0.93],[-74.272,-0.917],[-74.279,-0.899],[-74.284,-0.895],[-74.288,-0.894],[-74.312,-0.896],[-74.318,-0.891],[-74.32,-0.881],[-74.318,-0.875],[-74.313,-0.87],[-74.306,-0.865],[-74.302,-0.865],[-74.286,-0.872],[-74.276,-0.882],[-74.27,-0.881],[-74.267,-0.874],[-74.27,-0.854],[-74.266,-0.841],[-74.257,-0.834],[-74.247,-0.83],[-74.243,-0.821],[-74.246,-0.816],[-74.251,-0.815],[-74.268,-0.825],[-74.279,-0.828],[-74.289,-0.822],[-74.292,-0.816],[-74.286,-0.794],[-74.279,-0.787],[-74.279,-0.779],[-74.288,-0.774],[-74.295,-0.778],[-74.305,-0.794],[-74.313,-0.793],[-74.316,-0.791],[-74.319,-0.785],[-74.318,-0.778],[-74.309,-0.768],[-74.309,-0.762],[-74.313,-0.759],[-74.316,-0.754],[-74.323,-0.754],[-74.336,-0.759],[-74.344,-0.758],[-74.352,-0.754],[-74.37,-0.737],[-74.375,-0.728],[-74.377,-0.719],[-74.372,-0.714],[-74.354,-0.711],[-74.343,-0.701],[-74.34,-0.695],[-74.338,-0.686],[-74.338,-0.678],[-74.368,-0.662],[-74.374,-0.654],[-74.372,-0.646],[-74.364,-0.641],[-74.36,-0.63],[-74.363,-0.615],[-74.375,-0.609],[-74.381,-0.6],[-74.384,-0.586],[-74.39,-0.576],[-74.388,-0.559]]]]}},{"type":"Feature","properties":{"name":"Meta","iso":"CO-MET"},"geometry":{"type":"MultiPolygon","coordinates":[[[[-74.934,2.907],[-74.926,2.915],[-74.918,2.926],[-74.907,2.937],[-74.903,2.94],[-74.892,2.964],[-74.878,2.974],[-74.868,2.986],[-74.853,2.996],[-74.841,3.01],[-74.82,3.047],[-74.81,3.055],[-74.792,3.061],[-74.788,3.072],[-74.789,3.087],[-74.784,3.089],[-74.775,3.088],[-74.765,3.093],[-74.759,3.099],[-74.754,3.112],[-74.75,3.118],[-74.74,3.129],[-74.725,3.141],[-74.722,3.156],[-74.715,3.169],[-74.715,3.179],[-74.713,3.181],[-74.694,3.181],[-74.683,3.186],[-74.67,3.201],[-74.665,3.223],[-74.661,3.236],[-74.65,3.254],[-74.635,3.274],[-74.624,3.283],[-74.623,3.289],[-74.63,3.296],[-74.629,3.311],[-74.616,3.326],[-74.616,3.333],[-74.62,3.341],[-74.635,3.354],[-74.637,3.359],[-74.637,3.366],[-74.633,3.376],[-74.613,3.411],[-74.613,3.416],[-74.615,3.425],[-74.611,3.438],[-74.614,3.449],[-74.618,3.456],[-74.632,3.463],[-74.634,3.469],[-74.626,3.475],[-74.617,3.486],[-74.603,3.51],[-74.593,3.522],[-74.585,3.528],[-74.571,3.525],[-74.562,3.526],[-74.554,3.535],[-74.535,3.558],[-74.529,3.58],[-74.518,3.6],[-74.512,3.623],[-74.503,3.641],[-74.493,3.648],[-74.482,3.662],[-74.468,3.668],[-74.463,3.675],[-74.46,3.683],[-74.455,3.689],[-74.438,3.698],[-74.429,3.706],[-74.419,3.72],[-74.413,3.734],[-74.413,3.738],[-74.416,3.741],[-74.412,3.741],[-74.407,3.738],[-74.402,3.738],[-74.4,3.74],[-74.399,3.754],[-74.396,3.755],[-74.391,3.752],[-74.389,3.752],[-74.388,3.754],[-74.388,3.76],[-74.394,3.768],[-74.393,3.772],[-74.389,3.773],[-74.379,3.777],[-74.377,3.78],[-74.377,3.782],[-74.373,3.783],[-74.363,3.789],[-74.355,3.8],[-74.354,3.807],[-74.349,3.808],[-74.344,3.812],[-74.337,3.812],[-74.338,3.822],[-74.337,3.823],[-74.333,3.823],[-74.331,3.819],[-74.327,3.818],[-74.32,3.827],[-74.315,3.828],[-74.31,3.818],[-74.3,3.817],[-74.297,3.819],[-74.294,3.826],[-74.295,3.832],[-74.3,3.839],[-74.307,3.84],[-74.305,3.852],[-74.312,3.865],[-74.314,3.871],[-74.319,3.874],[-74.319,3.879],[-74.313,3.885],[-74.301,3.884],[-74.293,3.888],[-74.278,3.906],[-74.276,3.911],[-74.273,3.924],[-74.27,3.927],[-74.261,3.928],[-74.257,3.93],[-74.258,3.942],[-74.261,3.946],[-74.261,3.949],[-74.252,3.949],[-74.249,3.952],[-74.246,3.957],[-74.242,3.96],[-74.238,3.971],[-74.234,3.976],[-74.232,3.988],[-74.227,3.997],[-74.222,4.001],[-74.218,4.008],[-74.207,4.014],[-74.198,4.016],[-74.194,4.015],[-74.193,4.012],[-74.183,4.009],[-74.176,4.016],[-74.17,4.016],[-74.164,4.018],[-74.156,4.012],[-74.156,4.007],[-74.153,4.003],[-74.144,4.003],[-74.128,4.001],[-74.126,4.002],[-74.126,4.006],[-74.124,4.009],[-74.119,4.011],[-74.115,4.01],[-74.103,4.012],[-74.101,4.013],[-74.1,4.018],[-74.094,4.023],[-74.093,4.027],[-74.088,4.029],[-74.082,4.039],[-74.077,4.043],[-74.077,4.051],[-74.068,4.059],[-74.064,4.061],[-74.063,4.057],[-74.061,4.056],[-74.052,4.065],[-74.038,4.061],[-74.034,4.062],[-74.034,4.067],[-74.037,4.072],[-74.036,4.084],[-74.032,4.092],[-74.024,4.102],[-74.013,4.105],[-74.006,4.106],[-74.002,4.105],[-73.999,4.102],[-73.994,4.101],[-73.987,4.107],[-73.985,4.103],[-73.976,4.104],[-73.974,4.097],[-73.971,4.097],[-73.954,4.113],[-73.946,4.12],[-73.943,4.13],[-73.933,4.148],[-73.926,4.145],[-73.923,4.144],[-73.918,4.149],[-73.913,4.149],[-73.902,4.144],[-73.897,4.143],[-73.887,4.152],[-73.879,4.155],[-73.873,4.166],[-73.866,4.167],[-73.86,4.173],[-73.852,4.173],[-73.847,4.176],[-73.837,4.176],[-73.836,4.178],[-73.834,4.179],[-73.824,4.176],[-73.82,4.177],[-73.818,4.179],[-73.819,4.187],[-73.816,4.191],[-73.815,4.196],[-73.811,4.202],[-73.802,4.197],[-73.798,4.198],[-73.795,4.202],[-73.77,4.196],[-73.757,4.195],[-73.753,4.192],[-73.748,4.194],[-73.743,4.199],[-73.742,4.2],[-73.748,4.203],[-73.754,4.211],[-73.756,4.229],[-73.764,4.238],[-73.759,4.242],[-73.759,4.245],[-73.754,4.252],[-73.751,4.259],[-73.745,4.264],[-73.744,4.267],[-73.753,4.271],[-73.763,4.279],[-73.768,4.288],[-73.779,4.295],[-73.784,4.302],[-73.782,4.322],[-73.784,4.333],[-73.793,4.359],[-73.792,4.379],[-73.795,4.382],[-73.801,4.384],[-73.805,4.39],[-73.805,4.393],[-73.81,4.398],[-73.812,4.402],[-73.812,4.408],[-73.806,4.423],[-73.796,4.435],[-73.792,4.437],[-73.785,4.444],[-73.777,4.448],[-73.761,4.452],[-73.756,4.452],[-73.741,4.457],[-73.734,4.475],[-73.734,4.481],[-73.738,4.484],[-73.738,4.486],[-73.73,4.491],[-73.725,4.502],[-73.713,4.513],[-73.703,4.519],[-73.691,4.52],[-73.686,4.519],[-73.685,4.526],[-73.681,4.531],[-73.661,4.545],[-73.651,4.548],[-73.645,4.547],[-73.632,4.556],[-73.62,4.56],[-73.611,4.556],[-73.6,4.547],[-73.582,4.544],[-73.567,4.525],[-73.572,4.523],[-73.574,4.52],[-73.582,4.499],[-73.586,4.496],[-73.598,4.492],[-73.601,4.488],[-73.598,4.476],[-73.602,4.471],[-73.601,4.464],[-73.604,4.462],[-73.602,4.455],[-73.593,4.446],[-73.589,4.436],[-73.573,4.42],[-73.576,4.399],[-73.572,4.387],[-73.572,4.374],[-73.554,4.352],[-73.554,4.34],[-73.548,4.329],[-73.55,4.311],[-73.543,4.304],[-73.526,4.293],[-73.514,4.292],[-73.498,4.286],[-73.485,4.286],[-73.475,4.28],[-73.468,4.278],[-73.464,4.28],[-73.454,4.287],[-73.444,4.289],[-73.432,4.304],[-73.423,4.306],[-73.413,4.312],[-73.398,4.317],[-73.386,4.319],[-73.366,4.319],[-73.351,4.321],[-73.32,4.304],[-73.288,4.297],[-73.271,4.289],[-73.261,4.291],[-73.244,4.288],[-73.223,4.282],[-73.214,4.276],[-73.203,4.274],[-73.2,4.269],[-73.193,4.264],[-73.191,4.259],[-73.184,4.256],[-73.178,4.246],[-73.172,4.246],[-73.169,4.24],[-73.145,4.224],[-73.144,4.221],[-73.146,4.216],[-73.142,4.217],[-73.136,4.215],[-73.124,4.26],[-73.053,4.736],[-73.051,4.737],[-73.049,4.731],[-73.054,4.701],[-73.051,4.697],[-73.05,4.692],[-73.044,4.688],[-73.041,4.682],[-73.037,4.665],[-73.028,4.656],[-73.017,4.641],[-73.007,4.632],[-73.003,4.625],[-72.998,4.62],[-72.982,4.61],[-72.971,4.597],[-72.965,4.584],[-72.962,4.574],[-72.949,4.556],[-72.945,4.549],[-72.932,4.534],[-72.926,4.518],[-72.915,4.512],[-72.91,4.504],[-72.906,4.496],[-72.899,4.489],[-72.896,4.479],[-72.89,4.473],[-72.875,4.462],[-72.871,4.455],[-72.861,4.453],[-72.845,4.445],[-72.843,4.442],[-72.844,4.431],[-72.829,4.43],[-72.819,4.436],[-72.811,4.431],[-72.81,4.426],[-72.816,4.415],[-72.815,4.411],[-72.805,4.403],[-72.805,4.398],[-72.809,4.393],[-72.809,4.389],[-72.807,4.387],[-72.803,4.388],[-72.792,4.399],[-72.789,4.401],[-72.785,4.4],[-72.783,4.394],[-72.785,4.389],[-72.79,4.388],[-72.798,4.384],[-72.801,4.381],[-72.801,4.378],[-72.799,4.375],[-72.783,4.374],[-72.781,4.371],[-72.773,4.37],[-72.769,4.365],[-72.767,4.361],[-72.768,4.356],[-72.77,4.354],[-72.777,4.355],[-72.778,4.351],[-72.774,4.347],[-72.772,4.348],[-72.771,4.35],[-72.766,4.35],[-72.762,4.346],[-72.763,4.344],[-72.766,4.342],[-72.768,4.338],[-72.769,4.334],[-72.764,4.331],[-72.751,4.33],[-72.745,4.328],[-72.74,4.322],[-72.741,4.314],[-72.743,4.313],[-72.742,4.309],[-72.738,4.309],[-72.733,4.307],[-72.718,4.297],[-72.709,4.296],[-72.702,4.288],[-72.697,4.286],[-72.692,4.288],[-72.689,4.292],[-72.686,4.304],[-72.687,4.311],[-72.685,4.314],[-72.675,4.317],[-72.665,4.317],[-72.65,4.308],[-72.629,4.301],[-72.619,4.302],[-72.608,4.31],[-72.598,4.309],[-72.593,4.313],[-72.584,4.311],[-72.577,4.305],[-72.57,4.304],[-72.565,4.306],[-72.562,4.314],[-72.562,4.32],[-72.564,4.324],[-72.573,4.329],[-72.574,4.332],[-72.573,4.336],[-72.561,4.343],[-72.541,4.341],[-72.53,4.344],[-72.522,4.344],[-72.508,4.336],[-72.486,4.331],[-72.477,4.321],[-72.474,4.318],[-72.471,4.317],[-72.452,4.329],[-72.435,4.353],[-72.433,4.354],[-72.429,4.355],[-72.419,4.349],[-72.415,4.344],[-72.418,4.325],[-72.417,4.322],[-72.413,4.32],[-72.405,4.319],[-72.399,4.322],[-72.388,4.333],[-72.385,4.336],[-72.375,4.339],[-72.36,4.34],[-72.353,4.344],[-72.346,4.359],[-72.345,4.367],[-72.341,4.372],[-72.334,4.372],[-72.33,4.368],[-72.323,4.369],[-72.317,4.374],[-72.31,4.383],[-72.306,4.392],[-72.298,4.4],[-72.289,4.415],[-72.275,4.413],[-72.257,4.418],[-72.253,4.422],[-72.248,4.433],[-72.237,4.435],[-72.218,4.433],[-72.209,4.433],[-72.203,4.432],[-72.199,4.429],[-72.181,4.434],[-72.17,4.438],[-72.163,4.439],[-72.159,4.442],[-72.141,4.44],[-72.123,4.431],[-72.115,4.43],[-72.108,4.426],[-72.088,4.42],[-72.079,4.415],[-72.07,4.407],[-72.069,4.403],[-72.07,4.396],[-72.066,4.385],[-72.063,4.381],[-72.055,4.376],[-72.051,4.376],[-72.035,4.384],[-72.028,4.386],[-72.01,4.385],[-71.986,4.387],[-71.975,4.393],[-71.965,4.408],[-71.958,4.411],[-71.956,4.414],[-71.957,4.42],[-71.938,4.436],[-71.933,4.443],[-71.932,4.447],[-71.919,4.453],[-71.905,4.467],[-71.901,4.474],[-71.897,4.479],[-71.894,4.494],[-71.89,4.498],[-71.867,4.515],[-71.851,4.523],[-71.848,4.527],[-71.845,4.535],[-71.835,4.543],[-71.832,4.558],[-71.828,4.566],[-71.82,4.571],[-71.808,4.583],[-71.801,4.586],[-71.79,4.586],[-71.776,4.58],[-71.767,4.581],[-71.745,4.575],[-71.733,4.576],[-71.719,4.586],[-71.683,4.601],[-71.668,4.61],[-71.653,4.613],[-71.645,4.616],[-71.635,4.623],[-71.616,4.64],[-71.607,4.639],[-71.603,4.641],[-71.597,4.646],[-71.593,4.655],[-71.579,4.673],[-71.576,4.676],[-71.565,4.679],[-71.555,4.679],[-71.541,4.684],[-71.537,4.684],[-71.533,4.681],[-71.524,4.682],[-71.517,4.686],[-71.514,4.694],[-71.508,4.698],[-71.493,4.702],[-71.485,4.707],[-71.474,4.708],[-71.464,4.712],[-71.437,4.718],[-71.433,4.722],[-71.425,4.725],[-71.405,4.742],[-71.396,4.752],[-71.39,4.757],[-71.385,4.756],[-71.377,4.751],[-71.359,4.755],[-71.356,4.756],[-71.352,4.767],[-71.346,4.769],[-71.326,4.771],[-71.319,4.775],[-71.312,4.786],[-71.304,4.796],[-71.29,4.804],[-71.281,4.806],[-71.263,4.806],[-71.238,4.815],[-71.214,4.816],[-71.196,4.825],[-71.178,4.838],[-71.167,4.844],[-71.156,4.856],[-71.141,4.869],[-71.128,4.885],[-71.119,4.887],[-71.112,4.885],[-71.107,4.886],[-71.105,4.889],[-71.104,4.897],[-71.103,4.9],[-71.095,4.908],[-71.092,4.908],[-71.09,4.911],[-71.086,4.91],[-71.082,4.913],[-71.083,4.923],[-71.081,4.925],[-71.078,4.925],[-71.078,4.582],[-71.077,4.123],[-71.078,3.577],[-71.078,3.356],[-71.077,2.882],[-71.081,2.884],[-71.096,2.878],[-71.099,2.874],[-71.111,2.873],[-71.118,2.877],[-71.127,2.891],[-71.129,2.893],[-71.136,2.902],[-71.141,2.9],[-71.139,2.889],[-71.139,2.882],[-71.142,2.877],[-71.147,2.874],[-71.153,2.872],[-71.158,2.875],[-71.165,2.883],[-71.176,2.902],[-71.185,2.904],[-71.188,2.892],[-71.192,2.89],[-71.197,2.889],[-71.203,2.891],[-71.209,2.89],[-71.212,2.886],[-71.22,2.869],[-71.224,2.865],[-71.245,2.861],[-71.249,2.864],[-71.251,2.88],[-71.254,2.884],[-71.261,2.884],[-71.267,2.881],[-71.275,2.869],[-71.28,2.867],[-71.288,2.868],[-71.295,2.871],[-71.299,2.877],[-71.3,2.905],[-71.303,2.917],[-71.307,2.921],[-71.319,2.925],[-71.326,2.924],[-71.33,2.92],[-71.331,2.917],[-71.332,2.909],[-71.328,2.893],[-71.333,2.884],[-71.339,2.869],[-71.345,2.86],[-71.349,2.858],[-71.354,2.859],[-71.357,2.861],[-71.358,2.883],[-71.359,2.89],[-71.368,2.892],[-71.377,2.89],[-71.382,2.887],[-71.384,2.883],[-71.379,2.87],[-71.381,2.861],[-71.383,2.853],[-71.387,2.847],[-71.394,2.846],[-71.4,2.849],[-71.405,2.854],[-71.416,2.866],[-71.432,2.871],[-71.445,2.88],[-71.458,2.892],[-71.462,2.899],[-71.464,2.899],[-71.468,2.895],[-71.468,2.885],[-71.464,2.871],[-71.463,2.86],[-71.465,2.857],[-71.47,2.853],[-71.474,2.852],[-71.481,2.854],[-71.486,2.859],[-71.492,2.869],[-71.498,2.874],[-71.503,2.875],[-71.523,2.879],[-71.53,2.878],[-71.533,2.875],[-71.534,2.869],[-71.54,2.866],[-71.549,2.868],[-71.556,2.866],[-71.58,2.873],[-71.582,2.873],[-71.586,2.87],[-71.584,2.866],[-71.575,2.859],[-71.573,2.853],[-71.572,2.849],[-71.575,2.845],[-71.58,2.843],[-71.6,2.846],[-71.607,2.846],[-71.621,2.841],[-71.626,2.838],[-71.628,2.831],[-71.634,2.821],[-71.647,2.818],[-71.653,2.821],[-71.671,2.823],[-71.673,2.824],[-71.674,2.829],[-71.672,2.837],[-71.667,2.842],[-71.66,2.856],[-71.658,2.865],[-71.659,2.87],[-71.664,2.872],[-71.671,2.874],[-71.677,2.873],[-71.681,2.87],[-71.683,2.865],[-71.683,2.85],[-71.693,2.839],[-71.701,2.839],[-71.711,2.846],[-71.727,2.86],[-71.741,2.882],[-71.747,2.889],[-71.754,2.895],[-71.763,2.897],[-71.766,2.894],[-71.767,2.889],[-71.759,2.87],[-71.76,2.854],[-71.77,2.829],[-71.781,2.817],[-71.786,2.818],[-71.789,2.824],[-71.79,2.83],[-71.784,2.853],[-71.785,2.86],[-71.788,2.867],[-71.793,2.872],[-71.8,2.876],[-71.824,2.878],[-71.849,2.872],[-71.851,2.87],[-71.849,2.868],[-71.834,2.872],[-71.828,2.872],[-71.822,2.868],[-71.819,2.855],[-71.825,2.84],[-71.829,2.837],[-71.851,2.842],[-71.857,2.841],[-71.874,2.838],[-71.887,2.833],[-71.916,2.827],[-71.928,2.829],[-71.939,2.833],[-71.944,2.832],[-71.959,2.829],[-71.965,2.825],[-71.98,2.803],[-71.983,2.801],[-71.995,2.822],[-71.998,2.826],[-72.004,2.829],[-72.021,2.829],[-72.05,2.816],[-72.065,2.817],[-72.079,2.822],[-72.098,2.837],[-72.103,2.847],[-72.113,2.877],[-72.117,2.882],[-72.124,2.887],[-72.135,2.889],[-72.137,2.886],[-72.14,2.87],[-72.143,2.866],[-72.149,2.863],[-72.158,2.865],[-72.172,2.874],[-72.184,2.875],[-72.194,2.873],[-72.201,2.868],[-72.204,2.863],[-72.207,2.854],[-72.206,2.847],[-72.207,2.84],[-72.203,2.817],[-72.201,2.812],[-72.192,2.801],[-72.186,2.797],[-72.184,2.789],[-72.185,2.782],[-72.192,2.772],[-72.202,2.77],[-72.211,2.772],[-72.215,2.774],[-72.231,2.79],[-72.236,2.801],[-72.245,2.812],[-72.247,2.819],[-72.258,2.824],[-72.267,2.819],[-72.271,2.815],[-72.271,2.811],[-72.27,2.806],[-72.265,2.798],[-72.265,2.79],[-72.272,2.779],[-72.276,2.777],[-72.286,2.773],[-72.294,2.773],[-72.296,2.775],[-72.301,2.782],[-72.305,2.795],[-72.312,2.8],[-72.32,2.799],[-72.336,2.79],[-72.349,2.786],[-72.357,2.781],[-72.367,2.767],[-72.372,2.755],[-72.381,2.745],[-72.389,2.736],[-72.406,2.725],[-72.411,2.725],[-72.424,2.735],[-72.435,2.74],[-72.444,2.734],[-72.467,2.734],[-72.472,2.731],[-72.47,2.726],[-72.466,2.722],[-72.463,2.714],[-72.463,2.703],[-72.465,2.697],[-72.47,2.689],[-72.475,2.687],[-72.484,2.686],[-72.495,2.687],[-72.508,2.691],[-72.52,2.7],[-72.535,2.703],[-72.538,2.7],[-72.535,2.683],[-72.543,2.68],[-72.565,2.681],[-72.57,2.675],[-72.571,2.669],[-72.57,2.666],[-72.567,2.664],[-72.558,2.662],[-72.555,2.659],[-72.554,2.655],[-72.557,2.649],[-72.56,2.647],[-72.581,2.649],[-72.584,2.646],[-72.587,2.636],[-72.589,2.633],[-72.589,2.627],[-72.582,2.613],[-72.581,2.597],[-72.579,2.593],[-72.58,2.589],[-72.584,2.585],[-72.589,2.583],[-72.594,2.582],[-72.597,2.584],[-72.597,2.589],[-72.594,2.597],[-72.594,2.606],[-72.598,2.615],[-72.603,2.621],[-72.615,2.626],[-72.622,2.625],[-72.635,2.615],[-72.641,2.612],[-72.646,2.603],[-72.646,2.598],[-72.642,2.583],[-72.643,2.578],[-72.646,2.574],[-72.651,2.572],[-72.661,2.581],[-72.662,2.587],[-72.663,2.602],[-72.666,2.61],[-72.671,2.616],[-72.683,2.623],[-72.699,2.621],[-72.708,2.608],[-72.72,2.583],[-72.733,2.574],[-72.745,2.569],[-72.758,2.572],[-72.769,2.579],[-72.785,2.586],[-72.792,2.593],[-72.792,2.605],[-72.8,2.612],[-72.811,2.616],[-72.821,2.612],[-72.827,2.607],[-72.848,2.597],[-72.858,2.585],[-72.868,2.577],[-72.879,2.576],[-72.888,2.571],[-72.891,2.571],[-72.894,2.566],[-72.898,2.562],[-72.913,2.568],[-72.919,2.564],[-72.923,2.558],[-72.923,2.554],[-72.92,2.55],[-72.919,2.54],[-72.922,2.531],[-72.933,2.524],[-72.942,2.525],[-72.949,2.523],[-72.955,2.517],[-72.957,2.511],[-72.958,2.498],[-72.955,2.495],[-72.95,2.495],[-72.942,2.502],[-72.938,2.502],[-72.934,2.499],[-72.932,2.494],[-72.928,2.476],[-72.93,2.468],[-72.934,2.465],[-72.937,2.465],[-72.953,2.479],[-72.957,2.48],[-72.963,2.48],[-72.968,2.476],[-72.971,2.466],[-72.971,2.461],[-72.963,2.454],[-72.963,2.451],[-72.965,2.449],[-72.974,2.452],[-72.985,2.453],[-72.992,2.445],[-73.013,2.432],[-73.025,2.42],[-73.03,2.413],[-73.033,2.412],[-73.035,2.414],[-73.037,2.42],[-73.037,2.431],[-73.041,2.438],[-73.044,2.438],[-73.052,2.429],[-73.06,2.43],[-73.065,2.428],[-73.07,2.426],[-73.072,2.417],[-73.075,2.414],[-73.082,2.411],[-73.094,2.394],[-73.105,2.386],[-73.109,2.381],[-73.112,2.382],[-73.114,2.385],[-73.114,2.391],[-73.117,2.407],[-73.119,2.411],[-73.124,2.412],[-73.137,2.406],[-73.14,2.401],[-73.141,2.398],[-73.138,2.394],[-73.127,2.39],[-73.124,2.386],[-73.124,2.379],[-73.127,2.377],[-73.139,2.378],[-73.148,2.372],[-73.154,2.366],[-73.158,2.365],[-73.162,2.365],[-73.166,2.368],[-73.167,2.372],[-73.167,2.38],[-73.165,2.395],[-73.168,2.4],[-73.17,2.402],[-73.18,2.398],[-73.186,2.389],[-73.194,2.387],[-73.2,2.383],[-73.217,2.386],[-73.217,2.391],[-73.211,2.4],[-73.213,2.404],[-73.217,2.406],[-73.224,2.391],[-73.227,2.389],[-73.24,2.389],[-73.249,2.382],[-73.267,2.382],[-73.268,2.38],[-73.266,2.374],[-73.263,2.373],[-73.259,2.372],[-73.247,2.374],[-73.24,2.37],[-73.238,2.366],[-73.237,2.358],[-73.238,2.352],[-73.24,2.349],[-73.243,2.347],[-73.246,2.347],[-73.254,2.356],[-73.262,2.359],[-73.269,2.359],[-73.276,2.356],[-73.295,2.339],[-73.301,2.336],[-73.311,2.346],[-73.315,2.355],[-73.32,2.36],[-73.324,2.361],[-73.332,2.361],[-73.336,2.356],[-73.335,2.353],[-73.33,2.348],[-73.329,2.344],[-73.332,2.334],[-73.336,2.33],[-73.341,2.328],[-73.355,2.324],[-73.358,2.325],[-73.36,2.333],[-73.356,2.339],[-73.347,2.346],[-73.345,2.349],[-73.345,2.357],[-73.347,2.362],[-73.349,2.365],[-73.357,2.369],[-73.362,2.368],[-73.374,2.364],[-73.374,2.333],[-73.374,2.33],[-73.378,2.326],[-73.382,2.324],[-73.388,2.325],[-73.395,2.328],[-73.397,2.333],[-73.388,2.342],[-73.387,2.347],[-73.389,2.351],[-73.397,2.355],[-73.414,2.356],[-73.419,2.355],[-73.424,2.351],[-73.422,2.334],[-73.424,2.328],[-73.431,2.325],[-73.438,2.327],[-73.441,2.334],[-73.44,2.341],[-73.433,2.351],[-73.431,2.36],[-73.433,2.37],[-73.439,2.386],[-73.442,2.388],[-73.455,2.383],[-73.456,2.38],[-73.45,2.362],[-73.446,2.352],[-73.445,2.346],[-73.447,2.342],[-73.452,2.339],[-73.46,2.339],[-73.462,2.343],[-73.462,2.352],[-73.464,2.357],[-73.469,2.362],[-73.474,2.362],[-73.479,2.359],[-73.487,2.357],[-73.5,2.359],[-73.506,2.357],[-73.508,2.353],[-73.505,2.338],[-73.507,2.335],[-73.511,2.333],[-73.517,2.335],[-73.514,2.351],[-73.515,2.356],[-73.521,2.365],[-73.523,2.372],[-73.523,2.384],[-73.528,2.388],[-73.533,2.387],[-73.54,2.377],[-73.556,2.371],[-73.559,2.368],[-73.566,2.358],[-73.572,2.355],[-73.584,2.357],[-73.586,2.362],[-73.588,2.368],[-73.582,2.377],[-73.585,2.39],[-73.589,2.39],[-73.598,2.381],[-73.616,2.378],[-73.633,2.362],[-73.633,2.357],[-73.63,2.352],[-73.625,2.349],[-73.617,2.347],[-73.614,2.342],[-73.616,2.336],[-73.62,2.332],[-73.632,2.33],[-73.635,2.324],[-73.633,2.309],[-73.628,2.299],[-73.629,2.296],[-73.635,2.287],[-73.641,2.284],[-73.645,2.284],[-73.651,2.292],[-73.656,2.295],[-73.658,1.895],[-73.659,1.615],[-73.67,1.616],[-73.686,1.621],[-73.695,1.632],[-73.707,1.633],[-73.712,1.638],[-73.721,1.639],[-73.733,1.633],[-73.739,1.64],[-73.743,1.64],[-73.746,1.643],[-73.76,1.646],[-73.765,1.65],[-73.779,1.655],[-73.782,1.655],[-73.791,1.65],[-73.795,1.654],[-73.797,1.652],[-73.8,1.654],[-73.802,1.651],[-73.806,1.653],[-73.809,1.648],[-73.815,1.652],[-73.817,1.65],[-73.827,1.648],[-73.837,1.652],[-73.84,1.651],[-73.846,1.652],[-73.853,1.654],[-73.858,1.658],[-73.863,1.654],[-73.866,1.653],[-73.867,1.651],[-73.875,1.649],[-73.88,1.651],[-73.885,1.647],[-73.895,1.644],[-73.925,1.643],[-73.93,1.645],[-73.933,1.643],[-73.937,1.647],[-73.944,1.645],[-73.95,1.641],[-73.949,1.637],[-73.954,1.632],[-73.954,1.627],[-73.957,1.625],[-73.968,1.612],[-73.974,1.602],[-73.981,1.602],[-73.986,1.607],[-73.992,1.629],[-73.997,1.633],[-73.999,1.638],[-74.0,1.644],[-73.996,1.651],[-73.997,1.655],[-74.0,1.658],[-74.015,1.659],[-74.019,1.663],[-74.023,1.662],[-74.028,1.662],[-74.039,1.662],[-74.061,1.657],[-74.075,1.645],[-74.081,1.643],[-74.091,1.642],[-74.093,1.648],[-74.097,1.651],[-74.1,1.661],[-74.1,1.663],[-74.096,1.669],[-74.098,1.677],[-74.105,1.684],[-74.108,1.692],[-74.112,1.696],[-74.117,1.696],[-74.127,1.698],[-74.13,1.696],[-74.133,1.697],[-74.153,1.715],[-74.166,1.717],[-74.174,1.721],[-74.181,1.72],[-74.197,1.714],[-74.202,1.713],[-74.206,1.715],[-74.207,1.716],[-74.208,1.727],[-74.206,1.75],[-74.21,1.762],[-74.215,1.767],[-74.226,1.767],[-74.234,1.763],[-74.257,1.758],[-74.27,1.754],[-74.275,1.756],[-74.288,1.772],[-74.301,1.78],[-74.317,1.786],[-74.344,1.791],[-74.373,1.789],[-74.383,1.791],[-74.39,1.793],[-74.399,1.803],[-74.408,1.81],[-74.415,1.812],[-74.426,1.811],[-74.45,1.812],[-74.457,1.808],[-74.47,1.806],[-74.478,1.807],[-74.5,1.818],[-74.503,1.821],[-74.504,1.827],[-74.516,1.833],[-74.527,1.836],[-74.532,1.84],[-74.541,1.842],[-74.558,1.846],[-74.565,1.849],[-74.567,1.856],[-74.566,1.876],[-74.565,1.886],[-74.56,1.896],[-74.562,1.908],[-74.57,1.92],[-74.57,1.925],[-74.567,1.929],[-74.566,1.938],[-74.568,1.953],[-74.572,1.968],[-74.588,2.009],[-74.603,2.029],[-74.604,2.046],[-74.609,2.071],[-74.608,2.077],[-74.604,2.088],[-74.596,2.097],[-74.592,2.114],[-74.599,2.141],[-74.599,2.149],[-74.599,2.161],[-74.592,2.171],[-74.588,2.183],[-74.59,2.195],[-74.594,2.202],[-74.598,2.206],[-74.627,2.202],[-74.636,2.203],[-74.65,2.207],[-74.657,2.212],[-74.664,2.22],[-74.674,2.235],[-74.68,2.256],[-74.687,2.269],[-74.686,2.272],[-74.677,2.281],[-74.677,2.285],[-74.682,2.288],[-74.698,2.286],[-74.706,2.282],[-74.71,2.276],[-74.713,2.268],[-74.721,2.262],[-74.728,2.264],[-74.733,2.273],[-74.729,2.301],[-74.729,2.307],[-74.733,2.313],[-74.733,2.331],[-74.727,2.355],[-74.71,2.381],[-74.702,2.404],[-74.697,2.413],[-74.689,2.419],[-74.677,2.423],[-74.671,2.428],[-74.668,2.437],[-74.667,2.464],[-74.664,2.475],[-74.655,2.491],[-74.651,2.496],[-74.651,2.503],[-74.687,2.527],[-74.688,2.532],[-74.686,2.546],[-74.677,2.564],[-74.664,2.578],[-74.652,2.588],[-74.639,2.609],[-74.606,2.636],[-74.593,2.651],[-74.59,2.66],[-74.591,2.666],[-74.603,2.682],[-74.614,2.688],[-74.627,2.693],[-74.636,2.699],[-74.638,2.704],[-74.634,2.714],[-74.624,2.725],[-74.619,2.737],[-74.617,2.748],[-74.62,2.752],[-74.638,2.754],[-74.643,2.774],[-74.666,2.811],[-74.664,2.83],[-74.662,2.841],[-74.663,2.855],[-74.668,2.87],[-74.67,2.881],[-74.677,2.89],[-74.689,2.894],[-74.702,2.894],[-74.716,2.888],[-74.757,2.875],[-74.766,2.877],[-74.777,2.884],[-74.783,2.89],[-74.785,2.895],[-74.786,2.929],[-74.787,2.931],[-74.795,2.933],[-74.805,2.931],[-74.814,2.926],[-74.828,2.916],[-74.829,2.912],[-74.835,2.91],[-74.845,2.91],[-74.858,2.912],[-74.87,2.912],[-74.891,2.907],[-74.934,2.907]]]]}},{"type":"Feature","properties":{"name":"Cundinamarca","iso":"CO-CUN"},"geometry":{"type":"MultiPolygon","coordinates":[[[[-74.734,5.286],[-74.733,5.294],[-74.73,5.302],[-74.726,5.307],[-74.715,5.315],[-74.708,5.343],[-74.7,5.353],[-74.699,5.356],[-74.707,5.366],[-74.707,5.371],[-74.704,5.372],[-74.697,5.365],[-74.692,5.363],[-74.685,5.367],[-74.679,5.374],[-74.678,5.379],[-74.683,5.388],[-74.684,5.399],[-74.681,5.402],[-74.667,5.405],[-74.666,5.411],[-74.666,5.417],[-74.673,5.428],[-74.676,5.436],[-74.676,5.438],[-74.672,5.441],[-74.655,5.441],[-74.652,5.444],[-74.66,5.452],[-74.664,5.466],[-74.665,5.478],[-74.668,5.491],[-74.668,5.495],[-74.674,5.512],[-74.67,5.518],[-74.651,5.526],[-74.64,5.539],[-74.641,5.549],[-74.65,5.563],[-74.653,5.575],[-74.649,5.584],[-74.645,5.589],[-74.642,5.595],[-74.645,5.606],[-74.645,5.61],[-74.637,5.623],[-74.63,5.63],[-74.636,5.659],[-74.625,5.684],[-74.623,5.697],[-74.627,5.701],[-74.638,5.708],[-74.645,5.719],[-74.649,5.722],[-74.656,5.723],[-74.661,5.728],[-74.663,5.736],[-74.659,5.751],[-74.657,5.754],[-74.654,5.752],[-74.651,5.746],[-74.651,5.739],[-74.648,5.736],[-74.644,5.737],[-74.641,5.739],[-74.639,5.754],[-74.63,5.761],[-74.626,5.76],[-74.623,5.753],[-74.621,5.754],[-74.62,5.758],[-74.618,5.759],[-74.615,5.755],[-74.61,5.754],[-74.606,5.751],[-74.605,5.746],[-74.598,5.747],[-74.595,5.746],[-74.593,5.748],[-74.593,5.759],[-74.582,5.753],[-74.573,5.755],[-74.571,5.76],[-74.563,5.758],[-74.553,5.764],[-74.552,5.77],[-74.549,5.774],[-74.545,5.778],[-74.54,5.779],[-74.539,5.785],[-74.531,5.79],[-74.522,5.789],[-74.511,5.794],[-74.504,5.793],[-74.504,5.789],[-74.508,5.789],[-74.509,5.787],[-74.497,5.778],[-74.494,5.778],[-74.493,5.783],[-74.491,5.783],[-74.489,5.781],[-74.489,5.775],[-74.487,5.772],[-74.484,5.771],[-74.481,5.775],[-74.476,5.776],[-74.474,5.777],[-74.467,5.775],[-74.463,5.776],[-74.462,5.774],[-74.463,5.769],[-74.46,5.766],[-74.458,5.765],[-74.454,5.768],[-74.451,5.762],[-74.45,5.766],[-74.444,5.764],[-74.443,5.768],[-74.441,5.769],[-74.439,5.767],[-74.438,5.76],[-74.433,5.76],[-74.428,5.762],[-74.422,5.768],[-74.417,5.766],[-74.413,5.767],[-74.413,5.771],[-74.41,5.774],[-74.398,5.782],[-74.385,5.784],[-74.377,5.796],[-74.358,5.811],[-74.349,5.819],[-74.345,5.824],[-74.344,5.831],[-74.335,5.837],[-74.333,5.827],[-74.326,5.824],[-74.321,5.814],[-74.318,5.802],[-74.315,5.8],[-74.306,5.8],[-74.302,5.798],[-74.303,5.794],[-74.311,5.784],[-74.311,5.78],[-74.308,5.774],[-74.293,5.756],[-74.289,5.746],[-74.292,5.737],[-74.301,5.725],[-74.301,5.718],[-74.298,5.709],[-74.294,5.704],[-74.288,5.7],[-74.278,5.698],[-74.277,5.695],[-74.282,5.667],[-74.285,5.664],[-74.294,5.661],[-74.306,5.649],[-74.307,5.645],[-74.307,5.639],[-74.309,5.631],[-74.315,5.623],[-74.309,5.617],[-74.3,5.584],[-74.294,5.573],[-74.287,5.567],[-74.272,5.561],[-74.262,5.562],[-74.259,5.561],[-74.252,5.554],[-74.25,5.549],[-74.244,5.545],[-74.243,5.538],[-74.248,5.531],[-74.246,5.517],[-74.25,5.504],[-74.254,5.5],[-74.253,5.497],[-74.255,5.494],[-74.254,5.487],[-74.247,5.477],[-74.245,5.475],[-74.236,5.478],[-74.226,5.491],[-74.222,5.495],[-74.211,5.497],[-74.201,5.497],[-74.197,5.494],[-74.194,5.491],[-74.187,5.475],[-74.178,5.468],[-74.176,5.462],[-74.169,5.458],[-74.161,5.448],[-74.154,5.447],[-74.153,5.445],[-74.15,5.444],[-74.148,5.448],[-74.144,5.449],[-74.139,5.445],[-74.134,5.436],[-74.125,5.433],[-74.124,5.433],[-74.121,5.438],[-74.119,5.451],[-74.115,5.457],[-74.113,5.464],[-74.113,5.473],[-74.097,5.47],[-74.096,5.439],[-74.09,5.428],[-74.078,5.414],[-74.074,5.412],[-74.068,5.405],[-74.05,5.403],[-74.031,5.388],[-74.021,5.388],[-74.021,5.385],[-74.024,5.374],[-74.023,5.365],[-74.01,5.369],[-74.0,5.368],[-73.999,5.371],[-73.991,5.375],[-73.987,5.38],[-73.987,5.387],[-73.985,5.389],[-73.983,5.389],[-73.983,5.395],[-73.984,5.396],[-73.982,5.398],[-73.981,5.404],[-73.973,5.419],[-73.966,5.42],[-73.964,5.422],[-73.952,5.424],[-73.95,5.422],[-73.949,5.424],[-73.945,5.427],[-73.942,5.434],[-73.932,5.441],[-73.927,5.441],[-73.916,5.434],[-73.912,5.433],[-73.905,5.447],[-73.899,5.449],[-73.898,5.454],[-73.902,5.465],[-73.902,5.476],[-73.904,5.48],[-73.902,5.487],[-73.908,5.5],[-73.907,5.509],[-73.911,5.511],[-73.911,5.521],[-73.908,5.526],[-73.901,5.529],[-73.89,5.513],[-73.88,5.525],[-73.877,5.522],[-73.875,5.527],[-73.867,5.534],[-73.856,5.533],[-73.848,5.546],[-73.836,5.55],[-73.832,5.554],[-73.821,5.553],[-73.812,5.562],[-73.805,5.574],[-73.8,5.559],[-73.794,5.553],[-73.789,5.55],[-73.791,5.532],[-73.786,5.507],[-73.781,5.498],[-73.771,5.489],[-73.76,5.485],[-73.755,5.486],[-73.748,5.49],[-73.747,5.489],[-73.743,5.469],[-73.736,5.472],[-73.73,5.478],[-73.726,5.479],[-73.719,5.477],[-73.717,5.473],[-73.719,5.46],[-73.717,5.456],[-73.715,5.455],[-73.71,5.458],[-73.7,5.457],[-73.691,5.447],[-73.68,5.454],[-73.677,5.45],[-73.675,5.444],[-73.678,5.435],[-73.674,5.431],[-73.666,5.427],[-73.658,5.418],[-73.644,5.415],[-73.623,5.405],[-73.602,5.402],[-73.593,5.399],[-73.59,5.39],[-73.598,5.378],[-73.6,5.371],[-73.6,5.366],[-73.596,5.358],[-73.594,5.351],[-73.596,5.339],[-73.595,5.329],[-73.602,5.322],[-73.602,5.318],[-73.596,5.316],[-73.589,5.309],[-73.579,5.302],[-73.576,5.302],[-73.567,5.306],[-73.55,5.299],[-73.544,5.29],[-73.537,5.285],[-73.533,5.281],[-73.532,5.277],[-73.533,5.273],[-73.533,5.269],[-73.527,5.259],[-73.527,5.248],[-73.524,5.243],[-73.522,5.234],[-73.518,5.231],[-73.514,5.231],[-73.521,5.223],[-73.524,5.215],[-73.522,5.204],[-73.522,5.193],[-73.516,5.192],[-73.512,5.188],[-73.507,5.185],[-73.512,5.173],[-73.51,5.17],[-73.511,5.162],[-73.505,5.154],[-73.499,5.153],[-73.484,5.154],[-73.478,5.148],[-73.484,5.142],[-73.488,5.137],[-73.488,5.132],[-73.491,5.127],[-73.491,5.116],[-73.495,5.107],[-73.491,5.101],[-73.49,5.093],[-73.484,5.089],[-73.483,5.076],[-73.48,5.063],[-73.481,5.06],[-73.479,5.055],[-73.482,5.051],[-73.488,5.05],[-73.499,5.04],[-73.503,5.04],[-73.508,5.037],[-73.512,5.037],[-73.523,5.03],[-73.522,5.029],[-73.522,5.017],[-73.517,5.013],[-73.518,5.005],[-73.515,5.004],[-73.511,5.0],[-73.51,4.997],[-73.507,4.996],[-73.515,4.99],[-73.52,4.977],[-73.527,4.967],[-73.532,4.957],[-73.541,4.951],[-73.544,4.948],[-73.547,4.935],[-73.547,4.925],[-73.542,4.913],[-73.541,4.902],[-73.538,4.895],[-73.524,4.891],[-73.52,4.882],[-73.52,4.878],[-73.489,4.885],[-73.48,4.891],[-73.471,4.894],[-73.465,4.893],[-73.452,4.882],[-73.45,4.883],[-73.445,4.89],[-73.425,4.88],[-73.409,4.88],[-73.402,4.879],[-73.394,4.865],[-73.393,4.854],[-73.391,4.85],[-73.383,4.847],[-73.379,4.844],[-73.376,4.84],[-73.374,4.831],[-73.366,4.824],[-73.371,4.81],[-73.371,4.803],[-73.369,4.799],[-73.37,4.8],[-73.361,4.796],[-73.341,4.792],[-73.334,4.788],[-73.322,4.779],[-73.314,4.769],[-73.309,4.75],[-73.306,4.747],[-73.309,4.737],[-73.305,4.731],[-73.29,4.724],[-73.285,4.723],[-73.271,4.738],[-73.268,4.74],[-73.247,4.734],[-73.234,4.736],[-73.223,4.731],[-73.221,4.728],[-73.221,4.725],[-73.227,4.715],[-73.233,4.695],[-73.224,4.679],[-73.221,4.678],[-73.217,4.677],[-73.206,4.68],[-73.196,4.673],[-73.161,4.663],[-73.149,4.656],[-73.145,4.657],[-73.135,4.664],[-73.127,4.666],[-73.121,4.671],[-73.111,4.661],[-73.105,4.661],[-73.092,4.677],[-73.09,4.682],[-73.09,4.691],[-73.083,4.696],[-73.08,4.706],[-73.075,4.715],[-73.074,4.719],[-73.077,4.727],[-73.071,4.739],[-73.068,4.741],[-73.06,4.736],[-73.051,4.737],[-73.053,4.736],[-73.124,4.26],[-73.136,4.215],[-73.142,4.217],[-73.146,4.216],[-73.144,4.221],[-73.145,4.224],[-73.169,4.24],[-73.172,4.246],[-73.178,4.246],[-73.184,4.256],[-73.191,4.259],[-73.193,4.264],[-73.2,4.269],[-73.203,4.274],[-73.214,4.276],[-73.223,4.282],[-73.244,4.288],[-73.261,4.291],[-73.271,4.289],[-73.288,4.297],[-73.32,4.304],[-73.351,4.321],[-73.366,4.319],[-73.386,4.319],[-73.398,4.317],[-73.413,4.312],[-73.423,4.306],[-73.432,4.304],[-73.444,4.289],[-73.454,4.287],[-73.464,4.28],[-73.468,4.278],[-73.475,4.28],[-73.485,4.286],[-73.498,4.286],[-73.514,4.292],[-73.526,4.293],[-73.543,4.304],[-73.55,4.311],[-73.548,4.329],[-73.554,4.34],[-73.554,4.352],[-73.572,4.374],[-73.572,4.387],[-73.576,4.399],[-73.573,4.42],[-73.589,4.436],[-73.593,4.446],[-73.602,4.455],[-73.604,4.462],[-73.601,4.464],[-73.602,4.471],[-73.598,4.476],[-73.601,4.488],[-73.598,4.492],[-73.586,4.496],[-73.582,4.499],[-73.574,4.52],[-73.572,4.523],[-73.567,4.525],[-73.582,4.544],[-73.6,4.547],[-73.611,4.556],[-73.62,4.56],[-73.632,4.556],[-73.645,4.547],[-73.651,4.548],[-73.661,4.545],[-73.681,4.531],[-73.685,4.526],[-73.686,4.519],[-73.691,4.52],[-73.703,4.519],[-73.713,4.513],[-73.725,4.502],[-73.73,4.491],[-73.738,4.486],[-73.738,4.484],[-73.734,4.481],[-73.734,4.475],[-73.741,4.457],[-73.756,4.452],[-73.761,4.452],[-73.777,4.448],[-73.785,4.444],[-73.792,4.437],[-73.796,4.435],[-73.806,4.423],[-73.812,4.408],[-73.812,4.402],[-73.81,4.398],[-73.805,4.393],[-73.805,4.39],[-73.801,4.384],[-73.795,4.382],[-73.792,4.379],[-73.793,4.359],[-73.784,4.333],[-73.782,4.322],[-73.784,4.302],[-73.779,4.295],[-73.768,4.288],[-73.763,4.279],[-73.753,4.271],[-73.744,4.267],[-73.745,4.264],[-73.751,4.259],[-73.754,4.252],[-73.759,4.245],[-73.759,4.242],[-73.764,4.238],[-73.756,4.229],[-73.754,4.211],[-73.748,4.203],[-73.742,4.2],[-73.743,4.199],[-73.748,4.194],[-73.753,4.192],[-73.757,4.195],[-73.77,4.196],[-73.795,4.202],[-73.798,4.198],[-73.802,4.197],[-73.811,4.202],[-73.815,4.196],[-73.816,4.191],[-73.819,4.187],[-73.818,4.179],[-73.82,4.177],[-73.824,4.176],[-73.834,4.179],[-73.836,4.178],[-73.837,4.176],[-73.847,4.176],[-73.852,4.173],[-73.86,4.173],[-73.866,4.167],[-73.873,4.166],[-73.879,4.155],[-73.887,4.152],[-73.897,4.143],[-73.902,4.144],[-73.913,4.149],[-73.918,4.149],[-73.923,4.144],[-73.926,4.145],[-73.933,4.148],[-73.943,4.13],[-73.946,4.12],[-73.954,4.113],[-73.971,4.097],[-73.974,4.097],[-73.976,4.104],[-73.985,4.103],[-73.987,4.107],[-73.994,4.101],[-73.999,4.102],[-74.002,4.105],[-74.006,4.106],[-74.013,4.105],[-74.024,4.102],[-74.032,4.092],[-74.036,4.084],[-74.037,4.072],[-74.034,4.067],[-74.034,4.062],[-74.038,4.061],[-74.052,4.065],[-74.061,4.056],[-74.063,4.057],[-74.064,4.061],[-74.068,4.059],[-74.077,4.051],[-74.077,4.043],[-74.082,4.039],[-74.088,4.029],[-74.093,4.027],[-74.094,4.023],[-74.1,4.018],[-74.101,4.013],[-74.103,4.012],[-74.115,4.01],[-74.119,4.011],[-74.124,4.009],[-74.126,4.006],[-74.126,4.002],[-74.128,4.001],[-74.144,4.003],[-74.138,4.014],[-74.14,4.02],[-74.139,4.025],[-74.131,4.039],[-74.125,4.056],[-74.125,4.065],[-74.132,4.076],[-74.132,4.082],[-74.13,4.09],[-74.126,4.094],[-74.121,4.098],[-74.13,4.104],[-74.131,4.114],[-74.128,4.125],[-74.108,4.134],[-74.107,4.138],[-74.114,4.155],[-74.109,4.17],[-74.111,4.179],[-74.109,4.182],[-74.12,4.182],[-74.124,4.187],[-74.126,4.195],[-74.134,4.203],[-74.136,4.208],[-74.135,4.221],[-74.135,4.23],[-74.143,4.238],[-74.15,4.25],[-74.151,4.254],[-74.128,4.303],[-74.122,4.31],[-74.115,4.313],[-74.115,4.319],[-74.106,4.331],[-74.098,4.351],[-74.096,4.37],[-74.101,4.377],[-74.114,4.385],[-74.114,4.387],[-74.115,4.404],[-74.112,4.433],[-74.108,4.445],[-74.101,4.454],[-74.086,4.461],[-74.078,4.463],[-74.076,4.465],[-74.073,4.5],[-74.073,4.511],[-74.06,4.511],[-74.056,4.509],[-74.051,4.512],[-74.045,4.512],[-74.041,4.517],[-74.038,4.53],[-74.031,4.544],[-74.029,4.55],[-74.03,4.558],[-74.026,4.559],[-74.015,4.559],[-74.006,4.562],[-74.005,4.581],[-74.001,4.595],[-73.997,4.602],[-73.999,4.607],[-73.996,4.617],[-74.001,4.617],[-74.005,4.624],[-74.011,4.627],[-74.015,4.636],[-74.033,4.636],[-74.031,4.645],[-74.027,4.654],[-74.026,4.661],[-74.023,4.663],[-74.017,4.662],[-74.01,4.663],[-74.007,4.666],[-74.003,4.675],[-74.003,4.678],[-74.011,4.684],[-74.011,4.691],[-74.014,4.697],[-74.009,4.719],[-74.007,4.741],[-74.01,4.757],[-74.017,4.76],[-74.018,4.767],[-74.016,4.777],[-74.016,4.793],[-74.013,4.797],[-74.0,4.803],[-74.0,4.806],[-74.005,4.811],[-74.005,4.817],[-74.011,4.821],[-74.031,4.823],[-74.036,4.828],[-74.042,4.83],[-74.044,4.832],[-74.046,4.83],[-74.05,4.831],[-74.053,4.833],[-74.056,4.829],[-74.06,4.829],[-74.061,4.828],[-74.063,4.836],[-74.064,4.83],[-74.066,4.836],[-74.068,4.833],[-74.067,4.828],[-74.071,4.829],[-74.072,4.835],[-74.075,4.837],[-74.087,4.832],[-74.081,4.826],[-74.079,4.822],[-74.082,4.816],[-74.083,4.822],[-74.087,4.821],[-74.087,4.816],[-74.083,4.814],[-74.085,4.812],[-74.08,4.81],[-74.089,4.803],[-74.087,4.802],[-74.089,4.801],[-74.088,4.798],[-74.092,4.797],[-74.087,4.797],[-74.087,4.796],[-74.094,4.791],[-74.096,4.795],[-74.096,4.799],[-74.101,4.799],[-74.103,4.795],[-74.102,4.797],[-74.105,4.797],[-74.108,4.789],[-74.112,4.787],[-74.112,4.79],[-74.11,4.79],[-74.112,4.791],[-74.114,4.788],[-74.114,4.786],[-74.112,4.785],[-74.115,4.786],[-74.114,4.782],[-74.117,4.781],[-74.115,4.781],[-74.114,4.78],[-74.117,4.777],[-74.114,4.778],[-74.117,4.772],[-74.114,4.772],[-74.118,4.767],[-74.115,4.768],[-74.117,4.762],[-74.121,4.76],[-74.12,4.754],[-74.125,4.754],[-74.122,4.747],[-74.124,4.75],[-74.127,4.751],[-74.128,4.749],[-74.126,4.749],[-74.125,4.747],[-74.13,4.746],[-74.132,4.741],[-74.129,4.737],[-74.126,4.737],[-74.128,4.736],[-74.126,4.729],[-74.129,4.727],[-74.13,4.731],[-74.135,4.728],[-74.137,4.731],[-74.149,4.725],[-74.151,4.723],[-74.157,4.723],[-74.157,4.725],[-74.158,4.725],[-74.16,4.72],[-74.169,4.715],[-74.172,4.711],[-74.171,4.709],[-74.171,4.705],[-74.177,4.703],[-74.174,4.701],[-74.169,4.701],[-74.172,4.697],[-74.172,4.694],[-74.17,4.69],[-74.167,4.688],[-74.174,4.682],[-74.175,4.677],[-74.172,4.675],[-74.17,4.669],[-74.16,4.667],[-74.161,4.665],[-74.159,4.663],[-74.162,4.663],[-74.163,4.659],[-74.167,4.66],[-74.168,4.656],[-74.172,4.657],[-74.18,4.653],[-74.185,4.647],[-74.184,4.653],[-74.187,4.652],[-74.193,4.655],[-74.196,4.651],[-74.203,4.647],[-74.203,4.646],[-74.201,4.644],[-74.207,4.646],[-74.205,4.642],[-74.206,4.641],[-74.214,4.64],[-74.217,4.645],[-74.222,4.644],[-74.216,4.64],[-74.215,4.638],[-74.218,4.635],[-74.216,4.63],[-74.222,4.63],[-74.224,4.625],[-74.221,4.623],[-74.221,4.621],[-74.223,4.621],[-74.221,4.62],[-74.222,4.619],[-74.22,4.619],[-74.22,4.617],[-74.218,4.618],[-74.218,4.616],[-74.204,4.6],[-74.204,4.601],[-74.184,4.596],[-74.18,4.578],[-74.179,4.579],[-74.176,4.575],[-74.18,4.557],[-74.18,4.55],[-74.178,4.546],[-74.18,4.532],[-74.179,4.523],[-74.171,4.522],[-74.163,4.514],[-74.16,4.508],[-74.161,4.503],[-74.17,4.479],[-74.18,4.47],[-74.185,4.462],[-74.187,4.453],[-74.195,4.435],[-74.195,4.43],[-74.199,4.427],[-74.203,4.42],[-74.21,4.405],[-74.212,4.388],[-74.216,4.384],[-74.218,4.378],[-74.217,4.372],[-74.219,4.363],[-74.22,4.34],[-74.215,4.308],[-74.216,4.286],[-74.205,4.269],[-74.206,4.26],[-74.204,4.242],[-74.205,4.24],[-74.21,4.241],[-74.218,4.234],[-74.221,4.225],[-74.225,4.222],[-74.228,4.223],[-74.232,4.217],[-74.236,4.2],[-74.238,4.196],[-74.244,4.198],[-74.245,4.191],[-74.241,4.187],[-74.241,4.17],[-74.245,4.143],[-74.244,4.138],[-74.247,4.126],[-74.249,4.125],[-74.248,4.118],[-74.253,4.105],[-74.257,4.089],[-74.266,4.091],[-74.27,4.099],[-74.296,4.104],[-74.317,4.124],[-74.329,4.13],[-74.334,4.111],[-74.34,4.104],[-74.345,4.09],[-74.35,4.071],[-74.351,4.056],[-74.354,4.052],[-74.359,4.049],[-74.365,4.039],[-74.365,4.033],[-74.362,4.011],[-74.374,3.986],[-74.362,3.979],[-74.356,3.97],[-74.355,3.939],[-74.36,3.914],[-74.365,3.897],[-74.37,3.889],[-74.373,3.881],[-74.381,3.872],[-74.384,3.866],[-74.388,3.861],[-74.393,3.835],[-74.398,3.82],[-74.407,3.81],[-74.42,3.788],[-74.428,3.783],[-74.432,3.778],[-74.434,3.773],[-74.434,3.765],[-74.446,3.758],[-74.45,3.753],[-74.452,3.746],[-74.451,3.739],[-74.441,3.728],[-74.452,3.724],[-74.45,3.727],[-74.453,3.728],[-74.456,3.73],[-74.457,3.735],[-74.457,3.745],[-74.461,3.758],[-74.46,3.774],[-74.452,3.788],[-74.447,3.803],[-74.451,3.81],[-74.458,3.817],[-74.48,3.825],[-74.513,3.824],[-74.523,3.827],[-74.528,3.83],[-74.533,3.841],[-74.539,3.845],[-74.538,3.854],[-74.535,3.858],[-74.531,3.869],[-74.53,3.875],[-74.525,3.883],[-74.525,3.897],[-74.523,3.916],[-74.514,3.925],[-74.515,3.929],[-74.513,3.935],[-74.512,3.951],[-74.513,3.954],[-74.523,3.961],[-74.527,3.962],[-74.532,3.97],[-74.533,3.994],[-74.532,3.997],[-74.529,4.0],[-74.529,4.005],[-74.527,4.008],[-74.524,4.022],[-74.528,4.025],[-74.53,4.032],[-74.528,4.044],[-74.526,4.047],[-74.525,4.053],[-74.518,4.059],[-74.516,4.068],[-74.509,4.074],[-74.507,4.08],[-74.487,4.095],[-74.484,4.105],[-74.477,4.112],[-74.475,4.116],[-74.476,4.132],[-74.482,4.142],[-74.481,4.149],[-74.484,4.157],[-74.482,4.175],[-74.487,4.181],[-74.497,4.184],[-74.501,4.187],[-74.501,4.195],[-74.507,4.198],[-74.509,4.203],[-74.511,4.206],[-74.511,4.209],[-74.514,4.21],[-74.513,4.223],[-74.521,4.24],[-74.534,4.245],[-74.542,4.251],[-74.545,4.254],[-74.546,4.262],[-74.549,4.262],[-74.551,4.265],[-74.562,4.271],[-74.566,4.272],[-74.578,4.268],[-74.589,4.267],[-74.597,4.261],[-74.601,4.26],[-74.62,4.252],[-74.62,4.241],[-74.619,4.237],[-74.622,4.234],[-74.622,4.229],[-74.625,4.225],[-74.627,4.223],[-74.631,4.224],[-74.633,4.223],[-74.637,4.218],[-74.64,4.215],[-74.64,4.211],[-74.647,4.206],[-74.655,4.198],[-74.655,4.211],[-74.658,4.215],[-74.663,4.215],[-74.664,4.21],[-74.667,4.211],[-74.67,4.209],[-74.676,4.208],[-74.678,4.203],[-74.681,4.202],[-74.684,4.207],[-74.692,4.21],[-74.694,4.213],[-74.699,4.211],[-74.703,4.213],[-74.704,4.215],[-74.704,4.217],[-74.701,4.219],[-74.708,4.224],[-74.705,4.228],[-74.711,4.233],[-74.715,4.232],[-74.715,4.235],[-74.718,4.235],[-74.722,4.231],[-74.723,4.237],[-74.725,4.236],[-74.734,4.248],[-74.741,4.242],[-74.744,4.243],[-74.746,4.241],[-74.745,4.248],[-74.749,4.254],[-74.748,4.257],[-74.751,4.259],[-74.764,4.254],[-74.765,4.251],[-74.767,4.251],[-74.766,4.26],[-74.768,4.26],[-74.77,4.258],[-74.771,4.26],[-74.769,4.265],[-74.772,4.266],[-74.779,4.264],[-74.782,4.265],[-74.777,4.274],[-74.776,4.28],[-74.779,4.284],[-74.796,4.288],[-74.807,4.286],[-74.812,4.294],[-74.826,4.285],[-74.831,4.278],[-74.836,4.275],[-74.857,4.269],[-74.863,4.27],[-74.869,4.267],[-74.876,4.266],[-74.879,4.266],[-74.885,4.28],[-74.89,4.287],[-74.891,4.29],[-74.883,4.301],[-74.874,4.305],[-74.873,4.309],[-74.874,4.31],[-74.879,4.309],[-74.883,4.309],[-74.885,4.311],[-74.884,4.318],[-74.878,4.319],[-74.874,4.326],[-74.865,4.332],[-74.856,4.335],[-74.856,4.344],[-74.852,4.356],[-74.854,4.367],[-74.849,4.372],[-74.843,4.376],[-74.84,4.379],[-74.838,4.398],[-74.833,4.406],[-74.833,4.409],[-74.835,4.413],[-74.831,4.424],[-74.834,4.435],[-74.833,4.445],[-74.829,4.447],[-74.819,4.446],[-74.815,4.446],[-74.809,4.451],[-74.804,4.461],[-74.801,4.485],[-74.795,4.5],[-74.787,4.506],[-74.786,4.508],[-74.791,4.513],[-74.798,4.528],[-74.804,4.532],[-74.805,4.536],[-74.802,4.542],[-74.802,4.547],[-74.808,4.553],[-74.809,4.561],[-74.805,4.567],[-74.805,4.572],[-74.805,4.573],[-74.812,4.577],[-74.815,4.582],[-74.815,4.586],[-74.811,4.59],[-74.806,4.591],[-74.797,4.588],[-74.794,4.589],[-74.794,4.592],[-74.799,4.6],[-74.814,4.607],[-74.817,4.613],[-74.813,4.619],[-74.806,4.623],[-74.8,4.629],[-74.799,4.64],[-74.795,4.644],[-74.787,4.648],[-74.787,4.654],[-74.79,4.66],[-74.794,4.663],[-74.805,4.667],[-74.808,4.67],[-74.809,4.678],[-74.803,4.69],[-74.803,4.704],[-74.816,4.714],[-74.819,4.72],[-74.82,4.724],[-74.814,4.736],[-74.812,4.738],[-74.805,4.741],[-74.794,4.747],[-74.783,4.749],[-74.775,4.752],[-74.774,4.754],[-74.777,4.757],[-74.778,4.76],[-74.771,4.772],[-74.761,4.78],[-74.75,4.784],[-74.744,4.79],[-74.744,4.804],[-74.746,4.813],[-74.745,4.818],[-74.746,4.825],[-74.749,4.829],[-74.762,4.834],[-74.768,4.839],[-74.769,4.842],[-74.769,4.845],[-74.757,4.856],[-74.753,4.864],[-74.752,4.874],[-74.755,4.881],[-74.754,4.887],[-74.749,4.888],[-74.738,4.883],[-74.732,4.893],[-74.732,4.898],[-74.734,4.9],[-74.739,4.902],[-74.74,4.908],[-74.74,4.91],[-74.734,4.917],[-74.733,4.933],[-74.736,4.938],[-74.748,4.948],[-74.75,4.951],[-74.75,4.954],[-74.746,4.964],[-74.733,4.977],[-74.729,4.978],[-74.713,4.974],[-74.709,4.978],[-74.707,4.981],[-74.708,4.985],[-74.716,4.992],[-74.726,4.998],[-74.736,4.999],[-74.739,5.0],[-74.742,5.003],[-74.743,5.007],[-74.743,5.013],[-74.738,5.026],[-74.733,5.032],[-74.728,5.042],[-74.727,5.056],[-74.73,5.067],[-74.729,5.075],[-74.723,5.088],[-74.717,5.093],[-74.719,5.119],[-74.722,5.123],[-74.729,5.128],[-74.731,5.145],[-74.73,5.15],[-74.722,5.16],[-74.718,5.167],[-74.715,5.179],[-74.715,5.189],[-74.721,5.199],[-74.732,5.202],[-74.734,5.206],[-74.733,5.21],[-74.729,5.214],[-74.731,5.221],[-74.73,5.232],[-74.724,5.239],[-74.727,5.255],[-74.727,5.268],[-74.73,5.279],[-74.734,5.286]]]]}},{"type":"Feature","properties":{"name":"Tolima","iso":"CO-TOL"},"geometry":{"type":"MultiPolygon","coordinates":[[[[-75.375,4.804],[-75.372,4.807],[-75.37,4.812],[-75.358,4.827],[-75.356,4.84],[-75.353,4.842],[-75.343,4.845],[-75.339,4.852],[-75.327,4.862],[-75.322,4.872],[-75.32,4.892],[-75.332,4.897],[-75.338,4.901],[-75.346,4.915],[-75.348,4.93],[-75.352,4.934],[-75.353,4.966],[-75.336,4.974],[-75.328,4.986],[-75.327,4.991],[-75.322,4.995],[-75.318,5.001],[-75.317,5.005],[-75.319,5.031],[-75.327,5.041],[-75.333,5.045],[-75.336,5.044],[-75.34,5.046],[-75.342,5.053],[-75.348,5.057],[-75.343,5.072],[-75.343,5.082],[-75.342,5.085],[-75.336,5.088],[-75.333,5.091],[-75.327,5.095],[-75.325,5.099],[-75.318,5.102],[-75.309,5.11],[-75.304,5.119],[-75.301,5.121],[-75.298,5.121],[-75.298,5.125],[-75.295,5.127],[-75.293,5.131],[-75.289,5.134],[-75.288,5.138],[-75.283,5.141],[-75.276,5.141],[-75.251,5.129],[-75.245,5.129],[-75.24,5.126],[-75.238,5.127],[-75.235,5.125],[-75.232,5.127],[-75.231,5.13],[-75.228,5.13],[-75.228,5.132],[-75.222,5.135],[-75.221,5.136],[-75.218,5.134],[-75.215,5.134],[-75.207,5.148],[-75.204,5.148],[-75.201,5.151],[-75.198,5.158],[-75.198,5.162],[-75.194,5.164],[-75.192,5.164],[-75.188,5.162],[-75.187,5.164],[-75.183,5.163],[-75.182,5.164],[-75.178,5.164],[-75.174,5.167],[-75.173,5.169],[-75.171,5.171],[-75.165,5.167],[-75.162,5.17],[-75.161,5.169],[-75.158,5.171],[-75.156,5.17],[-75.155,5.171],[-75.15,5.166],[-75.149,5.165],[-75.144,5.164],[-75.142,5.16],[-75.139,5.158],[-75.134,5.158],[-75.129,5.155],[-75.124,5.16],[-75.119,5.159],[-75.116,5.16],[-75.115,5.162],[-75.112,5.162],[-75.112,5.164],[-75.112,5.166],[-75.116,5.165],[-75.114,5.17],[-75.115,5.174],[-75.112,5.179],[-75.113,5.18],[-75.109,5.184],[-75.105,5.185],[-75.105,5.189],[-75.107,5.191],[-75.104,5.195],[-75.105,5.197],[-75.095,5.214],[-75.091,5.215],[-75.09,5.221],[-75.084,5.224],[-75.084,5.226],[-75.08,5.231],[-75.074,5.244],[-75.072,5.244],[-75.071,5.248],[-75.066,5.247],[-75.063,5.251],[-75.063,5.254],[-75.061,5.256],[-75.063,5.26],[-75.062,5.262],[-75.062,5.264],[-75.06,5.265],[-75.059,5.27],[-75.057,5.272],[-75.056,5.275],[-75.033,5.277],[-75.03,5.279],[-75.029,5.282],[-75.03,5.284],[-75.028,5.286],[-75.027,5.288],[-75.023,5.286],[-75.021,5.288],[-75.019,5.288],[-75.013,5.29],[-75.01,5.294],[-75.008,5.291],[-75.0,5.291],[-74.99,5.289],[-74.989,5.29],[-74.986,5.288],[-74.984,5.291],[-74.98,5.292],[-74.979,5.295],[-74.969,5.296],[-74.966,5.301],[-74.961,5.302],[-74.954,5.301],[-74.95,5.306],[-74.945,5.306],[-74.939,5.313],[-74.931,5.312],[-74.928,5.31],[-74.921,5.308],[-74.913,5.31],[-74.905,5.305],[-74.904,5.302],[-74.902,5.302],[-74.898,5.299],[-74.892,5.298],[-74.889,5.3],[-74.885,5.297],[-74.877,5.297],[-74.876,5.295],[-74.872,5.294],[-74.87,5.297],[-74.87,5.3],[-74.868,5.301],[-74.869,5.303],[-74.869,5.305],[-74.865,5.307],[-74.863,5.305],[-74.861,5.306],[-74.854,5.315],[-74.851,5.314],[-74.848,5.316],[-74.846,5.314],[-74.844,5.315],[-74.841,5.315],[-74.84,5.317],[-74.837,5.316],[-74.834,5.318],[-74.831,5.316],[-74.827,5.319],[-74.822,5.317],[-74.819,5.313],[-74.815,5.31],[-74.814,5.307],[-74.805,5.303],[-74.798,5.304],[-74.796,5.3],[-74.792,5.298],[-74.787,5.298],[-74.785,5.297],[-74.782,5.299],[-74.779,5.297],[-74.774,5.299],[-74.766,5.288],[-74.762,5.289],[-74.759,5.285],[-74.756,5.285],[-74.753,5.282],[-74.743,5.291],[-74.742,5.29],[-74.742,5.285],[-74.737,5.287],[-74.734,5.286],[-74.73,5.279],[-74.727,5.268],[-74.727,5.255],[-74.724,5.239],[-74.73,5.232],[-74.731,5.221],[-74.729,5.214],[-74.733,5.21],[-74.734,5.206],[-74.732,5.202],[-74.721,5.199],[-74.715,5.189],[-74.715,5.179],[-74.718,5.167],[-74.722,5.16],[-74.73,5.15],[-74.731,5.145],[-74.729,5.128],[-74.722,5.123],[-74.719,5.119],[-74.717,5.093],[-74.723,5.088],[-74.729,5.075],[-74.73,5.067],[-74.727,5.056],[-74.728,5.042],[-74.733,5.032],[-74.738,5.026],[-74.743,5.013],[-74.743,5.007],[-74.742,5.003],[-74.739,5.0],[-74.736,4.999],[-74.726,4.998],[-74.716,4.992],[-74.708,4.985],[-74.707,4.981],[-74.709,4.978],[-74.713,4.974],[-74.729,4.978],[-74.733,4.977],[-74.746,4.964],[-74.75,4.954],[-74.75,4.951],[-74.748,4.948],[-74.736,4.938],[-74.733,4.933],[-74.734,4.917],[-74.74,4.91],[-74.74,4.908],[-74.739,4.902],[-74.734,4.9],[-74.732,4.898],[-74.732,4.893],[-74.738,4.883],[-74.749,4.888],[-74.754,4.887],[-74.755,4.881],[-74.752,4.874],[-74.753,4.864],[-74.757,4.856],[-74.769,4.845],[-74.769,4.842],[-74.768,4.839],[-74.762,4.834],[-74.749,4.829],[-74.746,4.825],[-74.745,4.818],[-74.746,4.813],[-74.744,4.804],[-74.744,4.79],[-74.75,4.784],[-74.761,4.78],[-74.771,4.772],[-74.778,4.76],[-74.777,4.757],[-74.774,4.754],[-74.775,4.752],[-74.783,4.749],[-74.794,4.747],[-74.805,4.741],[-74.812,4.738],[-74.814,4.736],[-74.82,4.724],[-74.819,4.72],[-74.816,4.714],[-74.803,4.704],[-74.803,4.69],[-74.809,4.678],[-74.808,4.67],[-74.805,4.667],[-74.794,4.663],[-74.79,4.66],[-74.787,4.654],[-74.787,4.648],[-74.795,4.644],[-74.799,4.64],[-74.8,4.629],[-74.806,4.623],[-74.813,4.619],[-74.817,4.613],[-74.814,4.607],[-74.799,4.6],[-74.794,4.592],[-74.794,4.589],[-74.797,4.588],[-74.806,4.591],[-74.811,4.59],[-74.815,4.586],[-74.815,4.582],[-74.812,4.577],[-74.805,4.573],[-74.805,4.572],[-74.805,4.567],[-74.809,4.561],[-74.808,4.553],[-74.802,4.547],[-74.802,4.542],[-74.805,4.536],[-74.804,4.532],[-74.798,4.528],[-74.791,4.513],[-74.786,4.508],[-74.787,4.506],[-74.795,4.5],[-74.801,4.485],[-74.804,4.461],[-74.809,4.451],[-74.815,4.446],[-74.819,4.446],[-74.829,4.447],[-74.833,4.445],[-74.834,4.435],[-74.831,4.424],[-74.835,4.413],[-74.833,4.409],[-74.833,4.406],[-74.838,4.398],[-74.84,4.379],[-74.843,4.376],[-74.849,4.372],[-74.854,4.367],[-74.852,4.356],[-74.856,4.344],[-74.856,4.335],[-74.865,4.332],[-74.874,4.326],[-74.878,4.319],[-74.884,4.318],[-74.885,4.311],[-74.883,4.309],[-74.879,4.309],[-74.874,4.31],[-74.873,4.309],[-74.874,4.305],[-74.883,4.301],[-74.891,4.29],[-74.89,4.287],[-74.885,4.28],[-74.879,4.266],[-74.876,4.266],[-74.869,4.267],[-74.863,4.27],[-74.857,4.269],[-74.836,4.275],[-74.831,4.278],[-74.826,4.285],[-74.812,4.294],[-74.807,4.286],[-74.796,4.288],[-74.779,4.284],[-74.776,4.28],[-74.777,4.274],[-74.782,4.265],[-74.779,4.264],[-74.772,4.266],[-74.769,4.265],[-74.771,4.26],[-74.77,4.258],[-74.768,4.26],[-74.766,4.26],[-74.767,4.251],[-74.765,4.251],[-74.764,4.254],[-74.751,4.259],[-74.748,4.257],[-74.749,4.254],[-74.745,4.248],[-74.746,4.241],[-74.744,4.243],[-74.741,4.242],[-74.734,4.248],[-74.725,4.236],[-74.723,4.237],[-74.722,4.231],[-74.718,4.235],[-74.715,4.235],[-74.715,4.232],[-74.711,4.233],[-74.705,4.228],[-74.708,4.224],[-74.701,4.219],[-74.704,4.217],[-74.704,4.215],[-74.703,4.213],[-74.699,4.211],[-74.694,4.213],[-74.692,4.21],[-74.684,4.207],[-74.681,4.202],[-74.678,4.203],[-74.676,4.208],[-74.67,4.209],[-74.667,4.211],[-74.664,4.21],[-74.663,4.215],[-74.658,4.215],[-74.655,4.211],[-74.655,4.198],[-74.647,4.206],[-74.64,4.211],[-74.64,4.215],[-74.637,4.218],[-74.633,4.223],[-74.631,4.224],[-74.627,4.223],[-74.625,4.225],[-74.622,4.229],[-74.622,4.234],[-74.619,4.237],[-74.62,4.241],[-74.62,4.252],[-74.601,4.26],[-74.597,4.261],[-74.589,4.267],[-74.578,4.268],[-74.566,4.272],[-74.562,4.271],[-74.551,4.265],[-74.549,4.262],[-74.546,4.262],[-74.545,4.254],[-74.542,4.251],[-74.534,4.245],[-74.521,4.24],[-74.513,4.223],[-74.514,4.21],[-74.511,4.209],[-74.511,4.206],[-74.509,4.203],[-74.507,4.198],[-74.501,4.195],[-74.501,4.187],[-74.497,4.184],[-74.487,4.181],[-74.482,4.175],[-74.484,4.157],[-74.481,4.149],[-74.482,4.142],[-74.476,4.132],[-74.475,4.116],[-74.477,4.112],[-74.484,4.105],[-74.487,4.095],[-74.507,4.08],[-74.509,4.074],[-74.516,4.068],[-74.518,4.059],[-74.525,4.053],[-74.526,4.047],[-74.528,4.044],[-74.53,4.032],[-74.528,4.025],[-74.524,4.022],[-74.527,4.008],[-74.529,4.005],[-74.529,4.0],[-74.532,3.997],[-74.533,3.994],[-74.532,3.97],[-74.527,3.962],[-74.523,3.961],[-74.513,3.954],[-74.512,3.951],[-74.513,3.935],[-74.515,3.929],[-74.514,3.925],[-74.523,3.916],[-74.525,3.897],[-74.525,3.883],[-74.53,3.875],[-74.531,3.869],[-74.535,3.858],[-74.538,3.854],[-74.539,3.845],[-74.537,3.833],[-74.535,3.831],[-74.537,3.818],[-74.538,3.816],[-74.543,3.814],[-74.545,3.811],[-74.546,3.792],[-74.554,3.783],[-74.553,3.779],[-74.556,3.774],[-74.557,3.768],[-74.566,3.759],[-74.574,3.753],[-74.577,3.746],[-74.585,3.743],[-74.586,3.735],[-74.593,3.725],[-74.605,3.721],[-74.609,3.716],[-74.615,3.713],[-74.625,3.699],[-74.63,3.699],[-74.633,3.693],[-74.648,3.685],[-74.653,3.683],[-74.656,3.684],[-74.661,3.678],[-74.662,3.674],[-74.667,3.674],[-74.674,3.671],[-74.678,3.663],[-74.687,3.653],[-74.692,3.644],[-74.699,3.639],[-74.701,3.617],[-74.709,3.611],[-74.712,3.611],[-74.717,3.614],[-74.721,3.613],[-74.728,3.6],[-74.739,3.59],[-74.739,3.583],[-74.735,3.576],[-74.733,3.567],[-74.726,3.562],[-74.728,3.554],[-74.732,3.548],[-74.734,3.541],[-74.739,3.533],[-74.745,3.529],[-74.75,3.529],[-74.756,3.532],[-74.761,3.532],[-74.768,3.53],[-74.773,3.526],[-74.782,3.5],[-74.781,3.481],[-74.778,3.472],[-74.775,3.467],[-74.766,3.46],[-74.763,3.454],[-74.762,3.45],[-74.765,3.443],[-74.77,3.438],[-74.801,3.418],[-74.814,3.407],[-74.817,3.402],[-74.815,3.392],[-74.822,3.391],[-74.825,3.387],[-74.828,3.378],[-74.835,3.367],[-74.839,3.361],[-74.846,3.355],[-74.849,3.342],[-74.856,3.338],[-74.86,3.334],[-74.863,3.334],[-74.865,3.33],[-74.873,3.326],[-74.887,3.31],[-74.908,3.29],[-74.915,3.289],[-74.929,3.283],[-74.936,3.284],[-74.944,3.281],[-74.955,3.28],[-74.96,3.282],[-74.966,3.281],[-74.972,3.284],[-74.984,3.284],[-74.99,3.283],[-74.994,3.278],[-75.001,3.277],[-75.004,3.278],[-75.006,3.281],[-75.015,3.288],[-75.023,3.288],[-75.037,3.287],[-75.053,3.288],[-75.073,3.296],[-75.074,3.3],[-75.072,3.303],[-75.065,3.311],[-75.059,3.314],[-75.059,3.324],[-75.057,3.334],[-75.061,3.358],[-75.058,3.369],[-75.059,3.381],[-75.054,3.385],[-75.041,3.383],[-75.036,3.384],[-75.034,3.386],[-75.034,3.391],[-75.038,3.395],[-75.035,3.401],[-75.037,3.405],[-75.043,3.408],[-75.043,3.418],[-75.04,3.426],[-75.04,3.428],[-75.044,3.429],[-75.061,3.432],[-75.067,3.431],[-75.095,3.431],[-75.116,3.433],[-75.121,3.433],[-75.123,3.43],[-75.128,3.43],[-75.144,3.435],[-75.148,3.435],[-75.151,3.433],[-75.153,3.429],[-75.152,3.425],[-75.15,3.423],[-75.149,3.421],[-75.154,3.418],[-75.157,3.412],[-75.164,3.411],[-75.172,3.412],[-75.176,3.409],[-75.177,3.405],[-75.174,3.398],[-75.174,3.391],[-75.173,3.387],[-75.176,3.385],[-75.18,3.385],[-75.184,3.382],[-75.198,3.384],[-75.2,3.386],[-75.201,3.393],[-75.196,3.396],[-75.201,3.403],[-75.2,3.409],[-75.204,3.411],[-75.211,3.409],[-75.212,3.412],[-75.215,3.414],[-75.22,3.412],[-75.228,3.415],[-75.242,3.405],[-75.242,3.4],[-75.246,3.395],[-75.245,3.383],[-75.251,3.376],[-75.251,3.369],[-75.253,3.367],[-75.256,3.368],[-75.256,3.373],[-75.26,3.378],[-75.277,3.384],[-75.282,3.388],[-75.29,3.391],[-75.303,3.399],[-75.307,3.404],[-75.311,3.412],[-75.32,3.42],[-75.324,3.412],[-75.324,3.405],[-75.333,3.399],[-75.339,3.401],[-75.344,3.406],[-75.353,3.404],[-75.359,3.409],[-75.365,3.409],[-75.368,3.407],[-75.37,3.403],[-75.374,3.389],[-75.378,3.381],[-75.378,3.374],[-75.394,3.378],[-75.41,3.37],[-75.415,3.373],[-75.417,3.364],[-75.425,3.359],[-75.428,3.354],[-75.442,3.347],[-75.443,3.355],[-75.446,3.357],[-75.462,3.355],[-75.472,3.361],[-75.478,3.361],[-75.487,3.348],[-75.488,3.339],[-75.486,3.33],[-75.488,3.327],[-75.498,3.322],[-75.513,3.328],[-75.517,3.326],[-75.526,3.32],[-75.527,3.317],[-75.522,3.311],[-75.521,3.301],[-75.528,3.294],[-75.531,3.287],[-75.534,3.281],[-75.539,3.279],[-75.544,3.272],[-75.548,3.26],[-75.548,3.257],[-75.554,3.256],[-75.559,3.248],[-75.569,3.241],[-75.577,3.224],[-75.577,3.221],[-75.573,3.219],[-75.573,3.218],[-75.573,3.211],[-75.576,3.207],[-75.576,3.204],[-75.573,3.201],[-75.578,3.195],[-75.577,3.189],[-75.578,3.185],[-75.585,3.177],[-75.583,3.169],[-75.588,3.156],[-75.584,3.149],[-75.577,3.144],[-75.577,3.142],[-75.582,3.136],[-75.585,3.122],[-75.591,3.116],[-75.598,3.116],[-75.602,3.114],[-75.606,3.103],[-75.622,3.075],[-75.617,3.062],[-75.608,3.058],[-75.601,3.052],[-75.6,3.049],[-75.602,3.047],[-75.602,3.039],[-75.61,3.035],[-75.611,3.028],[-75.617,3.021],[-75.622,3.009],[-75.627,3.009],[-75.631,3.0],[-75.634,2.995],[-75.637,2.994],[-75.647,2.996],[-75.658,2.989],[-75.665,2.988],[-75.684,2.989],[-75.694,2.995],[-75.693,2.99],[-75.697,2.985],[-75.699,2.975],[-75.703,2.97],[-75.711,2.964],[-75.722,2.962],[-75.725,2.957],[-75.729,2.957],[-75.733,2.952],[-75.736,2.954],[-75.745,2.953],[-75.748,2.948],[-75.751,2.947],[-75.754,2.944],[-75.76,2.943],[-75.761,2.938],[-75.765,2.934],[-75.765,2.927],[-75.767,2.924],[-75.764,2.918],[-75.766,2.915],[-75.772,2.913],[-75.778,2.913],[-75.781,2.91],[-75.783,2.905],[-75.79,2.901],[-75.791,2.898],[-75.799,2.888],[-75.803,2.885],[-75.817,2.884],[-75.825,2.872],[-75.834,2.873],[-75.845,2.871],[-75.857,2.871],[-75.864,2.878],[-75.87,2.877],[-75.876,2.887],[-75.881,2.889],[-75.885,2.898],[-75.901,2.895],[-75.903,2.899],[-75.908,2.901],[-75.909,2.91],[-75.926,2.914],[-75.927,2.922],[-75.933,2.922],[-75.938,2.92],[-75.945,2.922],[-75.949,2.917],[-75.954,2.917],[-75.957,2.924],[-75.955,2.93],[-75.958,2.932],[-75.958,2.935],[-75.963,2.936],[-75.965,2.94],[-75.965,2.944],[-75.972,2.946],[-75.982,2.956],[-75.98,2.96],[-75.983,2.966],[-75.983,2.972],[-75.989,2.982],[-76.012,2.979],[-76.014,2.977],[-76.022,2.973],[-76.026,2.969],[-76.025,2.956],[-76.029,2.95],[-76.029,2.941],[-76.031,2.941],[-76.034,2.945],[-76.032,2.953],[-76.033,2.962],[-76.029,2.984],[-76.02,2.994],[-76.022,3.003],[-76.024,3.005],[-76.032,3.008],[-76.035,3.013],[-76.042,3.016],[-76.039,3.025],[-76.045,3.034],[-76.046,3.043],[-76.058,3.044],[-76.062,3.046],[-76.068,3.047],[-76.074,3.05],[-76.074,3.053],[-76.072,3.057],[-76.07,3.066],[-76.072,3.069],[-76.074,3.078],[-76.081,3.087],[-76.082,3.09],[-76.092,3.097],[-76.098,3.098],[-76.104,3.096],[-76.109,3.104],[-76.108,3.107],[-76.105,3.109],[-76.093,3.112],[-76.089,3.115],[-76.084,3.115],[-76.076,3.119],[-76.073,3.123],[-76.076,3.132],[-76.073,3.14],[-76.079,3.15],[-76.086,3.154],[-76.085,3.157],[-76.08,3.162],[-76.08,3.166],[-76.083,3.173],[-76.09,3.175],[-76.092,3.178],[-76.092,3.186],[-76.09,3.191],[-76.091,3.198],[-76.09,3.201],[-76.085,3.204],[-76.076,3.201],[-76.07,3.197],[-76.061,3.203],[-76.053,3.216],[-76.057,3.224],[-76.059,3.229],[-76.058,3.232],[-76.047,3.245],[-76.04,3.249],[-76.039,3.251],[-76.041,3.256],[-76.047,3.265],[-76.048,3.272],[-76.05,3.28],[-76.047,3.287],[-76.044,3.29],[-76.039,3.302],[-76.044,3.319],[-76.054,3.327],[-76.055,3.344],[-76.058,3.349],[-76.059,3.354],[-76.057,3.358],[-76.049,3.365],[-76.048,3.374],[-76.034,3.381],[-76.031,3.385],[-76.031,3.391],[-76.039,3.394],[-76.043,3.397],[-76.043,3.408],[-76.038,3.42],[-76.042,3.429],[-76.042,3.437],[-76.038,3.443],[-76.037,3.45],[-76.03,3.455],[-76.027,3.461],[-76.027,3.465],[-76.022,3.478],[-76.026,3.485],[-76.025,3.493],[-76.018,3.501],[-76.015,3.509],[-76.003,3.517],[-76.001,3.529],[-75.999,3.532],[-75.994,3.546],[-75.987,3.555],[-75.985,3.56],[-75.989,3.575],[-75.986,3.581],[-75.985,3.588],[-75.991,3.597],[-75.994,3.607],[-75.993,3.612],[-75.988,3.616],[-75.988,3.622],[-75.993,3.632],[-75.994,3.638],[-75.991,3.642],[-75.982,3.643],[-75.978,3.644],[-75.975,3.657],[-75.968,3.663],[-75.958,3.665],[-75.952,3.674],[-75.957,3.689],[-75.96,3.694],[-75.961,3.706],[-75.955,3.714],[-75.949,3.714],[-75.947,3.716],[-75.945,3.719],[-75.944,3.728],[-75.938,3.734],[-75.921,3.741],[-75.916,3.75],[-75.915,3.759],[-75.91,3.773],[-75.906,3.781],[-75.902,3.786],[-75.902,3.796],[-75.893,3.804],[-75.891,3.806],[-75.893,3.811],[-75.875,3.822],[-75.867,3.832],[-75.863,3.845],[-75.856,3.853],[-75.857,3.857],[-75.861,3.863],[-75.861,3.875],[-75.859,3.88],[-75.842,3.897],[-75.84,3.903],[-75.836,3.907],[-75.833,3.907],[-75.828,3.904],[-75.822,3.905],[-75.81,3.924],[-75.807,3.932],[-75.809,3.939],[-75.805,3.952],[-75.801,3.958],[-75.796,3.961],[-75.792,3.969],[-75.792,3.978],[-75.796,3.991],[-75.792,4.008],[-75.787,4.009],[-75.778,4.007],[-75.776,4.008],[-75.77,4.02],[-75.761,4.025],[-75.754,4.033],[-75.739,4.054],[-75.74,4.058],[-75.746,4.063],[-75.752,4.069],[-75.753,4.077],[-75.751,4.081],[-75.751,4.086],[-75.747,4.095],[-75.744,4.098],[-75.733,4.103],[-75.734,4.113],[-75.731,4.114],[-75.726,4.112],[-75.719,4.113],[-75.719,4.121],[-75.715,4.126],[-75.706,4.127],[-75.702,4.132],[-75.697,4.132],[-75.693,4.136],[-75.692,4.142],[-75.693,4.152],[-75.692,4.161],[-75.688,4.168],[-75.684,4.171],[-75.676,4.181],[-75.671,4.184],[-75.666,4.195],[-75.662,4.199],[-75.659,4.199],[-75.656,4.204],[-75.654,4.213],[-75.66,4.217],[-75.658,4.225],[-75.654,4.229],[-75.638,4.231],[-75.63,4.243],[-75.629,4.254],[-75.623,4.258],[-75.62,4.269],[-75.616,4.272],[-75.608,4.273],[-75.6,4.276],[-75.597,4.279],[-75.597,4.284],[-75.602,4.287],[-75.604,4.29],[-75.603,4.298],[-75.601,4.302],[-75.596,4.305],[-75.597,4.307],[-75.598,4.313],[-75.595,4.317],[-75.596,4.322],[-75.594,4.325],[-75.597,4.326],[-75.6,4.335],[-75.598,4.337],[-75.595,4.346],[-75.591,4.349],[-75.594,4.353],[-75.595,4.361],[-75.591,4.364],[-75.588,4.372],[-75.589,4.375],[-75.591,4.377],[-75.583,4.387],[-75.583,4.394],[-75.579,4.406],[-75.58,4.412],[-75.579,4.417],[-75.58,4.422],[-75.583,4.424],[-75.583,4.427],[-75.583,4.429],[-75.578,4.433],[-75.577,4.438],[-75.576,4.445],[-75.578,4.454],[-75.571,4.457],[-75.569,4.462],[-75.559,4.473],[-75.555,4.473],[-75.547,4.48],[-75.535,4.495],[-75.525,4.496],[-75.524,4.502],[-75.527,4.516],[-75.522,4.528],[-75.523,4.535],[-75.522,4.544],[-75.519,4.547],[-75.518,4.551],[-75.515,4.556],[-75.505,4.559],[-75.5,4.564],[-75.492,4.568],[-75.488,4.572],[-75.488,4.576],[-75.484,4.581],[-75.475,4.586],[-75.471,4.589],[-75.468,4.599],[-75.45,4.603],[-75.432,4.603],[-75.431,4.606],[-75.428,4.609],[-75.421,4.61],[-75.416,4.625],[-75.418,4.639],[-75.423,4.656],[-75.418,4.667],[-75.409,4.677],[-75.404,4.686],[-75.398,4.693],[-75.389,4.698],[-75.385,4.702],[-75.385,4.709],[-75.388,4.716],[-75.387,4.722],[-75.378,4.73],[-75.384,4.736],[-75.386,4.744],[-75.388,4.747],[-75.388,4.751],[-75.381,4.76],[-75.38,4.764],[-75.381,4.774],[-75.377,4.788],[-75.378,4.798],[-75.375,4.804]]]]}},{"type":"Feature","properties":{"name":"Antioquia","iso":"CO-ANT"},"geometry":{"type":"MultiPolygon","coordinates":[[[[-74.658,5.775],[-74.669,5.769],[-74.681,5.779],[-74.685,5.779],[-74.694,5.772],[-74.701,5.77],[-74.706,5.771],[-74.708,5.776],[-74.712,5.775],[-74.715,5.769],[-74.712,5.759],[-74.717,5.751],[-74.724,5.749],[-74.728,5.746],[-74.728,5.742],[-74.725,5.725],[-74.732,5.717],[-74.731,5.712],[-74.737,5.706],[-74.739,5.701],[-74.745,5.7],[-74.749,5.697],[-74.755,5.699],[-74.76,5.696],[-74.765,5.697],[-74.769,5.692],[-74.774,5.689],[-74.781,5.695],[-74.791,5.696],[-74.798,5.702],[-74.805,5.698],[-74.811,5.709],[-74.821,5.708],[-74.827,5.712],[-74.834,5.719],[-74.832,5.726],[-74.833,5.728],[-74.836,5.729],[-74.836,5.733],[-74.841,5.738],[-74.846,5.738],[-74.855,5.745],[-74.865,5.748],[-74.879,5.748],[-74.886,5.74],[-74.895,5.739],[-74.901,5.736],[-74.931,5.734],[-74.938,5.728],[-74.939,5.726],[-74.945,5.726],[-74.951,5.722],[-74.952,5.72],[-74.963,5.719],[-74.97,5.715],[-74.982,5.718],[-74.993,5.715],[-74.991,5.706],[-75.0,5.702],[-75.001,5.695],[-75.004,5.689],[-75.007,5.686],[-75.008,5.683],[-75.014,5.679],[-75.026,5.676],[-75.032,5.669],[-75.041,5.667],[-75.048,5.661],[-75.05,5.662],[-75.053,5.665],[-75.06,5.666],[-75.062,5.665],[-75.066,5.666],[-75.073,5.658],[-75.077,5.657],[-75.078,5.659],[-75.082,5.66],[-75.087,5.661],[-75.092,5.655],[-75.094,5.656],[-75.094,5.651],[-75.096,5.65],[-75.099,5.641],[-75.097,5.64],[-75.098,5.638],[-75.096,5.636],[-75.096,5.633],[-75.092,5.629],[-75.091,5.626],[-75.092,5.622],[-75.089,5.616],[-75.092,5.61],[-75.097,5.608],[-75.095,5.606],[-75.096,5.604],[-75.095,5.602],[-75.094,5.604],[-75.092,5.604],[-75.089,5.602],[-75.088,5.599],[-75.088,5.595],[-75.09,5.594],[-75.091,5.592],[-75.092,5.584],[-75.095,5.581],[-75.097,5.581],[-75.101,5.579],[-75.102,5.575],[-75.106,5.574],[-75.106,5.572],[-75.109,5.573],[-75.11,5.572],[-75.112,5.572],[-75.113,5.567],[-75.119,5.565],[-75.12,5.564],[-75.121,5.56],[-75.128,5.555],[-75.133,5.544],[-75.132,5.537],[-75.137,5.527],[-75.143,5.529],[-75.15,5.53],[-75.175,5.525],[-75.179,5.522],[-75.181,5.523],[-75.19,5.519],[-75.199,5.518],[-75.202,5.516],[-75.205,5.508],[-75.209,5.505],[-75.212,5.507],[-75.215,5.504],[-75.219,5.503],[-75.232,5.487],[-75.233,5.48],[-75.237,5.478],[-75.24,5.47],[-75.244,5.464],[-75.249,5.461],[-75.254,5.452],[-75.255,5.448],[-75.259,5.442],[-75.261,5.441],[-75.262,5.437],[-75.264,5.434],[-75.276,5.419],[-75.277,5.424],[-75.28,5.428],[-75.278,5.44],[-75.284,5.444],[-75.285,5.459],[-75.282,5.467],[-75.281,5.477],[-75.288,5.473],[-75.296,5.474],[-75.302,5.472],[-75.306,5.468],[-75.314,5.468],[-75.317,5.47],[-75.317,5.472],[-75.314,5.476],[-75.315,5.482],[-75.314,5.481],[-75.315,5.486],[-75.315,5.484],[-75.317,5.486],[-75.315,5.487],[-75.316,5.495],[-75.314,5.503],[-75.311,5.508],[-75.314,5.511],[-75.315,5.517],[-75.322,5.519],[-75.325,5.523],[-75.328,5.524],[-75.328,5.529],[-75.33,5.532],[-75.33,5.538],[-75.327,5.542],[-75.333,5.545],[-75.334,5.549],[-75.333,5.551],[-75.327,5.556],[-75.33,5.563],[-75.338,5.568],[-75.339,5.579],[-75.341,5.584],[-75.346,5.587],[-75.346,5.59],[-75.344,5.591],[-75.342,5.595],[-75.341,5.595],[-75.34,5.599],[-75.341,5.603],[-75.342,5.606],[-75.345,5.603],[-75.352,5.602],[-75.354,5.603],[-75.36,5.603],[-75.362,5.601],[-75.366,5.602],[-75.369,5.605],[-75.37,5.609],[-75.373,5.609],[-75.377,5.612],[-75.379,5.618],[-75.383,5.622],[-75.384,5.627],[-75.379,5.629],[-75.376,5.633],[-75.374,5.632],[-75.368,5.64],[-75.37,5.648],[-75.368,5.655],[-75.368,5.658],[-75.374,5.666],[-75.376,5.674],[-75.384,5.677],[-75.394,5.677],[-75.401,5.682],[-75.405,5.681],[-75.41,5.686],[-75.41,5.689],[-75.413,5.694],[-75.416,5.696],[-75.427,5.696],[-75.433,5.692],[-75.44,5.69],[-75.442,5.686],[-75.444,5.687],[-75.445,5.685],[-75.456,5.681],[-75.461,5.672],[-75.468,5.667],[-75.473,5.668],[-75.478,5.663],[-75.487,5.671],[-75.488,5.677],[-75.494,5.68],[-75.498,5.681],[-75.504,5.684],[-75.505,5.683],[-75.505,5.679],[-75.508,5.681],[-75.518,5.69],[-75.519,5.695],[-75.522,5.695],[-75.524,5.692],[-75.527,5.694],[-75.532,5.693],[-75.531,5.689],[-75.535,5.69],[-75.537,5.694],[-75.537,5.696],[-75.538,5.7],[-75.542,5.703],[-75.543,5.709],[-75.542,5.712],[-75.54,5.713],[-75.543,5.721],[-75.549,5.721],[-75.554,5.725],[-75.563,5.725],[-75.564,5.723],[-75.568,5.725],[-75.571,5.724],[-75.578,5.727],[-75.58,5.731],[-75.584,5.731],[-75.587,5.735],[-75.597,5.736],[-75.599,5.739],[-75.6,5.718],[-75.595,5.712],[-75.598,5.706],[-75.6,5.696],[-75.598,5.684],[-75.6,5.68],[-75.588,5.674],[-75.575,5.671],[-75.572,5.666],[-75.576,5.66],[-75.584,5.657],[-75.584,5.654],[-75.587,5.652],[-75.59,5.645],[-75.589,5.64],[-75.588,5.637],[-75.585,5.637],[-75.582,5.626],[-75.584,5.621],[-75.58,5.606],[-75.581,5.604],[-75.58,5.593],[-75.576,5.584],[-75.577,5.579],[-75.575,5.575],[-75.577,5.565],[-75.576,5.55],[-75.569,5.54],[-75.569,5.523],[-75.57,5.521],[-75.578,5.516],[-75.583,5.519],[-75.59,5.518],[-75.592,5.52],[-75.597,5.518],[-75.602,5.521],[-75.604,5.525],[-75.612,5.527],[-75.612,5.53],[-75.618,5.532],[-75.622,5.528],[-75.627,5.526],[-75.635,5.526],[-75.636,5.528],[-75.641,5.53],[-75.649,5.531],[-75.653,5.53],[-75.656,5.524],[-75.662,5.527],[-75.663,5.527],[-75.67,5.529],[-75.673,5.527],[-75.676,5.528],[-75.681,5.524],[-75.686,5.525],[-75.697,5.531],[-75.706,5.54],[-75.709,5.54],[-75.717,5.55],[-75.721,5.552],[-75.726,5.556],[-75.731,5.564],[-75.737,5.561],[-75.745,5.552],[-75.761,5.554],[-75.768,5.552],[-75.772,5.543],[-75.772,5.54],[-75.77,5.539],[-75.771,5.535],[-75.774,5.535],[-75.776,5.54],[-75.786,5.541],[-75.792,5.532],[-75.802,5.526],[-75.807,5.514],[-75.815,5.514],[-75.818,5.512],[-75.827,5.499],[-75.828,5.492],[-75.831,5.488],[-75.844,5.493],[-75.85,5.492],[-75.854,5.496],[-75.86,5.496],[-75.865,5.494],[-75.867,5.488],[-75.871,5.493],[-75.884,5.484],[-75.892,5.484],[-75.906,5.48],[-75.908,5.486],[-75.915,5.489],[-75.923,5.494],[-75.926,5.501],[-75.931,5.506],[-75.93,5.509],[-75.936,5.51],[-75.954,5.509],[-75.96,5.505],[-75.964,5.512],[-75.969,5.513],[-75.983,5.519],[-75.988,5.528],[-75.99,5.536],[-75.999,5.542],[-76.002,5.553],[-76.002,5.56],[-76.008,5.563],[-76.009,5.568],[-76.007,5.576],[-76.007,5.581],[-76.008,5.587],[-76.012,5.592],[-76.011,5.594],[-76.003,5.601],[-76.007,5.613],[-76.005,5.618],[-76.005,5.622],[-76.01,5.626],[-76.011,5.631],[-76.022,5.636],[-76.026,5.643],[-76.036,5.652],[-76.044,5.654],[-76.054,5.661],[-76.067,5.667],[-76.066,5.672],[-76.072,5.675],[-76.076,5.68],[-76.082,5.683],[-76.087,5.689],[-76.084,5.697],[-76.08,5.704],[-76.079,5.71],[-76.07,5.721],[-76.069,5.725],[-76.071,5.744],[-76.069,5.751],[-76.066,5.754],[-76.067,5.758],[-76.081,5.767],[-76.081,5.769],[-76.076,5.773],[-76.071,5.781],[-76.084,5.791],[-76.091,5.8],[-76.097,5.815],[-76.099,5.826],[-76.099,5.842],[-76.098,5.851],[-76.086,5.875],[-76.079,5.911],[-76.07,5.932],[-76.068,5.945],[-76.071,5.955],[-76.067,5.978],[-76.071,5.981],[-76.071,5.985],[-76.08,5.989],[-76.086,5.987],[-76.088,5.991],[-76.089,6.0],[-76.093,6.003],[-76.098,6.01],[-76.098,6.015],[-76.102,6.015],[-76.105,6.018],[-76.109,6.018],[-76.112,6.021],[-76.122,6.02],[-76.124,6.018],[-76.124,6.012],[-76.129,6.007],[-76.132,6.0],[-76.141,5.999],[-76.144,5.998],[-76.15,6.0],[-76.155,6.005],[-76.159,6.004],[-76.165,6.007],[-76.168,6.014],[-76.173,6.017],[-76.17,6.027],[-76.172,6.03],[-76.173,6.038],[-76.175,6.044],[-76.182,6.048],[-76.187,6.054],[-76.189,6.06],[-76.192,6.063],[-76.197,6.08],[-76.198,6.098],[-76.196,6.104],[-76.202,6.121],[-76.203,6.134],[-76.201,6.141],[-76.206,6.147],[-76.201,6.157],[-76.201,6.161],[-76.203,6.163],[-76.213,6.168],[-76.225,6.189],[-76.226,6.195],[-76.239,6.21],[-76.248,6.204],[-76.255,6.204],[-76.26,6.209],[-76.262,6.209],[-76.274,6.2],[-76.277,6.197],[-76.284,6.193],[-76.286,6.194],[-76.295,6.2],[-76.31,6.2],[-76.317,6.202],[-76.326,6.203],[-76.333,6.196],[-76.339,6.197],[-76.351,6.196],[-76.361,6.193],[-76.378,6.195],[-76.405,6.186],[-76.409,6.18],[-76.409,6.172],[-76.415,6.167],[-76.42,6.166],[-76.431,6.167],[-76.438,6.17],[-76.449,6.169],[-76.463,6.175],[-76.469,6.177],[-76.475,6.172],[-76.476,6.162],[-76.482,6.162],[-76.489,6.168],[-76.498,6.174],[-76.508,6.174],[-76.519,6.18],[-76.526,6.178],[-76.533,6.178],[-76.536,6.179],[-76.55,6.178],[-76.56,6.18],[-76.571,6.186],[-76.58,6.187],[-76.583,6.189],[-76.582,6.192],[-76.584,6.193],[-76.588,6.188],[-76.591,6.189],[-76.598,6.187],[-76.599,6.191],[-76.601,6.192],[-76.62,6.185],[-76.625,6.183],[-76.631,6.175],[-76.64,6.175],[-76.644,6.168],[-76.655,6.173],[-76.663,6.171],[-76.667,6.172],[-76.669,6.17],[-76.672,6.174],[-76.673,6.171],[-76.677,6.173],[-76.684,6.171],[-76.681,6.169],[-76.684,6.167],[-76.685,6.163],[-76.687,6.161],[-76.689,6.162],[-76.69,6.166],[-76.694,6.163],[-76.704,6.169],[-76.718,6.172],[-76.72,6.181],[-76.715,6.189],[-76.715,6.192],[-76.721,6.198],[-76.722,6.201],[-76.718,6.218],[-76.725,6.222],[-76.727,6.225],[-76.724,6.237],[-76.725,6.238],[-76.733,6.237],[-76.744,6.243],[-76.752,6.247],[-76.757,6.254],[-76.759,6.261],[-76.755,6.268],[-76.75,6.274],[-76.749,6.279],[-76.753,6.283],[-76.756,6.285],[-76.772,6.284],[-76.777,6.285],[-76.781,6.288],[-76.784,6.292],[-76.785,6.297],[-76.782,6.309],[-76.789,6.318],[-76.79,6.322],[-76.789,6.325],[-76.787,6.327],[-76.778,6.329],[-76.779,6.333],[-76.79,6.339],[-76.79,6.344],[-76.789,6.35],[-76.784,6.355],[-76.775,6.358],[-76.772,6.362],[-76.773,6.367],[-76.775,6.37],[-76.786,6.373],[-76.786,6.379],[-76.784,6.381],[-76.782,6.382],[-76.772,6.38],[-76.768,6.381],[-76.766,6.384],[-76.766,6.39],[-76.766,6.393],[-76.77,6.396],[-76.793,6.41],[-76.795,6.416],[-76.795,6.421],[-76.789,6.425],[-76.774,6.421],[-76.767,6.422],[-76.764,6.427],[-76.763,6.433],[-76.764,6.438],[-76.77,6.44],[-76.773,6.439],[-76.782,6.433],[-76.791,6.434],[-76.795,6.438],[-76.795,6.445],[-76.793,6.452],[-76.784,6.458],[-76.781,6.475],[-76.779,6.476],[-76.777,6.474],[-76.775,6.466],[-76.771,6.465],[-76.769,6.466],[-76.767,6.47],[-76.767,6.478],[-76.778,6.49],[-76.792,6.496],[-76.799,6.507],[-76.803,6.507],[-76.805,6.505],[-76.816,6.487],[-76.82,6.487],[-76.824,6.51],[-76.82,6.52],[-76.82,6.524],[-76.821,6.526],[-76.826,6.526],[-76.836,6.519],[-76.839,6.52],[-76.842,6.522],[-76.846,6.533],[-76.848,6.548],[-76.853,6.561],[-76.861,6.569],[-76.865,6.571],[-76.877,6.567],[-76.883,6.56],[-76.887,6.562],[-76.893,6.568],[-76.898,6.578],[-76.899,6.585],[-76.897,6.593],[-76.89,6.605],[-76.886,6.608],[-76.882,6.61],[-76.868,6.609],[-76.864,6.61],[-76.859,6.615],[-76.859,6.619],[-76.86,6.623],[-76.862,6.625],[-76.87,6.63],[-76.879,6.63],[-76.898,6.625],[-76.904,6.626],[-76.91,6.63],[-76.912,6.639],[-76.911,6.643],[-76.9,6.654],[-76.897,6.659],[-76.897,6.665],[-76.9,6.67],[-76.904,6.672],[-76.907,6.671],[-76.913,6.667],[-76.917,6.662],[-76.92,6.651],[-76.922,6.649],[-76.928,6.649],[-76.934,6.651],[-76.937,6.655],[-76.94,6.685],[-76.942,6.684],[-76.946,6.678],[-76.951,6.674],[-76.957,6.675],[-76.961,6.677],[-76.964,6.682],[-76.963,6.687],[-76.959,6.69],[-76.952,6.691],[-76.947,6.696],[-76.942,6.706],[-76.936,6.708],[-76.933,6.711],[-76.937,6.72],[-76.94,6.723],[-76.946,6.724],[-76.954,6.723],[-76.958,6.725],[-76.962,6.735],[-76.966,6.741],[-76.967,6.747],[-76.963,6.761],[-76.964,6.78],[-76.958,6.793],[-76.96,6.795],[-76.968,6.795],[-76.972,6.797],[-76.973,6.806],[-76.971,6.812],[-76.969,6.814],[-76.957,6.816],[-76.932,6.814],[-76.926,6.832],[-76.919,6.844],[-76.916,6.846],[-76.916,6.842],[-76.913,6.843],[-76.903,6.836],[-76.9,6.837],[-76.901,6.835],[-76.899,6.834],[-76.891,6.838],[-76.886,6.846],[-76.881,6.849],[-76.878,6.852],[-76.874,6.851],[-76.867,6.845],[-76.862,6.844],[-76.86,6.847],[-76.854,6.845],[-76.852,6.843],[-76.85,6.836],[-76.847,6.833],[-76.838,6.832],[-76.828,6.838],[-76.819,6.835],[-76.818,6.838],[-76.819,6.845],[-76.824,6.851],[-76.831,6.854],[-76.831,6.858],[-76.828,6.86],[-76.814,6.859],[-76.805,6.862],[-76.798,6.861],[-76.791,6.868],[-76.791,6.871],[-76.795,6.874],[-76.794,6.876],[-76.79,6.876],[-76.787,6.879],[-76.788,6.89],[-76.792,6.894],[-76.792,6.899],[-76.796,6.905],[-76.799,6.925],[-76.796,6.934],[-76.799,6.94],[-76.8,6.949],[-76.806,6.948],[-76.808,6.95],[-76.809,6.952],[-76.811,6.962],[-76.813,6.964],[-76.818,6.963],[-76.825,6.955],[-76.829,6.955],[-76.829,6.958],[-76.822,6.965],[-76.819,6.975],[-76.82,6.977],[-76.824,6.977],[-76.83,6.972],[-76.831,6.974],[-76.828,6.98],[-76.832,6.989],[-76.838,6.987],[-76.843,6.988],[-76.835,6.999],[-76.825,7.005],[-76.707,7.025],[-76.696,7.023],[-76.684,7.023],[-76.676,7.028],[-76.671,7.023],[-76.656,7.017],[-76.651,7.01],[-76.645,7.008],[-76.64,7.013],[-76.636,7.015],[-76.615,7.016],[-76.609,7.012],[-76.604,7.0],[-76.597,7.011],[-76.594,7.012],[-76.59,7.008],[-76.589,6.999],[-76.585,6.992],[-76.584,6.983],[-76.577,6.979],[-76.572,6.978],[-76.564,6.988],[-76.559,6.991],[-76.547,7.003],[-76.547,7.008],[-76.548,7.016],[-76.544,7.021],[-76.542,7.029],[-76.543,7.042],[-76.541,7.047],[-76.543,7.054],[-76.539,7.055],[-76.537,7.059],[-76.541,7.064],[-76.536,7.074],[-76.53,7.081],[-76.531,7.095],[-76.529,7.097],[-76.521,7.099],[-76.52,7.1],[-76.522,7.107],[-76.516,7.111],[-76.511,7.121],[-76.508,7.139],[-76.498,7.137],[-76.494,7.128],[-76.487,7.129],[-76.483,7.133],[-76.491,7.145],[-76.503,7.149],[-76.505,7.155],[-76.505,7.161],[-76.503,7.164],[-76.504,7.168],[-76.501,7.171],[-76.507,7.174],[-76.509,7.177],[-76.505,7.196],[-76.508,7.202],[-76.513,7.205],[-76.514,7.212],[-76.517,7.215],[-76.516,7.223],[-76.521,7.23],[-76.525,7.243],[-76.533,7.258],[-76.535,7.258],[-76.536,7.256],[-76.545,7.259],[-76.563,7.274],[-76.567,7.282],[-76.569,7.29],[-76.574,7.298],[-76.577,7.301],[-76.58,7.301],[-76.583,7.299],[-76.586,7.299],[-76.605,7.31],[-76.603,7.314],[-76.611,7.312],[-76.615,7.316],[-76.619,7.317],[-76.624,7.324],[-76.627,7.324],[-76.632,7.321],[-76.638,7.321],[-76.641,7.323],[-76.643,7.327],[-76.695,7.362],[-76.717,7.368],[-76.729,7.386],[-76.78,7.45],[-76.803,7.476],[-76.819,7.504],[-76.827,7.506],[-76.826,7.514],[-76.829,7.521],[-76.872,7.549],[-76.944,7.613],[-76.952,7.615],[-76.959,7.62],[-76.974,7.624],[-76.987,7.632],[-76.99,7.636],[-76.991,7.644],[-76.997,7.653],[-77.016,7.668],[-77.025,7.677],[-77.03,7.69],[-77.035,7.698],[-77.039,7.702],[-77.055,7.713],[-77.063,7.732],[-77.075,7.752],[-77.113,7.779],[-77.115,7.784],[-77.121,7.786],[-77.123,7.789],[-77.127,7.826],[-77.126,7.831],[-77.123,7.833],[-77.117,7.832],[-77.103,7.824],[-77.095,7.824],[-77.091,7.827],[-77.08,7.845],[-77.076,7.848],[-77.063,7.849],[-77.058,7.852],[-77.049,7.864],[-77.031,7.88],[-77.028,7.887],[-77.023,7.905],[-77.015,7.924],[-77.013,7.931],[-77.014,7.939],[-77.02,7.945],[-77.021,7.95],[-77.019,7.951],[-77.007,7.951],[-77.004,7.953],[-77.0,7.957],[-77.0,7.961],[-77.005,7.969],[-77.006,7.978],[-77.005,7.987],[-76.994,8.024],[-76.988,8.031],[-76.971,8.032],[-76.964,8.034],[-76.955,8.042],[-76.948,8.067],[-76.958,8.078],[-76.964,8.074],[-76.966,8.078],[-76.965,8.085],[-76.967,8.091],[-76.967,8.095],[-76.98,8.099],[-76.986,8.106],[-76.982,8.121],[-76.981,8.125],[-76.979,8.127],[-76.977,8.132],[-76.968,8.133],[-76.965,8.127],[-76.965,8.122],[-76.961,8.117],[-76.957,8.117],[-76.955,8.12],[-76.954,8.145],[-76.95,8.171],[-76.954,8.179],[-76.967,8.193],[-76.979,8.23],[-76.978,8.248],[-76.98,8.255],[-76.976,8.257],[-76.963,8.256],[-76.95,8.253],[-76.943,8.249],[-76.945,8.245],[-76.944,8.248],[-76.946,8.248],[-76.95,8.252],[-76.954,8.243],[-76.955,8.237],[-76.956,8.236],[-76.958,8.239],[-76.963,8.238],[-76.964,8.245],[-76.968,8.244],[-76.967,8.234],[-76.97,8.232],[-76.965,8.226],[-76.965,8.223],[-76.966,8.218],[-76.965,8.207],[-76.967,8.206],[-76.965,8.205],[-76.959,8.187],[-76.957,8.185],[-76.952,8.182],[-76.947,8.184],[-76.943,8.18],[-76.939,8.182],[-76.934,8.19],[-76.935,8.196],[-76.933,8.198],[-76.938,8.199],[-76.942,8.209],[-76.929,8.202],[-76.928,8.199],[-76.926,8.203],[-76.928,8.208],[-76.925,8.206],[-76.925,8.203],[-76.936,8.184],[-76.94,8.18],[-76.938,8.179],[-76.933,8.18],[-76.927,8.179],[-76.922,8.181],[-76.917,8.181],[-76.911,8.179],[-76.911,8.178],[-76.914,8.179],[-76.918,8.177],[-76.924,8.177],[-76.921,8.172],[-76.925,8.172],[-76.929,8.175],[-76.93,8.174],[-76.932,8.174],[-76.932,8.171],[-76.934,8.171],[-76.929,8.168],[-76.93,8.165],[-76.927,8.163],[-76.93,8.164],[-76.93,8.162],[-76.933,8.159],[-76.935,8.16],[-76.935,8.166],[-76.938,8.166],[-76.942,8.168],[-76.943,8.167],[-76.943,8.161],[-76.946,8.164],[-76.944,8.155],[-76.95,8.145],[-76.95,8.134],[-76.952,8.131],[-76.952,8.126],[-76.947,8.119],[-76.942,8.117],[-76.938,8.112],[-76.937,8.11],[-76.939,8.11],[-76.936,8.108],[-76.936,8.103],[-76.941,8.102],[-76.939,8.1],[-76.936,8.101],[-76.936,8.097],[-76.931,8.091],[-76.926,8.091],[-76.905,8.101],[-76.901,8.101],[-76.896,8.11],[-76.887,8.115],[-76.888,8.121],[-76.89,8.129],[-76.894,8.131],[-76.893,8.132],[-76.883,8.13],[-76.871,8.131],[-76.867,8.132],[-76.841,8.136],[-76.834,8.14],[-76.835,8.137],[-76.834,8.133],[-76.824,8.138],[-76.808,8.13],[-76.807,8.129],[-76.809,8.128],[-76.812,8.132],[-76.818,8.133],[-76.831,8.126],[-76.835,8.127],[-76.838,8.123],[-76.842,8.124],[-76.849,8.121],[-76.853,8.122],[-76.854,8.115],[-76.857,8.113],[-76.854,8.11],[-76.854,8.105],[-76.853,8.104],[-76.855,8.092],[-76.853,8.092],[-76.849,8.088],[-76.837,8.089],[-76.835,8.091],[-76.837,8.094],[-76.835,8.095],[-76.829,8.093],[-76.829,8.091],[-76.831,8.087],[-76.836,8.082],[-76.841,8.082],[-76.844,8.078],[-76.858,8.076],[-76.859,8.074],[-76.866,8.075],[-76.867,8.072],[-76.87,8.072],[-76.873,8.069],[-76.873,8.067],[-76.87,8.066],[-76.868,8.067],[-76.865,8.061],[-76.853,8.062],[-76.853,8.06],[-76.848,8.06],[-76.839,8.058],[-76.83,8.049],[-76.83,8.047],[-76.831,8.047],[-76.83,8.049],[-76.834,8.051],[-76.835,8.049],[-76.832,8.046],[-76.835,8.046],[-76.835,8.043],[-76.837,8.043],[-76.839,8.049],[-76.841,8.051],[-76.84,8.048],[-76.842,8.047],[-76.846,8.051],[-76.844,8.051],[-76.845,8.052],[-76.852,8.057],[-76.871,8.055],[-76.875,8.052],[-76.874,8.049],[-76.872,8.048],[-76.87,8.047],[-76.866,8.048],[-76.865,8.045],[-76.861,8.043],[-76.858,8.043],[-76.859,8.04],[-76.861,8.04],[-76.862,8.037],[-76.859,8.035],[-76.848,8.032],[-76.847,8.031],[-76.85,8.03],[-76.848,8.03],[-76.847,8.027],[-76.842,8.026],[-76.84,8.023],[-76.842,8.019],[-76.846,8.019],[-76.852,8.023],[-76.857,8.023],[-76.863,8.021],[-76.863,8.024],[-76.866,8.026],[-76.871,8.022],[-76.874,8.022],[-76.875,8.032],[-76.882,8.042],[-76.892,8.046],[-76.902,8.046],[-76.911,8.042],[-76.915,8.039],[-76.917,8.034],[-76.918,8.027],[-76.921,8.029],[-76.924,8.027],[-76.927,8.014],[-76.924,8.012],[-76.928,8.007],[-76.925,8.004],[-76.921,7.998],[-76.928,7.99],[-76.929,7.981],[-76.929,7.964],[-76.933,7.944],[-76.931,7.933],[-76.923,7.918],[-76.914,7.913],[-76.882,7.905],[-76.868,7.904],[-76.863,7.9],[-76.857,7.904],[-76.831,7.903],[-76.795,7.905],[-76.773,7.909],[-76.753,7.916],[-76.748,7.921],[-76.747,7.929],[-76.747,7.932],[-76.753,7.937],[-76.75,7.939],[-76.747,7.938],[-76.745,7.938],[-76.74,7.942],[-76.739,7.945],[-76.74,7.951],[-76.745,7.956],[-76.745,7.963],[-76.731,7.973],[-76.726,7.982],[-76.731,7.998],[-76.735,8.0],[-76.736,8.001],[-76.736,8.014],[-76.738,8.018],[-76.728,8.027],[-76.724,8.037],[-76.722,8.037],[-76.719,8.04],[-76.715,8.063],[-76.721,8.07],[-76.724,8.083],[-76.728,8.087],[-76.73,8.086],[-76.733,8.089],[-76.729,8.091],[-76.733,8.09],[-76.736,8.091],[-76.736,8.087],[-76.733,8.071],[-76.735,8.071],[-76.734,8.07],[-76.738,8.067],[-76.739,8.065],[-76.743,8.065],[-76.742,8.09],[-76.739,8.1],[-76.74,8.112],[-76.744,8.117],[-76.744,8.12],[-76.746,8.12],[-76.746,8.117],[-76.75,8.119],[-76.748,8.112],[-76.746,8.111],[-76.748,8.11],[-76.748,8.107],[-76.745,8.105],[-76.745,8.102],[-76.747,8.104],[-76.75,8.112],[-76.754,8.116],[-76.755,8.123],[-76.748,8.13],[-76.744,8.137],[-76.739,8.165],[-76.74,8.172],[-76.744,8.181],[-76.745,8.189],[-76.748,8.195],[-76.748,8.204],[-76.751,8.216],[-76.755,8.22],[-76.754,8.227],[-76.756,8.241],[-76.759,8.246],[-76.76,8.253],[-76.763,8.256],[-76.769,8.258],[-76.774,8.265],[-76.774,8.269],[-76.769,8.28],[-76.767,8.28],[-76.768,8.282],[-76.76,8.301],[-76.754,8.327],[-76.754,8.343],[-76.76,8.35],[-76.76,8.354],[-76.757,8.385],[-76.759,8.398],[-76.768,8.415],[-76.773,8.42],[-76.776,8.421],[-76.788,8.421],[-76.789,8.427],[-76.795,8.436],[-76.797,8.451],[-76.806,8.472],[-76.813,8.483],[-76.826,8.497],[-76.844,8.509],[-76.871,8.519],[-76.894,8.526],[-76.904,8.532],[-76.912,8.534],[-76.917,8.538],[-76.917,8.541],[-76.919,8.544],[-76.924,8.542],[-76.932,8.544],[-76.932,8.54],[-76.928,8.534],[-76.926,8.531],[-76.92,8.529],[-76.925,8.526],[-76.929,8.528],[-76.934,8.535],[-76.938,8.545],[-76.938,8.552],[-76.934,8.556],[-76.903,8.58],[-76.892,8.591],[-76.886,8.601],[-76.887,8.609],[-76.886,8.62],[-76.884,8.622],[-76.848,8.624],[-76.776,8.635],[-76.756,8.639],[-76.74,8.645],[-76.739,8.644],[-76.735,8.646],[-76.685,8.657],[-76.649,8.671],[-76.645,8.675],[-76.638,8.685],[-76.634,8.689],[-76.633,8.698],[-76.638,8.711],[-76.632,8.715],[-76.628,8.722],[-76.628,8.727],[-76.63,8.731],[-76.61,8.737],[-76.608,8.74],[-76.583,8.747],[-76.557,8.755],[-76.531,8.769],[-76.515,8.78],[-76.51,8.803],[-76.487,8.816],[-76.479,8.826],[-76.429,8.853],[-76.421,8.86],[-76.414,8.872],[-76.415,8.887],[-76.414,8.89],[-76.385,8.791],[-76.386,8.787],[-76.389,8.784],[-76.395,8.782],[-76.399,8.774],[-76.416,8.758],[-76.416,8.755],[-76.412,8.748],[-76.408,8.746],[-76.4,8.746],[-76.366,8.719],[-76.356,8.695],[-76.353,8.68],[-76.349,8.669],[-76.347,8.657],[-76.345,8.652],[-76.341,8.646],[-76.338,8.646],[-76.33,8.653],[-76.318,8.657],[-76.309,8.656],[-76.302,8.652],[-76.295,8.653],[-76.283,8.649],[-76.274,8.639],[-76.271,8.638],[-76.267,8.635],[-76.265,8.629],[-76.266,8.621],[-76.264,8.617],[-76.255,8.611],[-76.252,8.6],[-76.253,8.585],[-76.25,8.579],[-76.243,8.572],[-76.223,8.573],[-76.223,8.568],[-76.229,8.562],[-76.234,8.556],[-76.235,8.546],[-76.232,8.539],[-76.218,8.516],[-76.213,8.5],[-76.21,8.464],[-76.212,8.44],[-76.211,8.435],[-76.193,8.408],[-76.19,8.4],[-76.191,8.392],[-76.194,8.39],[-76.214,8.381],[-76.235,8.368],[-76.252,8.361],[-76.272,8.344],[-76.284,8.332],[-76.298,8.321],[-76.302,8.315],[-76.305,8.308],[-76.305,8.292],[-76.31,8.286],[-76.317,8.282],[-76.321,8.276],[-76.332,8.233],[-76.333,8.225],[-76.337,8.212],[-76.343,8.207],[-76.344,8.196],[-76.342,8.186],[-76.345,8.174],[-76.36,8.167],[-76.366,8.161],[-76.377,8.135],[-76.38,8.114],[-76.384,8.102],[-76.39,8.093],[-76.405,8.086],[-76.408,8.082],[-76.416,8.071],[-76.423,8.034],[-76.427,8.024],[-76.427,8.017],[-76.415,7.996],[-76.417,7.986],[-76.415,7.953],[-76.42,7.91],[-76.437,7.895],[-76.452,7.868],[-76.46,7.865],[-76.466,7.856],[-76.469,7.845],[-76.478,7.832],[-76.476,7.817],[-76.483,7.778],[-76.481,7.77],[-76.481,7.765],[-76.485,7.757],[-76.495,7.75],[-76.496,7.742],[-76.491,7.73],[-76.489,7.72],[-76.49,7.702],[-76.488,7.685],[-76.489,7.66],[-76.498,7.644],[-76.505,7.628],[-76.51,7.584],[-76.503,7.56],[-76.498,7.551],[-76.489,7.542],[-76.484,7.533],[-76.464,7.517],[-76.461,7.509],[-76.456,7.505],[-76.45,7.49],[-76.431,7.461],[-76.429,7.45],[-76.42,7.436],[-76.402,7.41],[-76.384,7.392],[-75.966,7.357],[-75.841,7.363],[-75.835,7.371],[-75.837,7.387],[-75.833,7.398],[-75.82,7.417],[-75.821,7.421],[-75.827,7.43],[-75.827,7.434],[-75.822,7.442],[-75.809,7.447],[-75.802,7.447],[-75.789,7.459],[-75.788,7.477],[-75.782,7.487],[-75.777,7.5],[-75.778,7.503],[-75.783,7.508],[-75.785,7.514],[-75.784,7.516],[-75.771,7.526],[-75.769,7.53],[-75.772,7.542],[-75.773,7.556],[-75.77,7.565],[-75.762,7.574],[-75.76,7.585],[-75.762,7.599],[-75.759,7.605],[-75.747,7.608],[-75.743,7.612],[-75.741,7.611],[-75.712,7.582],[-75.695,7.58],[-75.683,7.585],[-75.676,7.596],[-75.674,7.597],[-75.661,7.593],[-75.65,7.587],[-75.633,7.58],[-75.61,7.58],[-75.603,7.582],[-75.602,7.593],[-75.603,7.6],[-75.599,7.603],[-75.583,7.607],[-75.573,7.618],[-75.57,7.626],[-75.572,7.632],[-75.572,7.64],[-75.562,7.655],[-75.56,7.665],[-75.561,7.675],[-75.557,7.694],[-75.552,7.701],[-75.543,7.705],[-75.534,7.708],[-75.514,7.711],[-75.511,7.713],[-75.511,7.715],[-75.497,7.717],[-75.496,7.72],[-75.492,7.725],[-75.482,7.742],[-75.483,7.751],[-75.482,7.759],[-75.474,7.773],[-75.464,7.786],[-75.46,7.823],[-75.454,7.834],[-75.427,7.84],[-75.418,7.835],[-75.416,7.837],[-75.412,7.846],[-75.398,7.859],[-75.385,7.868],[-75.372,7.871],[-75.359,7.877],[-75.351,7.884],[-75.347,7.888],[-75.34,7.91],[-75.336,7.95],[-75.331,7.95],[-75.322,7.945],[-75.316,7.945],[-75.309,7.954],[-75.304,7.957],[-75.303,7.96],[-75.296,7.964],[-75.292,7.969],[-75.289,7.976],[-75.281,7.981],[-75.276,7.993],[-75.261,7.997],[-75.246,8.015],[-75.239,8.028],[-75.238,8.04],[-75.228,8.056],[-75.224,8.06],[-75.21,8.063],[-75.192,8.052],[-75.183,8.05],[-75.166,8.049],[-75.155,8.055],[-75.14,8.053],[-75.117,8.052],[-75.094,8.057],[-75.08,8.055],[-75.072,8.052],[-75.046,8.052],[-75.041,8.056],[-75.031,8.06],[-75.023,8.066],[-75.006,8.073],[-74.977,8.092],[-74.968,8.094],[-74.951,8.08],[-74.931,8.074],[-74.924,8.08],[-74.918,8.092],[-74.912,8.101],[-74.9,8.11],[-74.894,8.117],[-74.892,8.123],[-74.88,8.139],[-74.881,8.148],[-74.873,8.174],[-74.876,8.187],[-74.876,8.198],[-74.872,8.2],[-74.825,8.199],[-74.82,8.193],[-74.816,8.19],[-74.814,8.183],[-74.813,8.175],[-74.817,8.168],[-74.813,8.156],[-74.816,8.151],[-74.816,8.149],[-74.812,8.144],[-74.8,8.139],[-74.789,8.139],[-74.787,8.133],[-74.781,8.13],[-74.774,8.122],[-74.771,8.121],[-74.764,8.125],[-74.759,8.129],[-74.753,8.126],[-74.749,8.127],[-74.746,8.123],[-74.735,8.117],[-74.725,8.117],[-74.72,8.101],[-74.691,8.089],[-74.682,8.084],[-74.664,8.06],[-74.656,8.054],[-74.65,8.052],[-74.647,8.055],[-74.643,8.056],[-74.635,8.055],[-74.631,8.052],[-74.626,8.039],[-74.622,8.035],[-74.615,8.031],[-74.603,8.037],[-74.604,8.032],[-74.597,8.025],[-74.598,8.018],[-74.592,8.011],[-74.591,8.005],[-74.583,8.0],[-74.578,7.995],[-74.577,7.987],[-74.575,7.985],[-74.575,7.981],[-74.574,7.976],[-74.569,7.973],[-74.56,7.969],[-74.559,7.961],[-74.555,7.957],[-74.55,7.956],[-74.547,7.949],[-74.539,7.947],[-74.536,7.935],[-74.537,7.918],[-74.534,7.912],[-74.531,7.913],[-74.527,7.91],[-74.521,7.904],[-74.523,7.882],[-74.521,7.866],[-74.522,7.862],[-74.525,7.86],[-74.525,7.855],[-74.527,7.852],[-74.527,7.849],[-74.526,7.836],[-74.517,7.817],[-74.517,7.8],[-74.519,7.796],[-74.524,7.792],[-74.525,7.782],[-74.521,7.781],[-74.516,7.783],[-74.514,7.782],[-74.513,7.768],[-74.504,7.753],[-74.468,7.735],[-74.461,7.729],[-74.461,7.724],[-74.477,7.708],[-74.476,7.703],[-74.481,7.69],[-74.481,7.683],[-74.483,7.673],[-74.491,7.662],[-74.497,7.66],[-74.516,7.663],[-74.536,7.664],[-74.542,7.662],[-74.544,7.655],[-74.552,7.65],[-74.56,7.647],[-74.562,7.645],[-74.565,7.636],[-74.567,7.622],[-74.566,7.618],[-74.564,7.613],[-74.563,7.607],[-74.568,7.595],[-74.567,7.584],[-74.569,7.582],[-74.571,7.578],[-74.57,7.554],[-74.567,7.543],[-74.567,7.538],[-74.57,7.533],[-74.568,7.518],[-74.574,7.514],[-74.587,7.514],[-74.59,7.511],[-74.59,7.505],[-74.593,7.499],[-74.593,7.491],[-74.588,7.486],[-74.588,7.483],[-74.598,7.472],[-74.598,7.461],[-74.596,7.455],[-74.592,7.452],[-74.589,7.448],[-74.583,7.447],[-74.583,7.443],[-74.586,7.442],[-74.585,7.437],[-74.575,7.432],[-74.563,7.433],[-74.561,7.428],[-74.56,7.419],[-74.558,7.415],[-74.548,7.411],[-74.543,7.404],[-74.534,7.4],[-74.527,7.39],[-74.515,7.384],[-74.51,7.377],[-74.505,7.361],[-74.497,7.347],[-74.495,7.345],[-74.489,7.343],[-74.467,7.347],[-74.466,7.358],[-74.462,7.361],[-74.455,7.365],[-74.453,7.37],[-74.446,7.38],[-74.439,7.381],[-74.423,7.379],[-74.418,7.382],[-74.412,7.391],[-74.411,7.397],[-74.416,7.412],[-74.412,7.439],[-74.414,7.441],[-74.421,7.441],[-74.422,7.443],[-74.415,7.453],[-74.412,7.461],[-74.398,7.461],[-74.394,7.464],[-74.389,7.464],[-74.386,7.466],[-74.381,7.473],[-74.374,7.475],[-74.372,7.479],[-74.37,7.476],[-74.373,7.469],[-74.372,7.467],[-74.365,7.463],[-74.364,7.459],[-74.365,7.45],[-74.364,7.446],[-74.359,7.443],[-74.358,7.439],[-74.353,7.433],[-74.348,7.431],[-74.342,7.426],[-74.339,7.417],[-74.34,7.414],[-74.344,7.412],[-74.348,7.403],[-74.356,7.4],[-74.361,7.395],[-74.361,7.389],[-74.373,7.376],[-74.374,7.367],[-74.376,7.365],[-74.388,7.361],[-74.391,7.353],[-74.397,7.348],[-74.398,7.343],[-74.401,7.339],[-74.402,7.33],[-74.401,7.315],[-74.399,7.311],[-74.395,7.309],[-74.393,7.301],[-74.388,7.301],[-74.386,7.298],[-74.389,7.285],[-74.387,7.276],[-74.39,7.27],[-74.39,7.264],[-74.396,7.255],[-74.4,7.235],[-74.405,7.229],[-74.405,7.223],[-74.408,7.217],[-74.404,7.209],[-74.409,7.202],[-74.407,7.192],[-74.406,7.19],[-74.4,7.189],[-74.396,7.174],[-74.391,7.173],[-74.39,7.171],[-74.388,7.165],[-74.385,7.161],[-74.381,7.149],[-74.377,7.141],[-74.376,7.132],[-74.369,7.124],[-74.369,7.121],[-74.371,7.117],[-74.369,7.113],[-74.371,7.11],[-74.369,7.106],[-74.372,7.104],[-74.371,7.098],[-74.367,7.093],[-74.364,7.091],[-74.363,7.086],[-74.36,7.089],[-74.356,7.089],[-74.352,7.082],[-74.352,7.066],[-74.35,7.055],[-74.353,7.033],[-74.354,7.03],[-74.353,7.025],[-74.354,7.02],[-74.355,7.011],[-74.349,7.013],[-74.333,7.013],[-74.329,7.011],[-74.327,7.016],[-74.323,7.018],[-74.323,7.019],[-74.32,7.019],[-74.313,7.008],[-74.307,7.006],[-74.309,7.002],[-74.306,7.0],[-74.302,7.003],[-74.295,7.005],[-74.292,7.005],[-74.287,7.002],[-74.283,7.009],[-74.275,7.013],[-74.262,7.009],[-74.257,7.004],[-74.252,7.004],[-74.248,7.003],[-74.244,7.004],[-73.913,7.298],[-73.917,7.287],[-73.922,7.282],[-73.924,7.271],[-73.925,7.256],[-73.922,7.243],[-73.924,7.213],[-73.938,7.183],[-73.939,7.174],[-73.927,7.152],[-73.925,7.124],[-73.92,7.11],[-73.911,7.096],[-73.895,7.081],[-73.888,7.07],[-73.886,7.064],[-73.886,7.048],[-73.882,7.029],[-73.88,7.025],[-73.88,7.015],[-73.884,7.004],[-73.898,6.992],[-73.906,6.982],[-73.919,6.971],[-73.928,6.961],[-73.937,6.956],[-73.949,6.953],[-73.985,6.929],[-74.005,6.913],[-74.032,6.883],[-74.047,6.867],[-74.067,6.852],[-74.074,6.837],[-74.08,6.82],[-74.088,6.811],[-74.097,6.796],[-74.107,6.787],[-74.12,6.778],[-74.132,6.764],[-74.148,6.751],[-74.17,6.729],[-74.185,6.722],[-74.201,6.718],[-74.22,6.717],[-74.23,6.712],[-74.243,6.696],[-74.254,6.68],[-74.264,6.67],[-74.278,6.663],[-74.308,6.656],[-74.33,6.63],[-74.342,6.635],[-74.361,6.633],[-74.384,6.604],[-74.4,6.591],[-74.403,6.585],[-74.406,6.564],[-74.412,6.544],[-74.41,6.53],[-74.401,6.523],[-74.394,6.505],[-74.395,6.492],[-74.4,6.482],[-74.405,6.477],[-74.405,6.469],[-74.399,6.459],[-74.389,6.446],[-74.382,6.436],[-74.37,6.43],[-74.368,6.427],[-74.366,6.42],[-74.368,6.409],[-74.376,6.404],[-74.384,6.397],[-74.392,6.394],[-74.405,6.392],[-74.422,6.393],[-74.428,6.389],[-74.432,6.386],[-74.44,6.37],[-74.449,6.336],[-74.453,6.332],[-74.466,6.313],[-74.474,6.308],[-74.482,6.304],[-74.487,6.296],[-74.497,6.286],[-74.502,6.283],[-74.511,6.284],[-74.509,6.279],[-74.521,6.276],[-74.539,6.266],[-74.544,6.254],[-74.558,6.233],[-74.568,6.221],[-74.572,6.214],[-74.574,6.208],[-74.576,6.184],[-74.585,6.169],[-74.587,6.166],[-74.593,6.164],[-74.597,6.16],[-74.6,6.151],[-74.607,6.142],[-74.611,6.131],[-74.61,6.121],[-74.606,6.108],[-74.606,6.101],[-74.602,6.095],[-74.595,6.091],[-74.589,6.089],[-74.578,6.082],[-74.566,6.08],[-74.561,6.076],[-74.563,6.07],[-74.57,6.058],[-74.572,6.044],[-74.57,6.029],[-74.561,6.002],[-74.565,5.989],[-74.571,5.984],[-74.577,5.982],[-74.589,5.984],[-74.594,5.983],[-74.607,5.976],[-74.611,5.971],[-74.612,5.961],[-74.605,5.953],[-74.6,5.933],[-74.589,5.92],[-74.586,5.906],[-74.586,5.899],[-74.589,5.896],[-74.596,5.893],[-74.62,5.889],[-74.629,5.882],[-74.637,5.873],[-74.645,5.843],[-74.649,5.834],[-74.649,5.827],[-74.645,5.819],[-74.645,5.813],[-74.65,5.795],[-74.656,5.784],[-74.658,5.775]]],[[[-76.921,8.196],[-76.92,8.194],[-76.915,8.194],[-76.911,8.192],[-76.912,8.19],[-76.914,8.188],[-76.914,8.182],[-76.911,8.181],[-76.92,8.182],[-76.928,8.179],[-76.932,8.181],[-76.928,8.192],[-76.921,8.196]]]]}},{"type":"Feature","properties":{"name":"Atlántico","iso":"CO-ATL"},"geometry":{"type":"MultiPolygon","coordinates":[[[[-75.222,10.797],[-75.216,10.803],[-75.216,10.804],[-75.217,10.804],[-75.217,10.806],[-75.209,10.818],[-75.193,10.819],[-75.18,10.83],[-75.166,10.83],[-75.155,10.832],[-75.149,10.837],[-75.146,10.847],[-75.143,10.852],[-75.135,10.856],[-75.132,10.857],[-75.13,10.859],[-75.13,10.862],[-75.124,10.862],[-75.121,10.864],[-75.104,10.866],[-75.1,10.869],[-75.101,10.873],[-75.091,10.875],[-75.085,10.878],[-75.081,10.887],[-75.061,10.889],[-75.047,10.898],[-75.043,10.905],[-75.035,10.922],[-75.034,10.922],[-75.034,10.927],[-75.031,10.931],[-75.026,10.947],[-75.028,10.951],[-75.033,10.952],[-75.035,10.95],[-75.036,10.947],[-75.039,10.945],[-75.044,10.944],[-75.046,10.94],[-75.049,10.939],[-75.049,10.937],[-75.052,10.94],[-75.049,10.947],[-75.045,10.951],[-75.034,10.955],[-75.023,10.969],[-75.007,10.979],[-74.982,10.982],[-74.959,10.99],[-74.953,11.0],[-74.953,11.008],[-74.95,11.01],[-74.947,11.01],[-74.941,11.019],[-74.93,11.023],[-74.922,11.029],[-74.92,11.034],[-74.923,11.04],[-74.921,11.046],[-74.908,11.043],[-74.893,11.043],[-74.87,11.047],[-74.853,11.054],[-74.844,11.063],[-74.846,11.067],[-74.853,11.098],[-74.855,11.106],[-74.853,11.107],[-74.842,11.066],[-74.836,11.057],[-74.827,11.048],[-74.791,11.025],[-74.774,11.009],[-74.765,10.996],[-74.758,10.981],[-74.756,10.961],[-74.756,10.942],[-74.754,10.936],[-74.742,10.926],[-74.722,10.912],[-74.717,10.905],[-74.715,10.898],[-74.713,10.883],[-74.714,10.874],[-74.719,10.867],[-74.735,10.856],[-74.74,10.844],[-74.741,10.837],[-74.736,10.8],[-74.727,10.781],[-74.725,10.772],[-74.727,10.751],[-74.723,10.672],[-74.725,10.667],[-74.741,10.656],[-74.746,10.651],[-74.746,10.648],[-74.745,10.643],[-74.739,10.634],[-74.733,10.632],[-74.73,10.629],[-74.725,10.615],[-74.725,10.604],[-74.727,10.598],[-74.732,10.594],[-74.736,10.582],[-74.737,10.548],[-74.739,10.543],[-74.755,10.532],[-74.769,10.527],[-74.784,10.514],[-74.79,10.507],[-74.796,10.497],[-74.81,10.478],[-74.812,10.472],[-74.813,10.441],[-74.816,10.427],[-74.829,10.409],[-74.836,10.385],[-74.855,10.356],[-74.865,10.346],[-74.898,10.288],[-74.908,10.253],[-74.916,10.261],[-74.964,10.325],[-74.973,10.332],[-74.98,10.341],[-74.988,10.346],[-75.002,10.359],[-75.027,10.365],[-75.044,10.375],[-75.054,10.384],[-75.066,10.4],[-75.073,10.409],[-75.082,10.412],[-75.086,10.411],[-75.106,10.404],[-75.118,10.402],[-75.129,10.397],[-75.131,10.398],[-75.142,10.413],[-75.144,10.418],[-75.153,10.423],[-75.152,10.431],[-75.153,10.435],[-75.157,10.438],[-75.157,10.441],[-75.165,10.447],[-75.169,10.452],[-75.176,10.455],[-75.169,10.459],[-75.165,10.465],[-75.165,10.469],[-75.17,10.474],[-75.194,10.481],[-75.215,10.482],[-75.22,10.482],[-75.229,10.475],[-75.234,10.475],[-75.245,10.48],[-75.251,10.485],[-75.253,10.49],[-75.25,10.497],[-75.244,10.5],[-75.237,10.51],[-75.237,10.529],[-75.231,10.538],[-75.227,10.54],[-75.226,10.542],[-75.227,10.548],[-75.223,10.55],[-75.225,10.559],[-75.229,10.559],[-75.237,10.57],[-75.233,10.578],[-75.231,10.589],[-75.228,10.593],[-75.227,10.603],[-75.229,10.612],[-75.224,10.628],[-75.233,10.646],[-75.263,10.667],[-75.265,10.672],[-75.267,10.688],[-75.259,10.703],[-75.252,10.72],[-75.246,10.731],[-75.241,10.743],[-75.24,10.748],[-75.229,10.759],[-75.227,10.772],[-75.223,10.778],[-75.229,10.783],[-75.23,10.787],[-75.222,10.793],[-75.222,10.797]]]]}},{"type":"Feature","properties":{"name":"Bolívar","iso":"CO-BOL"},"geometry":{"type":"MultiPolygon","coordinates":[[[[-76.19,9.384],[-76.189,9.393],[-76.181,9.398],[-76.173,9.398],[-76.173,9.397],[-76.175,9.395],[-76.173,9.388],[-76.176,9.387],[-76.176,9.381],[-76.179,9.378],[-76.186,9.38],[-76.187,9.383],[-76.19,9.384]]],[[[-75.858,9.793],[-75.857,9.793],[-75.857,9.795],[-75.856,9.794],[-75.855,9.789],[-75.855,9.792],[-75.854,9.792],[-75.852,9.794],[-75.852,9.792],[-75.852,9.796],[-75.85,9.797],[-75.851,9.801],[-75.852,9.795],[-75.853,9.8],[-75.854,9.8],[-75.854,9.798],[-75.856,9.799],[-75.855,9.798],[-75.856,9.799],[-75.851,9.805],[-75.85,9.801],[-75.847,9.799],[-75.845,9.8],[-75.845,9.796],[-75.846,9.797],[-75.847,9.795],[-75.848,9.797],[-75.85,9.796],[-75.847,9.793],[-75.845,9.795],[-75.845,9.793],[-75.845,9.796],[-75.841,9.796],[-75.841,9.797],[-75.844,9.796],[-75.844,9.799],[-75.843,9.799],[-75.831,9.795],[-75.828,9.796],[-75.826,9.794],[-75.828,9.79],[-75.851,9.79],[-75.855,9.788],[-75.857,9.789],[-75.856,9.791],[-75.858,9.793]]],[[[-73.913,7.298],[-74.244,7.004],[-74.248,7.003],[-74.252,7.004],[-74.257,7.004],[-74.262,7.009],[-74.275,7.013],[-74.283,7.009],[-74.287,7.002],[-74.292,7.005],[-74.295,7.005],[-74.302,7.003],[-74.306,7.0],[-74.309,7.002],[-74.307,7.006],[-74.313,7.008],[-74.32,7.019],[-74.323,7.019],[-74.323,7.018],[-74.327,7.016],[-74.329,7.011],[-74.333,7.013],[-74.349,7.013],[-74.355,7.011],[-74.354,7.02],[-74.353,7.025],[-74.354,7.03],[-74.353,7.033],[-74.35,7.055],[-74.352,7.066],[-74.352,7.082],[-74.356,7.089],[-74.36,7.089],[-74.363,7.086],[-74.364,7.091],[-74.367,7.093],[-74.371,7.098],[-74.372,7.104],[-74.369,7.106],[-74.371,7.11],[-74.369,7.113],[-74.371,7.117],[-74.369,7.121],[-74.369,7.124],[-74.376,7.132],[-74.377,7.141],[-74.381,7.149],[-74.385,7.161],[-74.388,7.165],[-74.39,7.171],[-74.391,7.173],[-74.396,7.174],[-74.4,7.189],[-74.406,7.19],[-74.407,7.192],[-74.409,7.202],[-74.404,7.209],[-74.408,7.217],[-74.405,7.223],[-74.405,7.229],[-74.4,7.235],[-74.396,7.255],[-74.39,7.264],[-74.39,7.27],[-74.387,7.276],[-74.389,7.285],[-74.386,7.298],[-74.388,7.301],[-74.393,7.301],[-74.395,7.309],[-74.399,7.311],[-74.401,7.315],[-74.402,7.33],[-74.401,7.339],[-74.398,7.343],[-74.397,7.348],[-74.391,7.353],[-74.388,7.361],[-74.376,7.365],[-74.374,7.367],[-74.373,7.376],[-74.361,7.389],[-74.361,7.395],[-74.356,7.4],[-74.348,7.403],[-74.344,7.412],[-74.34,7.414],[-74.339,7.417],[-74.342,7.426],[-74.348,7.431],[-74.353,7.433],[-74.358,7.439],[-74.359,7.443],[-74.364,7.446],[-74.365,7.45],[-74.364,7.459],[-74.365,7.463],[-74.372,7.467],[-74.373,7.469],[-74.37,7.476],[-74.372,7.479],[-74.374,7.475],[-74.381,7.473],[-74.386,7.466],[-74.389,7.464],[-74.394,7.464],[-74.398,7.461],[-74.412,7.461],[-74.415,7.453],[-74.422,7.443],[-74.421,7.441],[-74.414,7.441],[-74.412,7.439],[-74.416,7.412],[-74.411,7.397],[-74.412,7.391],[-74.418,7.382],[-74.423,7.379],[-74.439,7.381],[-74.446,7.38],[-74.453,7.37],[-74.455,7.365],[-74.462,7.361],[-74.466,7.358],[-74.467,7.347],[-74.489,7.343],[-74.495,7.345],[-74.497,7.347],[-74.505,7.361],[-74.51,7.377],[-74.515,7.384],[-74.527,7.39],[-74.534,7.4],[-74.543,7.404],[-74.548,7.411],[-74.558,7.415],[-74.56,7.419],[-74.561,7.428],[-74.563,7.433],[-74.575,7.432],[-74.585,7.437],[-74.586,7.442],[-74.583,7.443],[-74.583,7.447],[-74.589,7.448],[-74.592,7.452],[-74.596,7.455],[-74.598,7.461],[-74.598,7.472],[-74.588,7.483],[-74.588,7.486],[-74.593,7.491],[-74.593,7.499],[-74.59,7.505],[-74.59,7.511],[-74.587,7.514],[-74.574,7.514],[-74.568,7.518],[-74.57,7.533],[-74.567,7.538],[-74.567,7.543],[-74.57,7.554],[-74.571,7.578],[-74.569,7.582],[-74.567,7.584],[-74.568,7.595],[-74.563,7.607],[-74.564,7.613],[-74.566,7.618],[-74.567,7.622],[-74.565,7.636],[-74.562,7.645],[-74.56,7.647],[-74.552,7.65],[-74.544,7.655],[-74.542,7.662],[-74.536,7.664],[-74.516,7.663],[-74.497,7.66],[-74.491,7.662],[-74.483,7.673],[-74.481,7.683],[-74.481,7.69],[-74.476,7.703],[-74.477,7.708],[-74.461,7.724],[-74.461,7.729],[-74.468,7.735],[-74.504,7.753],[-74.513,7.768],[-74.514,7.782],[-74.516,7.783],[-74.521,7.781],[-74.525,7.782],[-74.524,7.792],[-74.519,7.796],[-74.517,7.8],[-74.517,7.817],[-74.526,7.836],[-74.527,7.849],[-74.527,7.852],[-74.525,7.855],[-74.525,7.86],[-74.522,7.862],[-74.521,7.866],[-74.523,7.882],[-74.521,7.904],[-74.527,7.91],[-74.531,7.913],[-74.534,7.912],[-74.537,7.918],[-74.536,7.935],[-74.539,7.947],[-74.547,7.949],[-74.55,7.956],[-74.555,7.957],[-74.559,7.961],[-74.56,7.969],[-74.569,7.973],[-74.574,7.976],[-74.575,7.981],[-74.575,7.985],[-74.577,7.987],[-74.578,7.995],[-74.583,8.0],[-74.591,8.005],[-74.592,8.011],[-74.598,8.018],[-74.597,8.025],[-74.604,8.032],[-74.603,8.037],[-74.615,8.031],[-74.622,8.035],[-74.626,8.039],[-74.631,8.052],[-74.635,8.055],[-74.643,8.056],[-74.647,8.055],[-74.65,8.052],[-74.656,8.054],[-74.664,8.06],[-74.682,8.084],[-74.691,8.089],[-74.72,8.101],[-74.725,8.117],[-74.735,8.117],[-74.746,8.123],[-74.749,8.127],[-74.753,8.126],[-74.759,8.129],[-74.764,8.125],[-74.771,8.121],[-74.774,8.122],[-74.781,8.13],[-74.787,8.133],[-74.789,8.139],[-74.8,8.139],[-74.812,8.144],[-74.816,8.149],[-74.816,8.151],[-74.813,8.156],[-74.817,8.168],[-74.813,8.175],[-74.814,8.183],[-74.816,8.19],[-74.82,8.193],[-74.825,8.199],[-74.831,8.203],[-74.831,8.21],[-74.834,8.217],[-74.834,8.221],[-74.828,8.224],[-74.826,8.228],[-74.814,8.229],[-74.807,8.237],[-74.807,8.241],[-74.793,8.246],[-74.792,8.249],[-74.792,8.253],[-74.797,8.26],[-74.807,8.267],[-74.808,8.275],[-74.806,8.275],[-74.801,8.271],[-74.795,8.27],[-74.785,8.276],[-74.78,8.279],[-74.77,8.28],[-74.767,8.295],[-74.757,8.3],[-74.749,8.307],[-74.745,8.308],[-74.737,8.306],[-74.735,8.299],[-74.735,8.289],[-74.731,8.285],[-74.731,8.282],[-74.727,8.282],[-74.725,8.297],[-74.724,8.3],[-74.714,8.303],[-74.708,8.303],[-74.702,8.298],[-74.691,8.297],[-74.683,8.292],[-74.673,8.295],[-74.666,8.295],[-74.661,8.29],[-74.661,8.283],[-74.66,8.281],[-74.658,8.279],[-74.653,8.281],[-74.649,8.285],[-74.651,8.287],[-74.652,8.297],[-74.65,8.31],[-74.648,8.314],[-74.635,8.322],[-74.62,8.343],[-74.613,8.347],[-74.61,8.358],[-74.616,8.365],[-74.614,8.367],[-74.611,8.376],[-74.616,8.387],[-74.612,8.395],[-74.61,8.403],[-74.597,8.403],[-74.593,8.394],[-74.582,8.384],[-74.567,8.39],[-74.561,8.39],[-74.561,8.4],[-74.556,8.412],[-74.546,8.423],[-74.539,8.435],[-74.541,8.455],[-74.54,8.458],[-74.533,8.465],[-74.534,8.477],[-74.537,8.482],[-74.544,8.491],[-74.556,8.509],[-74.561,8.508],[-74.563,8.506],[-74.568,8.507],[-74.569,8.51],[-74.566,8.512],[-74.566,8.515],[-74.571,8.522],[-74.575,8.542],[-74.579,8.543],[-74.576,8.548],[-74.564,8.549],[-74.565,8.56],[-74.563,8.569],[-74.572,8.581],[-74.586,8.589],[-74.594,8.592],[-74.595,8.599],[-74.594,8.603],[-74.587,8.61],[-74.589,8.617],[-74.587,8.624],[-74.589,8.629],[-74.587,8.634],[-74.59,8.641],[-74.596,8.648],[-74.597,8.655],[-74.596,8.659],[-74.591,8.665],[-74.589,8.669],[-74.596,8.676],[-74.593,8.69],[-74.594,8.694],[-74.598,8.706],[-74.608,8.722],[-74.609,8.728],[-74.607,8.732],[-74.599,8.74],[-74.599,8.743],[-74.601,8.748],[-74.609,8.753],[-74.611,8.757],[-74.61,8.761],[-74.608,8.762],[-74.594,8.763],[-74.587,8.761],[-74.587,8.767],[-74.585,8.771],[-74.576,8.774],[-74.571,8.772],[-74.57,8.775],[-74.575,8.777],[-74.576,8.779],[-74.574,8.786],[-74.57,8.791],[-74.565,8.793],[-74.558,8.803],[-74.558,8.811],[-74.56,8.817],[-74.561,8.823],[-74.565,8.831],[-74.569,8.835],[-74.571,8.843],[-74.571,8.854],[-74.581,8.87],[-74.589,8.877],[-74.596,8.9],[-74.609,8.918],[-74.609,8.931],[-74.619,8.931],[-74.623,8.935],[-74.638,8.969],[-74.639,8.978],[-74.652,8.989],[-74.665,8.994],[-74.669,8.998],[-74.67,9.006],[-74.678,9.007],[-74.683,9.011],[-74.699,9.008],[-74.708,9.008],[-74.722,9.013],[-74.738,9.017],[-74.741,9.023],[-74.748,9.029],[-74.746,9.038],[-74.749,9.044],[-74.752,9.045],[-74.753,9.044],[-74.756,9.046],[-74.761,9.042],[-74.768,9.039],[-74.78,9.038],[-74.782,9.04],[-74.787,9.046],[-74.792,9.045],[-74.795,9.048],[-74.81,9.049],[-74.813,9.053],[-74.821,9.055],[-74.825,9.059],[-74.824,9.062],[-74.829,9.068],[-74.829,9.075],[-74.831,9.08],[-74.829,9.086],[-74.834,9.091],[-74.839,9.092],[-74.838,9.097],[-74.835,9.099],[-74.837,9.101],[-74.839,9.101],[-74.84,9.105],[-74.845,9.11],[-74.847,9.122],[-74.852,9.13],[-74.853,9.133],[-74.86,9.133],[-74.865,9.136],[-74.872,9.148],[-74.879,9.156],[-74.882,9.164],[-74.886,9.166],[-74.892,9.165],[-74.895,9.166],[-74.897,9.176],[-74.9,9.181],[-74.905,9.183],[-74.907,9.19],[-74.916,9.195],[-74.913,9.215],[-74.915,9.226],[-74.911,9.238],[-74.92,9.252],[-74.927,9.253],[-74.93,9.256],[-74.933,9.265],[-74.931,9.272],[-74.933,9.279],[-74.936,9.284],[-74.944,9.287],[-74.947,9.292],[-74.943,9.306],[-74.931,9.315],[-74.929,9.326],[-74.943,9.334],[-74.948,9.345],[-74.939,9.349],[-74.937,9.355],[-74.927,9.366],[-74.925,9.376],[-74.919,9.381],[-74.919,9.387],[-74.924,9.392],[-74.913,9.415],[-74.909,9.418],[-74.895,9.422],[-74.887,9.422],[-74.883,9.427],[-74.882,9.434],[-74.889,9.434],[-74.896,9.43],[-74.9,9.43],[-74.909,9.433],[-74.916,9.442],[-74.926,9.444],[-74.942,9.445],[-74.961,9.441],[-74.981,9.442],[-74.984,9.441],[-74.986,9.443],[-75.002,9.446],[-75.004,9.45],[-75.008,9.451],[-75.015,9.459],[-75.021,9.461],[-75.026,9.457],[-75.029,9.457],[-75.036,9.477],[-75.032,9.486],[-75.029,9.501],[-75.031,9.514],[-75.02,9.527],[-75.015,9.53],[-75.031,9.531],[-75.039,9.539],[-75.043,9.541],[-75.05,9.54],[-75.057,9.534],[-75.067,9.535],[-75.075,9.533],[-75.079,9.534],[-75.086,9.54],[-75.085,9.546],[-75.093,9.552],[-75.094,9.556],[-75.098,9.556],[-75.101,9.56],[-75.104,9.566],[-75.112,9.567],[-75.119,9.574],[-75.125,9.575],[-75.129,9.579],[-75.133,9.58],[-75.132,9.584],[-75.134,9.588],[-75.134,9.595],[-75.136,9.597],[-75.143,9.596],[-75.15,9.597],[-75.152,9.6],[-75.163,9.606],[-75.162,9.611],[-75.166,9.613],[-75.168,9.612],[-75.177,9.603],[-75.181,9.602],[-75.182,9.605],[-75.179,9.616],[-75.18,9.623],[-75.181,9.625],[-75.188,9.628],[-75.189,9.63],[-75.186,9.63],[-75.183,9.633],[-75.176,9.634],[-75.169,9.638],[-75.165,9.646],[-75.171,9.645],[-75.173,9.642],[-75.18,9.639],[-75.188,9.645],[-75.195,9.645],[-75.199,9.648],[-75.201,9.651],[-75.204,9.652],[-75.21,9.652],[-75.214,9.648],[-75.217,9.65],[-75.229,9.651],[-75.232,9.646],[-75.233,9.649],[-75.237,9.652],[-75.243,9.658],[-75.247,9.661],[-75.254,9.66],[-75.265,9.67],[-75.27,9.671],[-75.271,9.677],[-75.267,9.683],[-75.269,9.685],[-75.276,9.686],[-75.281,9.684],[-75.3,9.67],[-75.301,9.666],[-75.3,9.656],[-75.306,9.655],[-75.315,9.652],[-75.315,9.647],[-75.319,9.638],[-75.321,9.636],[-75.325,9.622],[-75.325,9.616],[-75.329,9.616],[-75.33,9.612],[-75.335,9.611],[-75.338,9.613],[-75.338,9.616],[-75.336,9.62],[-75.336,9.625],[-75.335,9.627],[-75.33,9.628],[-75.336,9.633],[-75.344,9.644],[-75.348,9.643],[-75.357,9.647],[-75.359,9.645],[-75.361,9.646],[-75.363,9.638],[-75.369,9.632],[-75.373,9.63],[-75.365,9.649],[-75.367,9.653],[-75.376,9.654],[-75.376,9.666],[-75.372,9.682],[-75.37,9.685],[-75.361,9.689],[-75.36,9.693],[-75.362,9.713],[-75.36,9.72],[-75.364,9.723],[-75.357,9.737],[-75.349,9.742],[-75.347,9.746],[-75.344,9.761],[-75.338,9.777],[-75.339,9.785],[-75.335,9.793],[-75.336,9.797],[-75.343,9.801],[-75.349,9.806],[-75.349,9.81],[-75.343,9.815],[-75.342,9.82],[-75.333,9.841],[-75.332,9.854],[-75.324,9.867],[-75.322,9.872],[-75.323,9.876],[-75.325,9.881],[-75.329,9.884],[-75.337,9.887],[-75.342,9.891],[-75.342,9.904],[-75.343,9.911],[-75.353,9.909],[-75.358,9.906],[-75.358,9.874],[-75.36,9.872],[-75.365,9.872],[-75.368,9.87],[-75.37,9.87],[-75.373,9.873],[-75.379,9.874],[-75.399,9.882],[-75.431,9.888],[-75.437,9.892],[-75.443,9.892],[-75.445,9.894],[-75.449,9.894],[-75.458,9.899],[-75.466,9.902],[-75.463,9.913],[-75.467,9.913],[-75.471,9.908],[-75.481,9.906],[-75.482,9.909],[-75.477,9.918],[-75.481,9.925],[-75.481,9.93],[-75.476,9.939],[-75.473,9.94],[-75.472,9.947],[-75.47,9.952],[-75.463,9.956],[-75.463,9.962],[-75.466,9.973],[-75.47,9.976],[-75.472,9.979],[-75.474,9.992],[-75.481,10.001],[-75.483,10.015],[-75.482,10.023],[-75.483,10.037],[-75.492,10.038],[-75.5,10.035],[-75.504,10.034],[-75.508,10.026],[-75.517,10.025],[-75.524,10.028],[-75.534,10.039],[-75.542,10.041],[-75.545,10.046],[-75.499,10.148],[-75.565,10.122],[-75.558,10.13],[-75.557,10.14],[-75.548,10.145],[-75.543,10.154],[-75.532,10.161],[-75.532,10.164],[-75.534,10.163],[-75.536,10.167],[-75.537,10.167],[-75.54,10.166],[-75.54,10.162],[-75.545,10.159],[-75.544,10.165],[-75.541,10.169],[-75.545,10.175],[-75.547,10.176],[-75.548,10.175],[-75.547,10.178],[-75.549,10.177],[-75.549,10.179],[-75.546,10.178],[-75.547,10.181],[-75.543,10.179],[-75.544,10.182],[-75.542,10.182],[-75.54,10.187],[-75.536,10.187],[-75.537,10.184],[-75.535,10.181],[-75.538,10.181],[-75.54,10.178],[-75.535,10.174],[-75.535,10.172],[-75.534,10.173],[-75.534,10.175],[-75.533,10.176],[-75.528,10.173],[-75.52,10.173],[-75.523,10.174],[-75.521,10.189],[-75.525,10.206],[-75.524,10.221],[-75.526,10.223],[-75.528,10.22],[-75.53,10.227],[-75.535,10.228],[-75.541,10.226],[-75.541,10.224],[-75.542,10.224],[-75.543,10.221],[-75.542,10.216],[-75.546,10.217],[-75.547,10.214],[-75.55,10.216],[-75.548,10.218],[-75.546,10.218],[-75.544,10.223],[-75.547,10.227],[-75.546,10.229],[-75.543,10.228],[-75.541,10.23],[-75.537,10.23],[-75.538,10.232],[-75.536,10.233],[-75.534,10.232],[-75.529,10.235],[-75.527,10.233],[-75.523,10.235],[-75.523,10.237],[-75.525,10.236],[-75.524,10.237],[-75.532,10.239],[-75.533,10.242],[-75.533,10.24],[-75.541,10.244],[-75.548,10.241],[-75.558,10.228],[-75.567,10.227],[-75.578,10.223],[-75.58,10.22],[-75.585,10.218],[-75.591,10.21],[-75.594,10.209],[-75.603,10.2],[-75.621,10.197],[-75.624,10.191],[-75.632,10.183],[-75.635,10.182],[-75.638,10.177],[-75.635,10.182],[-75.635,10.184],[-75.635,10.183],[-75.637,10.184],[-75.637,10.189],[-75.639,10.184],[-75.641,10.182],[-75.639,10.176],[-75.649,10.165],[-75.654,10.153],[-75.669,10.138],[-75.679,10.139],[-75.682,10.138],[-75.682,10.14],[-75.678,10.141],[-75.679,10.143],[-75.681,10.14],[-75.683,10.141],[-75.686,10.14],[-75.687,10.138],[-75.682,10.138],[-75.682,10.137],[-75.685,10.132],[-75.692,10.131],[-75.702,10.135],[-75.705,10.141],[-75.703,10.144],[-75.698,10.146],[-75.694,10.15],[-75.693,10.145],[-75.696,10.146],[-75.697,10.144],[-75.695,10.144],[-75.696,10.143],[-75.694,10.142],[-75.691,10.143],[-75.692,10.148],[-75.69,10.151],[-75.688,10.15],[-75.686,10.155],[-75.683,10.156],[-75.682,10.159],[-75.679,10.157],[-75.675,10.16],[-75.674,10.159],[-75.666,10.159],[-75.654,10.164],[-75.65,10.171],[-75.65,10.172],[-75.655,10.173],[-75.655,10.178],[-75.648,10.178],[-75.646,10.179],[-75.647,10.181],[-75.639,10.189],[-75.634,10.19],[-75.631,10.193],[-75.631,10.19],[-75.63,10.193],[-75.632,10.193],[-75.632,10.194],[-75.629,10.199],[-75.626,10.2],[-75.621,10.206],[-75.619,10.21],[-75.619,10.213],[-75.613,10.218],[-75.608,10.223],[-75.605,10.231],[-75.605,10.239],[-75.603,10.235],[-75.6,10.233],[-75.6,10.23],[-75.598,10.23],[-75.596,10.232],[-75.588,10.23],[-75.588,10.229],[-75.592,10.228],[-75.593,10.227],[-75.589,10.225],[-75.586,10.226],[-75.586,10.228],[-75.588,10.236],[-75.594,10.237],[-75.593,10.238],[-75.597,10.241],[-75.605,10.241],[-75.604,10.239],[-75.606,10.239],[-75.611,10.245],[-75.618,10.246],[-75.622,10.249],[-75.622,10.251],[-75.616,10.256],[-75.617,10.258],[-75.613,10.26],[-75.608,10.258],[-75.601,10.259],[-75.598,10.259],[-75.596,10.264],[-75.591,10.264],[-75.591,10.262],[-75.588,10.261],[-75.584,10.262],[-75.591,10.264],[-75.595,10.268],[-75.593,10.273],[-75.596,10.279],[-75.591,10.293],[-75.587,10.298],[-75.583,10.298],[-75.579,10.3],[-75.578,10.298],[-75.581,10.297],[-75.582,10.295],[-75.579,10.296],[-75.578,10.288],[-75.579,10.286],[-75.581,10.288],[-75.581,10.286],[-75.583,10.285],[-75.581,10.281],[-75.582,10.281],[-75.582,10.28],[-75.578,10.275],[-75.573,10.27],[-75.569,10.269],[-75.564,10.271],[-75.566,10.27],[-75.565,10.27],[-75.563,10.268],[-75.568,10.267],[-75.569,10.265],[-75.565,10.263],[-75.565,10.261],[-75.559,10.262],[-75.556,10.269],[-75.562,10.269],[-75.562,10.27],[-75.557,10.275],[-75.546,10.28],[-75.545,10.276],[-75.542,10.276],[-75.534,10.277],[-75.532,10.28],[-75.535,10.286],[-75.541,10.283],[-75.535,10.287],[-75.535,10.288],[-75.534,10.288],[-75.528,10.292],[-75.529,10.3],[-75.532,10.301],[-75.529,10.3],[-75.525,10.291],[-75.524,10.292],[-75.53,10.308],[-75.524,10.294],[-75.519,10.296],[-75.521,10.298],[-75.519,10.296],[-75.516,10.296],[-75.517,10.297],[-75.516,10.298],[-75.514,10.296],[-75.515,10.298],[-75.512,10.298],[-75.512,10.301],[-75.51,10.298],[-75.509,10.299],[-75.509,10.301],[-75.507,10.299],[-75.506,10.3],[-75.507,10.302],[-75.505,10.3],[-75.503,10.301],[-75.502,10.303],[-75.504,10.307],[-75.508,10.307],[-75.504,10.307],[-75.503,10.31],[-75.501,10.312],[-75.505,10.311],[-75.507,10.317],[-75.512,10.318],[-75.509,10.318],[-75.508,10.32],[-75.51,10.321],[-75.507,10.322],[-75.511,10.323],[-75.509,10.323],[-75.51,10.326],[-75.511,10.326],[-75.51,10.327],[-75.51,10.329],[-75.511,10.329],[-75.51,10.329],[-75.51,10.331],[-75.505,10.331],[-75.51,10.332],[-75.511,10.331],[-75.508,10.333],[-75.51,10.333],[-75.51,10.336],[-75.512,10.337],[-75.512,10.339],[-75.511,10.338],[-75.509,10.341],[-75.508,10.341],[-75.509,10.342],[-75.504,10.341],[-75.505,10.342],[-75.504,10.343],[-75.51,10.347],[-75.51,10.348],[-75.508,10.349],[-75.51,10.355],[-75.51,10.353],[-75.512,10.355],[-75.511,10.357],[-75.51,10.358],[-75.51,10.359],[-75.509,10.36],[-75.511,10.364],[-75.508,10.371],[-75.511,10.374],[-75.509,10.374],[-75.513,10.383],[-75.506,10.384],[-75.513,10.383],[-75.517,10.385],[-75.517,10.386],[-75.518,10.385],[-75.526,10.386],[-75.524,10.393],[-75.526,10.395],[-75.524,10.396],[-75.53,10.398],[-75.527,10.4],[-75.525,10.398],[-75.526,10.397],[-75.524,10.396],[-75.523,10.4],[-75.525,10.402],[-75.523,10.403],[-75.524,10.405],[-75.525,10.406],[-75.527,10.404],[-75.527,10.405],[-75.531,10.405],[-75.532,10.403],[-75.532,10.405],[-75.534,10.404],[-75.533,10.405],[-75.54,10.406],[-75.537,10.408],[-75.54,10.408],[-75.539,10.409],[-75.539,10.411],[-75.541,10.412],[-75.542,10.411],[-75.542,10.412],[-75.546,10.415],[-75.544,10.415],[-75.545,10.416],[-75.544,10.415],[-75.544,10.417],[-75.548,10.419],[-75.55,10.421],[-75.549,10.422],[-75.552,10.419],[-75.547,10.414],[-75.549,10.413],[-75.547,10.413],[-75.546,10.411],[-75.548,10.411],[-75.555,10.398],[-75.545,10.392],[-75.545,10.39],[-75.548,10.391],[-75.556,10.395],[-75.559,10.392],[-75.561,10.393],[-75.565,10.397],[-75.566,10.397],[-75.565,10.398],[-75.565,10.399],[-75.564,10.398],[-75.559,10.401],[-75.552,10.409],[-75.551,10.415],[-75.554,10.422],[-75.554,10.425],[-75.547,10.432],[-75.528,10.442],[-75.523,10.448],[-75.511,10.456],[-75.512,10.457],[-75.513,10.456],[-75.506,10.462],[-75.497,10.474],[-75.491,10.488],[-75.493,10.489],[-75.493,10.492],[-75.495,10.495],[-75.501,10.498],[-75.501,10.5],[-75.503,10.501],[-75.5,10.507],[-75.502,10.511],[-75.498,10.52],[-75.496,10.529],[-75.495,10.537],[-75.502,10.553],[-75.512,10.557],[-75.516,10.561],[-75.514,10.565],[-75.514,10.57],[-75.511,10.573],[-75.502,10.576],[-75.488,10.578],[-75.476,10.582],[-75.462,10.591],[-75.458,10.601],[-75.455,10.615],[-75.453,10.619],[-75.452,10.627],[-75.442,10.634],[-75.431,10.638],[-75.421,10.643],[-75.416,10.653],[-75.412,10.654],[-75.401,10.661],[-75.396,10.671],[-75.396,10.681],[-75.394,10.683],[-75.367,10.686],[-75.357,10.691],[-75.337,10.691],[-75.32,10.694],[-75.299,10.7],[-75.282,10.709],[-75.274,10.716],[-75.275,10.727],[-75.269,10.74],[-75.271,10.74],[-75.271,10.745],[-75.27,10.752],[-75.272,10.764],[-75.27,10.777],[-75.271,10.779],[-75.267,10.783],[-75.267,10.786],[-75.264,10.788],[-75.262,10.801],[-75.234,10.795],[-75.222,10.797],[-75.222,10.793],[-75.23,10.787],[-75.229,10.783],[-75.223,10.778],[-75.227,10.772],[-75.229,10.759],[-75.24,10.748],[-75.241,10.743],[-75.246,10.731],[-75.252,10.72],[-75.259,10.703],[-75.267,10.688],[-75.265,10.672],[-75.263,10.667],[-75.233,10.646],[-75.224,10.628],[-75.229,10.612],[-75.227,10.603],[-75.228,10.593],[-75.231,10.589],[-75.233,10.578],[-75.237,10.57],[-75.229,10.559],[-75.225,10.559],[-75.223,10.55],[-75.227,10.548],[-75.226,10.542],[-75.227,10.54],[-75.231,10.538],[-75.237,10.529],[-75.237,10.51],[-75.244,10.5],[-75.25,10.497],[-75.253,10.49],[-75.251,10.485],[-75.245,10.48],[-75.234,10.475],[-75.229,10.475],[-75.22,10.482],[-75.215,10.482],[-75.194,10.481],[-75.17,10.474],[-75.165,10.469],[-75.165,10.465],[-75.169,10.459],[-75.176,10.455],[-75.169,10.452],[-75.165,10.447],[-75.157,10.441],[-75.157,10.438],[-75.153,10.435],[-75.152,10.431],[-75.153,10.423],[-75.144,10.418],[-75.142,10.413],[-75.131,10.398],[-75.129,10.397],[-75.118,10.402],[-75.106,10.404],[-75.086,10.411],[-75.082,10.412],[-75.073,10.409],[-75.066,10.4],[-75.054,10.384],[-75.044,10.375],[-75.027,10.365],[-75.002,10.359],[-74.988,10.346],[-74.98,10.341],[-74.973,10.332],[-74.964,10.325],[-74.916,10.261],[-74.908,10.253],[-74.911,10.232],[-74.916,10.224],[-74.944,10.148],[-74.946,10.136],[-74.943,10.122],[-74.938,10.116],[-74.924,10.109],[-74.914,10.107],[-74.896,10.108],[-74.883,10.106],[-74.868,10.101],[-74.859,10.096],[-74.845,10.084],[-74.831,10.069],[-74.827,10.062],[-74.82,10.046],[-74.815,10.039],[-74.789,10.016],[-74.786,10.008],[-74.786,9.982],[-74.787,9.976],[-74.79,9.972],[-74.798,9.968],[-74.823,9.965],[-74.84,9.957],[-74.848,9.956],[-74.854,9.952],[-74.861,9.945],[-74.864,9.94],[-74.87,9.938],[-74.873,9.935],[-74.871,9.922],[-74.867,9.909],[-74.867,9.9],[-74.864,9.891],[-74.855,9.877],[-74.853,9.869],[-74.851,9.85],[-74.846,9.835],[-74.849,9.821],[-74.834,9.804],[-74.822,9.794],[-74.809,9.786],[-74.807,9.781],[-74.804,9.759],[-74.806,9.752],[-74.814,9.739],[-74.814,9.731],[-74.808,9.726],[-74.798,9.708],[-74.787,9.697],[-74.785,9.694],[-74.79,9.687],[-74.803,9.673],[-74.804,9.669],[-74.801,9.662],[-74.785,9.648],[-74.78,9.641],[-74.772,9.606],[-74.774,9.585],[-74.777,9.578],[-74.798,9.556],[-74.804,9.555],[-74.805,9.545],[-74.8,9.539],[-74.791,9.532],[-74.79,9.527],[-74.791,9.516],[-74.798,9.496],[-74.799,9.491],[-74.794,9.475],[-74.795,9.473],[-74.807,9.465],[-74.809,9.462],[-74.808,9.455],[-74.806,9.448],[-74.804,9.447],[-74.794,9.458],[-74.783,9.463],[-74.77,9.466],[-74.765,9.465],[-74.756,9.461],[-74.742,9.447],[-74.738,9.435],[-74.738,9.431],[-74.739,9.429],[-74.736,9.423],[-74.732,9.42],[-74.726,9.418],[-74.719,9.418],[-74.698,9.426],[-74.69,9.42],[-74.671,9.413],[-74.664,9.393],[-74.66,9.387],[-74.648,9.382],[-74.627,9.379],[-74.622,9.376],[-74.618,9.372],[-74.613,9.36],[-74.615,9.344],[-74.613,9.34],[-74.596,9.326],[-74.591,9.324],[-74.576,9.32],[-74.564,9.313],[-74.562,9.309],[-74.56,9.293],[-74.554,9.288],[-74.546,9.274],[-74.535,9.265],[-74.531,9.254],[-74.53,9.242],[-74.523,9.242],[-74.517,9.235],[-74.513,9.234],[-74.505,9.236],[-74.485,9.252],[-74.475,9.264],[-74.464,9.271],[-74.446,9.269],[-74.44,9.273],[-74.434,9.273],[-74.431,9.27],[-74.431,9.26],[-74.425,9.246],[-74.414,9.232],[-74.408,9.22],[-74.403,9.214],[-74.393,9.214],[-74.377,9.224],[-74.371,9.225],[-74.356,9.233],[-74.349,9.233],[-74.34,9.23],[-74.334,9.223],[-74.297,9.203],[-74.292,9.197],[-74.291,9.192],[-74.295,9.185],[-74.299,9.169],[-74.3,9.164],[-74.298,9.16],[-74.292,9.158],[-74.283,9.158],[-74.265,9.169],[-74.26,9.167],[-74.253,9.167],[-74.247,9.164],[-74.236,9.148],[-74.22,9.135],[-74.228,9.129],[-74.228,9.124],[-74.224,9.122],[-74.212,9.12],[-74.2,9.1],[-74.19,9.094],[-74.184,9.093],[-74.176,9.089],[-74.175,9.087],[-74.178,9.078],[-74.173,9.075],[-74.159,9.072],[-74.158,9.07],[-74.158,9.06],[-74.156,9.057],[-74.149,9.058],[-74.137,9.064],[-74.134,9.064],[-74.133,9.059],[-74.13,9.055],[-74.119,9.049],[-74.119,9.046],[-74.122,9.043],[-74.134,9.044],[-74.14,9.042],[-74.142,9.034],[-74.137,9.029],[-74.131,9.028],[-74.126,9.03],[-74.122,9.034],[-74.118,9.04],[-74.115,9.041],[-74.112,9.039],[-74.107,9.025],[-74.101,9.021],[-74.097,9.021],[-74.091,9.025],[-74.076,9.026],[-74.066,9.021],[-74.06,9.019],[-74.055,9.02],[-74.047,9.025],[-74.045,9.038],[-74.042,9.042],[-74.035,9.045],[-74.032,9.031],[-74.028,9.027],[-74.02,9.025],[-74.009,9.032],[-74.004,9.03],[-73.998,9.02],[-73.985,9.01],[-73.988,9.008],[-73.997,9.011],[-74.003,9.009],[-74.005,9.001],[-74.003,8.998],[-74.001,8.996],[-73.994,8.997],[-73.991,8.996],[-73.98,8.986],[-73.978,8.985],[-73.971,8.989],[-73.963,8.996],[-73.952,8.996],[-73.947,8.993],[-73.939,8.986],[-73.93,8.982],[-73.924,8.979],[-73.916,8.978],[-73.906,8.979],[-73.901,8.981],[-73.891,8.981],[-73.883,8.972],[-73.868,8.941],[-73.867,8.937],[-73.87,8.917],[-73.866,8.885],[-73.853,8.872],[-73.842,8.865],[-73.834,8.852],[-73.823,8.841],[-73.81,8.834],[-73.8,8.82],[-73.795,8.811],[-73.791,8.794],[-73.795,8.768],[-73.789,8.752],[-73.791,8.747],[-73.796,8.742],[-73.806,8.736],[-73.812,8.73],[-73.812,8.718],[-73.807,8.691],[-73.819,8.665],[-73.82,8.648],[-73.818,8.637],[-73.808,8.619],[-73.794,8.605],[-73.794,8.592],[-73.787,8.574],[-73.779,8.565],[-73.771,8.558],[-73.771,8.555],[-73.776,8.547],[-73.777,8.543],[-73.779,8.519],[-73.774,8.502],[-73.768,8.489],[-73.752,8.471],[-73.749,8.465],[-73.749,8.453],[-73.75,8.45],[-73.748,8.431],[-73.75,8.383],[-73.75,8.36],[-73.756,8.344],[-73.757,8.332],[-73.757,8.329],[-73.748,8.319],[-73.748,8.313],[-73.759,8.304],[-73.761,8.299],[-73.761,8.296],[-73.751,8.278],[-73.75,8.271],[-73.759,8.262],[-73.765,8.251],[-73.767,8.238],[-73.775,8.224],[-73.777,8.214],[-73.777,8.201],[-73.775,8.194],[-73.774,8.18],[-73.771,8.16],[-73.772,8.151],[-73.775,8.143],[-73.778,8.138],[-73.782,8.136],[-73.796,8.134],[-73.805,8.131],[-73.81,8.126],[-73.818,8.111],[-73.842,8.093],[-73.85,8.084],[-73.857,8.064],[-73.866,8.049],[-73.867,8.041],[-73.867,8.02],[-73.863,8.0],[-73.866,7.986],[-73.864,7.98],[-73.862,7.974],[-73.855,7.966],[-73.843,7.956],[-73.837,7.948],[-73.831,7.926],[-73.831,7.918],[-73.835,7.906],[-73.835,7.898],[-73.832,7.888],[-73.825,7.876],[-73.822,7.868],[-73.822,7.855],[-73.817,7.819],[-73.811,7.809],[-73.805,7.787],[-73.801,7.78],[-73.799,7.774],[-73.799,7.769],[-73.803,7.762],[-73.819,7.745],[-73.83,7.736],[-73.832,7.728],[-73.831,7.725],[-73.817,7.717],[-73.812,7.709],[-73.811,7.701],[-73.816,7.69],[-73.815,7.688],[-73.807,7.668],[-73.802,7.66],[-73.799,7.652],[-73.802,7.645],[-73.805,7.645],[-73.814,7.647],[-73.818,7.642],[-73.819,7.638],[-73.812,7.624],[-73.811,7.618],[-73.814,7.611],[-73.817,7.607],[-73.825,7.603],[-73.829,7.598],[-73.831,7.59],[-73.832,7.577],[-73.843,7.562],[-73.849,7.538],[-73.857,7.531],[-73.865,7.532],[-73.873,7.53],[-73.878,7.522],[-73.881,7.506],[-73.884,7.504],[-73.906,7.501],[-73.911,7.497],[-73.916,7.487],[-73.915,7.477],[-73.91,7.468],[-73.904,7.451],[-73.898,7.437],[-73.895,7.419],[-73.895,7.414],[-73.903,7.393],[-73.909,7.369],[-73.912,7.341],[-73.91,7.333],[-73.914,7.32],[-73.913,7.298]]],[[[-75.749,10.183],[-75.746,10.184],[-75.745,10.181],[-75.744,10.18],[-75.744,10.182],[-75.739,10.18],[-75.737,10.181],[-75.737,10.184],[-75.736,10.182],[-75.73,10.181],[-75.726,10.184],[-75.726,10.183],[-75.724,10.181],[-75.726,10.178],[-75.735,10.176],[-75.737,10.172],[-75.744,10.171],[-75.747,10.173],[-75.749,10.183]]],[[[-75.594,10.348],[-75.59,10.352],[-75.592,10.358],[-75.586,10.362],[-75.586,10.366],[-75.58,10.369],[-75.578,10.38],[-75.576,10.382],[-75.57,10.373],[-75.559,10.368],[-75.558,10.366],[-75.554,10.367],[-75.544,10.364],[-75.54,10.362],[-75.537,10.357],[-75.538,10.356],[-75.54,10.36],[-75.541,10.356],[-75.544,10.359],[-75.544,10.358],[-75.545,10.359],[-75.546,10.357],[-75.552,10.356],[-75.55,10.355],[-75.551,10.351],[-75.548,10.349],[-75.545,10.348],[-75.548,10.352],[-75.55,10.352],[-75.549,10.355],[-75.547,10.356],[-75.545,10.356],[-75.547,10.354],[-75.546,10.352],[-75.538,10.349],[-75.544,10.344],[-75.543,10.342],[-75.547,10.342],[-75.549,10.336],[-75.551,10.337],[-75.553,10.339],[-75.555,10.338],[-75.554,10.34],[-75.556,10.343],[-75.557,10.341],[-75.558,10.346],[-75.561,10.344],[-75.56,10.337],[-75.562,10.34],[-75.564,10.339],[-75.564,10.342],[-75.566,10.344],[-75.574,10.34],[-75.576,10.335],[-75.579,10.336],[-75.579,10.333],[-75.577,10.332],[-75.578,10.329],[-75.575,10.328],[-75.577,10.325],[-75.58,10.322],[-75.581,10.323],[-75.58,10.321],[-75.582,10.318],[-75.585,10.321],[-75.587,10.321],[-75.592,10.323],[-75.591,10.326],[-75.593,10.332],[-75.591,10.34],[-75.594,10.348]]]]}},{"type":"Feature","properties":{"name":"Cesar","iso":"CO-CES"},"geometry":{"type":"MultiPolygon","coordinates":[[[[-73.775,8.143],[-73.772,8.151],[-73.771,8.16],[-73.774,8.18],[-73.775,8.194],[-73.777,8.201],[-73.777,8.214],[-73.775,8.224],[-73.767,8.238],[-73.765,8.251],[-73.759,8.262],[-73.75,8.271],[-73.751,8.278],[-73.761,8.296],[-73.761,8.299],[-73.759,8.304],[-73.748,8.313],[-73.748,8.319],[-73.757,8.329],[-73.757,8.332],[-73.756,8.344],[-73.75,8.36],[-73.75,8.383],[-73.748,8.431],[-73.75,8.45],[-73.749,8.453],[-73.749,8.465],[-73.752,8.471],[-73.768,8.489],[-73.774,8.502],[-73.779,8.519],[-73.777,8.543],[-73.776,8.547],[-73.771,8.555],[-73.771,8.558],[-73.779,8.565],[-73.787,8.574],[-73.794,8.592],[-73.794,8.605],[-73.808,8.619],[-73.818,8.637],[-73.82,8.648],[-73.819,8.665],[-73.807,8.691],[-73.812,8.718],[-73.812,8.73],[-73.806,8.736],[-73.796,8.742],[-73.791,8.747],[-73.789,8.752],[-73.795,8.768],[-73.791,8.794],[-73.795,8.811],[-73.8,8.82],[-73.81,8.834],[-73.823,8.841],[-73.834,8.852],[-73.842,8.865],[-73.853,8.872],[-73.866,8.885],[-73.87,8.917],[-73.863,8.922],[-73.857,8.93],[-73.847,8.949],[-73.846,8.954],[-73.848,8.966],[-73.841,8.967],[-73.832,8.98],[-73.832,8.981],[-73.836,8.985],[-73.832,8.989],[-73.831,8.997],[-73.827,9.0],[-73.825,9.005],[-73.825,9.023],[-73.82,9.028],[-73.813,9.027],[-73.808,9.03],[-73.812,9.033],[-73.806,9.04],[-73.81,9.045],[-73.804,9.047],[-73.799,9.045],[-73.798,9.045],[-73.798,9.058],[-73.809,9.071],[-73.823,9.079],[-73.848,9.1],[-73.861,9.109],[-73.875,9.131],[-73.875,9.146],[-73.864,9.163],[-73.862,9.169],[-73.862,9.177],[-73.865,9.182],[-73.872,9.185],[-73.879,9.186],[-73.884,9.182],[-73.89,9.175],[-73.958,9.187],[-73.96,9.201],[-73.965,9.213],[-73.965,9.22],[-73.951,9.243],[-73.951,9.256],[-73.946,9.264],[-73.946,9.283],[-73.943,9.29],[-73.951,9.295],[-73.958,9.304],[-73.978,9.305],[-73.982,9.311],[-73.988,9.316],[-73.992,9.324],[-73.991,9.327],[-73.988,9.331],[-73.99,9.351],[-73.985,9.365],[-73.984,9.383],[-73.981,9.388],[-73.976,9.391],[-73.992,9.398],[-74.003,9.397],[-74.009,9.4],[-74.014,9.409],[-74.025,9.419],[-74.042,9.422],[-74.049,9.424],[-74.055,9.429],[-74.057,9.433],[-74.065,9.438],[-74.07,9.45],[-74.074,9.451],[-74.075,9.454],[-74.078,9.454],[-74.082,9.459],[-74.092,9.466],[-74.094,9.472],[-74.098,9.477],[-74.102,9.476],[-74.113,9.48],[-74.116,9.479],[-74.121,9.48],[-74.123,9.484],[-74.132,9.486],[-74.134,9.491],[-74.138,9.493],[-74.14,9.496],[-74.12,9.505],[-74.107,9.519],[-74.1,9.522],[-74.101,9.524],[-74.096,9.535],[-74.085,9.545],[-74.083,9.547],[-74.08,9.549],[-74.077,9.556],[-74.073,9.558],[-74.07,9.563],[-74.07,9.569],[-74.068,9.571],[-74.067,9.574],[-74.065,9.575],[-74.064,9.581],[-74.06,9.585],[-74.059,9.59],[-74.053,9.59],[-73.805,9.642],[-73.807,9.65],[-73.807,9.666],[-73.816,9.678],[-73.815,9.682],[-73.811,9.684],[-73.812,9.686],[-73.814,9.686],[-73.814,9.687],[-73.81,9.688],[-73.81,9.691],[-73.818,9.708],[-73.826,9.716],[-73.827,9.72],[-73.832,9.724],[-73.835,9.73],[-73.837,9.739],[-73.829,9.75],[-73.828,9.753],[-73.843,9.797],[-73.85,9.801],[-73.855,9.807],[-73.864,9.81],[-73.867,9.814],[-73.876,9.815],[-73.886,9.831],[-73.892,9.832],[-73.895,9.834],[-73.904,9.853],[-73.905,9.86],[-73.91,9.864],[-73.916,9.875],[-73.921,9.879],[-73.924,9.887],[-73.937,9.905],[-73.951,9.914],[-73.952,9.924],[-73.958,9.931],[-73.972,9.936],[-73.989,9.935],[-73.997,9.942],[-74.013,9.976],[-74.022,9.981],[-74.031,9.992],[-74.037,10.005],[-74.042,10.01],[-74.05,10.012],[-74.053,10.015],[-74.063,10.041],[-74.074,10.052],[-74.074,10.058],[-74.076,10.058],[-74.077,10.059],[-74.076,10.06],[-74.081,10.065],[-74.084,10.073],[-74.076,10.085],[-74.076,10.088],[-74.071,10.093],[-74.071,10.094],[-74.069,10.095],[-74.07,10.097],[-74.067,10.098],[-74.069,10.099],[-74.067,10.105],[-74.068,10.113],[-74.072,10.115],[-74.073,10.116],[-74.071,10.118],[-74.074,10.12],[-74.073,10.125],[-74.071,10.125],[-74.07,10.127],[-74.066,10.125],[-74.065,10.129],[-74.063,10.129],[-74.063,10.132],[-74.065,10.133],[-74.061,10.138],[-74.063,10.143],[-74.06,10.144],[-74.063,10.157],[-74.062,10.159],[-74.066,10.161],[-74.065,10.163],[-74.063,10.164],[-74.066,10.165],[-74.066,10.167],[-74.06,10.172],[-74.061,10.174],[-74.058,10.177],[-74.06,10.18],[-74.058,10.183],[-74.051,10.184],[-74.048,10.188],[-74.048,10.19],[-74.049,10.193],[-74.047,10.195],[-74.041,10.198],[-74.041,10.2],[-74.039,10.201],[-74.038,10.205],[-74.039,10.21],[-74.038,10.213],[-74.039,10.215],[-74.043,10.216],[-74.041,10.22],[-74.039,10.22],[-74.038,10.221],[-74.034,10.224],[-74.034,10.226],[-74.03,10.228],[-74.029,10.227],[-74.028,10.229],[-74.025,10.228],[-74.024,10.23],[-74.018,10.235],[-74.015,10.234],[-74.013,10.236],[-74.01,10.236],[-74.009,10.239],[-74.007,10.24],[-74.011,10.245],[-74.009,10.248],[-74.012,10.252],[-74.008,10.253],[-74.008,10.257],[-74.0,10.266],[-73.991,10.267],[-73.987,10.272],[-73.978,10.276],[-73.971,10.284],[-73.969,10.288],[-73.965,10.288],[-73.963,10.291],[-73.963,10.297],[-73.962,10.301],[-73.963,10.307],[-73.96,10.309],[-73.958,10.308],[-73.957,10.31],[-73.962,10.314],[-73.963,10.316],[-73.96,10.316],[-73.961,10.32],[-73.955,10.325],[-73.958,10.329],[-73.957,10.33],[-73.96,10.331],[-73.961,10.336],[-73.957,10.339],[-73.956,10.338],[-73.953,10.339],[-73.952,10.342],[-73.955,10.342],[-73.953,10.344],[-73.948,10.342],[-73.948,10.346],[-73.946,10.346],[-73.944,10.35],[-73.941,10.351],[-73.938,10.354],[-73.932,10.355],[-73.931,10.36],[-73.928,10.361],[-73.932,10.364],[-73.932,10.366],[-73.922,10.37],[-73.921,10.375],[-73.917,10.373],[-73.916,10.378],[-73.909,10.379],[-73.906,10.383],[-73.899,10.381],[-73.897,10.385],[-73.892,10.384],[-73.893,10.39],[-73.887,10.389],[-73.884,10.393],[-73.882,10.393],[-73.884,10.388],[-73.883,10.387],[-73.879,10.389],[-73.872,10.388],[-73.87,10.393],[-73.867,10.394],[-73.864,10.39],[-73.861,10.392],[-73.856,10.387],[-73.855,10.39],[-73.848,10.393],[-73.842,10.4],[-73.839,10.397],[-73.837,10.4],[-73.834,10.399],[-73.829,10.402],[-73.828,10.4],[-73.83,10.396],[-73.826,10.397],[-73.823,10.395],[-73.823,10.39],[-73.819,10.391],[-73.816,10.388],[-73.819,10.386],[-73.817,10.384],[-73.806,10.395],[-73.805,10.394],[-73.801,10.394],[-73.798,10.392],[-73.798,10.395],[-73.796,10.395],[-73.795,10.392],[-73.794,10.393],[-73.792,10.391],[-73.789,10.396],[-73.787,10.395],[-73.785,10.398],[-73.784,10.396],[-73.778,10.396],[-73.778,10.399],[-73.776,10.403],[-73.77,10.404],[-73.767,10.409],[-73.765,10.41],[-73.765,10.413],[-73.761,10.412],[-73.759,10.413],[-73.76,10.415],[-73.753,10.416],[-73.754,10.418],[-73.746,10.428],[-73.746,10.431],[-73.744,10.431],[-73.74,10.429],[-73.741,10.435],[-73.74,10.435],[-73.737,10.432],[-73.736,10.435],[-73.732,10.435],[-73.729,10.433],[-73.729,10.436],[-73.727,10.434],[-73.724,10.436],[-73.72,10.434],[-73.718,10.434],[-73.718,10.433],[-73.712,10.434],[-73.711,10.432],[-73.712,10.431],[-73.711,10.43],[-73.706,10.432],[-73.704,10.431],[-73.704,10.429],[-73.703,10.435],[-73.7,10.437],[-73.699,10.44],[-73.704,10.442],[-73.704,10.445],[-73.701,10.451],[-73.698,10.451],[-73.703,10.459],[-73.703,10.463],[-73.695,10.462],[-73.691,10.465],[-73.689,10.463],[-73.685,10.464],[-73.682,10.461],[-73.676,10.461],[-73.672,10.458],[-73.663,10.456],[-73.661,10.454],[-73.66,10.455],[-73.658,10.455],[-73.654,10.46],[-73.651,10.46],[-73.65,10.468],[-73.652,10.471],[-73.65,10.472],[-73.646,10.47],[-73.645,10.473],[-73.646,10.482],[-73.645,10.483],[-73.645,10.486],[-73.646,10.486],[-73.647,10.49],[-73.646,10.498],[-73.643,10.498],[-73.638,10.5],[-73.628,10.495],[-73.621,10.499],[-73.603,10.5],[-73.598,10.496],[-73.593,10.496],[-73.584,10.502],[-73.572,10.499],[-73.566,10.502],[-73.561,10.509],[-73.561,10.51],[-73.564,10.512],[-73.566,10.517],[-73.565,10.531],[-73.568,10.535],[-73.569,10.54],[-73.571,10.543],[-73.589,10.549],[-73.595,10.555],[-73.594,10.561],[-73.606,10.565],[-73.613,10.565],[-73.598,10.577],[-73.596,10.583],[-73.595,10.601],[-73.601,10.613],[-73.599,10.617],[-73.6,10.619],[-73.6,10.625],[-73.597,10.637],[-73.598,10.64],[-73.61,10.642],[-73.617,10.645],[-73.613,10.652],[-73.612,10.667],[-73.611,10.672],[-73.605,10.674],[-73.601,10.678],[-73.595,10.687],[-73.593,10.699],[-73.594,10.705],[-73.585,10.709],[-73.584,10.717],[-73.576,10.712],[-73.569,10.714],[-73.568,10.724],[-73.562,10.727],[-73.558,10.732],[-73.562,10.741],[-73.548,10.749],[-73.542,10.755],[-73.552,10.759],[-73.558,10.757],[-73.565,10.757],[-73.567,10.766],[-73.575,10.768],[-73.587,10.779],[-73.592,10.781],[-73.615,10.783],[-73.628,10.79],[-73.635,10.788],[-73.638,10.789],[-73.632,10.796],[-73.629,10.806],[-73.625,10.812],[-73.605,10.83],[-73.602,10.835],[-73.593,10.84],[-73.579,10.843],[-73.572,10.843],[-73.563,10.847],[-73.544,10.844],[-73.539,10.845],[-73.534,10.848],[-73.521,10.848],[-73.508,10.853],[-73.507,10.856],[-73.5,10.859],[-73.494,10.858],[-73.488,10.863],[-73.479,10.867],[-73.473,10.867],[-73.47,10.862],[-73.462,10.859],[-73.455,10.861],[-73.455,10.866],[-73.449,10.867],[-73.437,10.865],[-73.433,10.867],[-73.4,10.866],[-73.393,10.867],[-73.389,10.863],[-73.386,10.862],[-73.384,10.86],[-73.378,10.861],[-73.373,10.858],[-73.365,10.86],[-73.359,10.858],[-73.355,10.861],[-73.345,10.86],[-73.337,10.862],[-73.329,10.857],[-73.325,10.858],[-73.312,10.846],[-73.305,10.85],[-73.298,10.856],[-73.295,10.855],[-73.29,10.862],[-73.285,10.857],[-73.279,10.857],[-73.277,10.848],[-73.265,10.845],[-73.264,10.842],[-73.266,10.839],[-73.264,10.831],[-73.262,10.829],[-73.258,10.83],[-73.256,10.827],[-73.256,10.823],[-73.252,10.814],[-73.255,10.809],[-73.251,10.804],[-73.252,10.799],[-73.256,10.795],[-73.259,10.786],[-73.257,10.779],[-73.252,10.775],[-73.252,10.77],[-73.26,10.758],[-73.263,10.757],[-73.265,10.754],[-73.267,10.753],[-73.267,10.75],[-73.27,10.747],[-73.27,10.744],[-73.275,10.74],[-73.277,10.725],[-73.265,10.731],[-73.256,10.732],[-73.25,10.738],[-73.241,10.738],[-73.236,10.74],[-73.233,10.739],[-73.231,10.733],[-73.229,10.731],[-73.221,10.734],[-73.215,10.731],[-73.212,10.716],[-73.207,10.708],[-73.207,10.705],[-73.185,10.711],[-73.182,10.71],[-73.176,10.706],[-73.171,10.707],[-73.164,10.711],[-73.161,10.711],[-73.144,10.695],[-73.14,10.687],[-73.132,10.683],[-73.127,10.684],[-73.117,10.682],[-73.115,10.677],[-73.112,10.667],[-73.109,10.665],[-73.104,10.665],[-73.103,10.661],[-73.099,10.659],[-73.096,10.659],[-73.092,10.655],[-73.089,10.654],[-73.087,10.651],[-73.083,10.648],[-73.083,10.645],[-73.084,10.642],[-73.08,10.641],[-73.079,10.638],[-73.077,10.637],[-73.077,10.634],[-73.085,10.624],[-73.088,10.616],[-73.089,10.609],[-73.086,10.601],[-73.086,10.59],[-73.091,10.58],[-73.099,10.576],[-73.101,10.572],[-73.101,10.566],[-73.096,10.558],[-73.1,10.55],[-73.107,10.541],[-73.116,10.539],[-73.125,10.528],[-73.133,10.531],[-73.137,10.53],[-73.14,10.516],[-73.148,10.507],[-73.145,10.503],[-73.146,10.5],[-73.155,10.497],[-73.159,10.491],[-73.167,10.491],[-73.166,10.485],[-73.174,10.479],[-73.172,10.473],[-73.177,10.47],[-73.181,10.466],[-73.179,10.457],[-73.174,10.461],[-73.173,10.459],[-73.172,10.461],[-73.168,10.461],[-73.168,10.459],[-73.162,10.457],[-73.163,10.455],[-73.154,10.451],[-73.154,10.448],[-73.153,10.448],[-73.153,10.447],[-73.151,10.446],[-73.151,10.444],[-73.148,10.444],[-73.143,10.437],[-73.142,10.435],[-73.144,10.432],[-73.143,10.429],[-73.145,10.423],[-73.144,10.42],[-73.146,10.4],[-73.145,10.398],[-73.142,10.397],[-73.128,10.399],[-73.123,10.404],[-73.117,10.405],[-73.116,10.409],[-73.113,10.41],[-73.109,10.413],[-73.099,10.416],[-73.098,10.419],[-73.085,10.426],[-73.076,10.423],[-73.07,10.423],[-73.068,10.42],[-73.065,10.419],[-73.065,10.417],[-73.059,10.415],[-73.053,10.415],[-73.053,10.414],[-73.051,10.414],[-73.052,10.412],[-73.05,10.412],[-73.047,10.408],[-73.042,10.405],[-73.035,10.405],[-73.026,10.411],[-73.018,10.412],[-73.015,10.411],[-73.009,10.405],[-73.006,10.405],[-73.004,10.403],[-72.999,10.404],[-72.993,10.401],[-72.986,10.401],[-72.978,10.404],[-72.971,10.41],[-72.96,10.414],[-72.939,10.427],[-72.931,10.431],[-72.908,10.434],[-72.895,10.434],[-72.896,10.428],[-72.895,10.425],[-72.896,10.42],[-72.895,10.411],[-72.898,10.407],[-72.899,10.4],[-72.891,10.397],[-72.888,10.393],[-72.886,10.384],[-72.891,10.375],[-72.895,10.363],[-72.899,10.363],[-72.907,10.353],[-72.908,10.345],[-72.907,10.338],[-72.905,10.336],[-72.906,10.323],[-72.897,10.312],[-72.902,10.294],[-72.904,10.289],[-72.906,10.287],[-72.904,10.279],[-72.906,10.276],[-72.907,10.267],[-72.907,10.262],[-72.904,10.258],[-72.902,10.248],[-72.903,10.243],[-72.902,10.231],[-72.904,10.228],[-72.897,10.217],[-72.9,10.209],[-72.906,10.207],[-72.909,10.204],[-72.909,10.196],[-72.907,10.19],[-72.908,10.176],[-72.912,10.168],[-72.917,10.161],[-72.918,10.15],[-72.92,10.147],[-72.919,10.144],[-72.922,10.138],[-72.912,10.113],[-72.913,10.11],[-72.922,10.109],[-72.922,10.104],[-72.926,10.096],[-72.924,10.091],[-72.927,10.091],[-72.932,10.088],[-72.933,10.084],[-72.935,10.082],[-72.941,10.08],[-72.945,10.07],[-72.948,10.069],[-72.951,10.066],[-72.954,10.066],[-72.954,10.058],[-72.958,10.054],[-72.953,10.04],[-72.952,10.032],[-72.953,10.026],[-72.963,10.018],[-72.961,10.014],[-72.961,10.007],[-72.967,9.996],[-72.975,9.993],[-72.976,9.988],[-72.983,9.976],[-72.985,9.971],[-72.98,9.964],[-72.98,9.96],[-72.986,9.954],[-72.989,9.948],[-72.989,9.943],[-72.992,9.939],[-72.992,9.936],[-72.999,9.924],[-72.999,9.921],[-72.994,9.916],[-72.987,9.914],[-72.984,9.908],[-72.989,9.9],[-72.988,9.897],[-72.977,9.889],[-72.994,9.878],[-72.993,9.875],[-72.991,9.874],[-72.983,9.872],[-72.979,9.869],[-72.971,9.869],[-72.97,9.854],[-72.964,9.854],[-72.958,9.851],[-72.95,9.849],[-72.948,9.847],[-72.945,9.84],[-72.945,9.838],[-72.95,9.836],[-72.95,9.831],[-72.955,9.829],[-72.957,9.821],[-72.966,9.817],[-72.979,9.799],[-72.984,9.797],[-72.989,9.791],[-72.994,9.783],[-72.998,9.771],[-73.001,9.765],[-73.0,9.759],[-73.004,9.753],[-73.005,9.741],[-73.012,9.735],[-73.013,9.736],[-73.017,9.734],[-73.02,9.727],[-73.027,9.72],[-73.028,9.714],[-73.031,9.714],[-73.034,9.712],[-73.035,9.701],[-73.044,9.694],[-73.048,9.686],[-73.052,9.684],[-73.055,9.678],[-73.055,9.672],[-73.061,9.658],[-73.058,9.65],[-73.061,9.647],[-73.066,9.636],[-73.074,9.627],[-73.079,9.612],[-73.079,9.611],[-73.073,9.605],[-73.078,9.589],[-73.082,9.586],[-73.082,9.576],[-73.087,9.568],[-73.085,9.556],[-73.103,9.557],[-73.111,9.553],[-73.127,9.555],[-73.132,9.551],[-73.137,9.55],[-73.141,9.544],[-73.144,9.543],[-73.146,9.537],[-73.15,9.536],[-73.156,9.521],[-73.159,9.518],[-73.164,9.517],[-73.166,9.511],[-73.175,9.504],[-73.177,9.5],[-73.176,9.495],[-73.172,9.49],[-73.172,9.481],[-73.175,9.478],[-73.184,9.477],[-73.186,9.475],[-73.196,9.476],[-73.203,9.469],[-73.202,9.464],[-73.194,9.457],[-73.19,9.449],[-73.189,9.446],[-73.199,9.438],[-73.201,9.431],[-73.205,9.428],[-73.207,9.423],[-73.22,9.425],[-73.223,9.417],[-73.233,9.408],[-73.236,9.407],[-73.241,9.403],[-73.242,9.391],[-73.247,9.38],[-73.253,9.376],[-73.257,9.376],[-73.259,9.372],[-73.261,9.37],[-73.263,9.359],[-73.259,9.345],[-73.262,9.334],[-73.266,9.327],[-73.273,9.321],[-73.279,9.324],[-73.284,9.322],[-73.285,9.319],[-73.288,9.315],[-73.288,9.31],[-73.29,9.307],[-73.289,9.301],[-73.293,9.297],[-73.293,9.29],[-73.297,9.286],[-73.298,9.28],[-73.296,9.277],[-73.3,9.266],[-73.304,9.266],[-73.313,9.252],[-73.316,9.25],[-73.317,9.243],[-73.319,9.241],[-73.322,9.232],[-73.326,9.229],[-73.334,9.213],[-73.353,9.218],[-73.349,9.213],[-73.353,9.211],[-73.357,9.202],[-73.36,9.193],[-73.36,9.187],[-73.364,9.177],[-73.368,9.161],[-73.38,9.153],[-73.389,9.154],[-73.393,9.157],[-73.399,9.162],[-73.402,9.163],[-73.407,9.161],[-73.411,9.155],[-73.417,9.131],[-73.424,9.124],[-73.428,9.107],[-73.428,9.1],[-73.421,9.094],[-73.416,9.085],[-73.415,9.057],[-73.417,9.032],[-73.423,9.025],[-73.422,9.019],[-73.426,9.009],[-73.433,9.001],[-73.436,9.0],[-73.439,8.975],[-73.432,8.941],[-73.431,8.926],[-73.426,8.898],[-73.433,8.873],[-73.434,8.871],[-73.44,8.87],[-73.448,8.871],[-73.448,8.863],[-73.445,8.854],[-73.429,8.834],[-73.428,8.822],[-73.423,8.799],[-73.418,8.788],[-73.412,8.782],[-73.415,8.775],[-73.414,8.767],[-73.419,8.764],[-73.439,8.761],[-73.447,8.754],[-73.458,8.75],[-73.464,8.742],[-73.471,8.728],[-73.474,8.718],[-73.474,8.711],[-73.472,8.709],[-73.477,8.704],[-73.489,8.697],[-73.495,8.69],[-73.505,8.687],[-73.508,8.679],[-73.515,8.672],[-73.515,8.663],[-73.522,8.658],[-73.522,8.643],[-73.52,8.636],[-73.51,8.634],[-73.508,8.631],[-73.51,8.626],[-73.51,8.62],[-73.512,8.615],[-73.513,8.605],[-73.51,8.597],[-73.517,8.585],[-73.517,8.578],[-73.515,8.571],[-73.51,8.568],[-73.511,8.562],[-73.509,8.553],[-73.515,8.545],[-73.517,8.527],[-73.522,8.526],[-73.529,8.529],[-73.532,8.527],[-73.545,8.518],[-73.547,8.514],[-73.555,8.507],[-73.575,8.506],[-73.578,8.5],[-73.575,8.491],[-73.562,8.491],[-73.56,8.481],[-73.552,8.476],[-73.55,8.473],[-73.534,8.477],[-73.527,8.481],[-73.521,8.482],[-73.5,8.48],[-73.48,8.473],[-73.475,8.468],[-73.472,8.46],[-73.472,8.448],[-73.488,8.436],[-73.497,8.411],[-73.51,8.4],[-73.516,8.396],[-73.519,8.387],[-73.524,8.386],[-73.527,8.383],[-73.518,8.384],[-73.494,8.384],[-73.483,8.381],[-73.479,8.377],[-73.48,8.372],[-73.478,8.366],[-73.473,8.366],[-73.47,8.367],[-73.463,8.363],[-73.456,8.362],[-73.461,8.354],[-73.459,8.348],[-73.456,8.345],[-73.442,8.341],[-73.437,8.353],[-73.437,8.359],[-73.433,8.366],[-73.429,8.367],[-73.426,8.361],[-73.421,8.367],[-73.419,8.368],[-73.415,8.366],[-73.409,8.367],[-73.411,8.371],[-73.404,8.373],[-73.401,8.376],[-73.398,8.376],[-73.393,8.383],[-73.398,8.39],[-73.398,8.395],[-73.404,8.408],[-73.404,8.411],[-73.399,8.418],[-73.402,8.421],[-73.402,8.423],[-73.408,8.424],[-73.411,8.428],[-73.411,8.433],[-73.415,8.443],[-73.415,8.453],[-73.414,8.46],[-73.404,8.456],[-73.395,8.458],[-73.391,8.46],[-73.382,8.459],[-73.377,8.461],[-73.373,8.456],[-73.371,8.445],[-73.369,8.443],[-73.362,8.443],[-73.36,8.432],[-73.356,8.429],[-73.353,8.417],[-73.35,8.414],[-73.35,8.411],[-73.356,8.407],[-73.356,8.405],[-73.346,8.391],[-73.348,8.389],[-73.353,8.366],[-73.352,8.354],[-73.353,8.347],[-73.35,8.333],[-73.351,8.331],[-73.354,8.331],[-73.358,8.33],[-73.375,8.32],[-73.375,8.317],[-73.377,8.315],[-73.374,8.307],[-73.377,8.306],[-73.377,8.303],[-73.376,8.301],[-73.377,8.292],[-73.37,8.277],[-73.374,8.273],[-73.376,8.265],[-73.384,8.258],[-73.388,8.258],[-73.394,8.252],[-73.398,8.25],[-73.4,8.246],[-73.404,8.246],[-73.405,8.238],[-73.409,8.233],[-73.406,8.226],[-73.408,8.219],[-73.407,8.213],[-73.41,8.205],[-73.415,8.2],[-73.415,8.192],[-73.418,8.187],[-73.429,8.182],[-73.43,8.159],[-73.434,8.153],[-73.435,8.147],[-73.433,8.141],[-73.426,8.14],[-73.416,8.132],[-73.414,8.125],[-73.408,8.115],[-73.404,8.113],[-73.398,8.115],[-73.39,8.111],[-73.384,8.111],[-73.377,8.106],[-73.375,8.098],[-73.375,8.085],[-73.373,8.081],[-73.373,8.073],[-73.372,8.068],[-73.376,8.053],[-73.372,8.042],[-73.37,8.032],[-73.366,8.023],[-73.366,8.013],[-73.36,8.013],[-73.358,8.016],[-73.352,8.018],[-73.343,8.017],[-73.332,8.022],[-73.33,8.022],[-73.324,8.015],[-73.309,8.016],[-73.302,8.007],[-73.301,8.004],[-73.304,7.998],[-73.299,7.994],[-73.298,7.984],[-73.289,7.992],[-73.281,7.993],[-73.278,7.986],[-73.276,7.959],[-73.276,7.945],[-73.279,7.941],[-73.278,7.94],[-73.28,7.936],[-73.287,7.933],[-73.29,7.927],[-73.302,7.923],[-73.304,7.914],[-73.304,7.908],[-73.305,7.907],[-73.308,7.908],[-73.313,7.905],[-73.32,7.908],[-73.325,7.908],[-73.33,7.904],[-73.334,7.905],[-73.347,7.899],[-73.351,7.894],[-73.352,7.89],[-73.35,7.88],[-73.353,7.876],[-73.35,7.873],[-73.35,7.87],[-73.353,7.868],[-73.353,7.864],[-73.355,7.86],[-73.35,7.855],[-73.348,7.849],[-73.346,7.83],[-73.349,7.827],[-73.347,7.82],[-73.344,7.818],[-73.344,7.813],[-73.348,7.81],[-73.351,7.795],[-73.354,7.79],[-73.359,7.789],[-73.363,7.777],[-73.368,7.774],[-73.37,7.774],[-73.373,7.77],[-73.377,7.76],[-73.385,7.759],[-73.397,7.749],[-73.398,7.744],[-73.405,7.734],[-73.407,7.726],[-73.409,7.72],[-73.423,7.709],[-73.428,7.708],[-73.432,7.701],[-73.441,7.695],[-73.455,7.695],[-73.462,7.692],[-73.469,7.684],[-73.481,7.681],[-73.482,7.677],[-73.49,7.676],[-73.509,7.685],[-73.519,7.697],[-73.522,7.707],[-73.525,7.708],[-73.528,7.708],[-73.531,7.706],[-73.534,7.706],[-73.54,7.71],[-73.548,7.711],[-73.552,7.713],[-73.56,7.728],[-73.572,7.733],[-73.581,7.739],[-73.585,7.74],[-73.588,7.741],[-73.613,7.743],[-73.629,7.747],[-73.632,7.749],[-73.637,7.749],[-73.753,7.751],[-73.762,7.764],[-73.762,7.771],[-73.76,7.773],[-73.749,7.774],[-73.745,7.777],[-73.74,7.778],[-73.737,7.783],[-73.738,7.787],[-73.742,7.79],[-73.742,7.797],[-73.746,7.798],[-73.752,7.808],[-73.751,7.825],[-73.744,7.831],[-73.736,7.834],[-73.726,7.834],[-73.723,7.842],[-73.723,7.849],[-73.71,7.857],[-73.71,7.863],[-73.702,7.866],[-73.698,7.872],[-73.695,7.873],[-73.689,7.884],[-73.685,7.887],[-73.676,7.888],[-73.672,7.892],[-73.674,7.909],[-73.678,7.914],[-73.677,7.92],[-73.672,7.928],[-73.676,7.935],[-73.676,7.942],[-73.677,7.943],[-73.684,7.941],[-73.685,7.948],[-73.688,7.951],[-73.696,7.951],[-73.707,7.968],[-73.712,7.969],[-73.721,7.968],[-73.723,7.97],[-73.723,7.978],[-73.718,7.985],[-73.717,7.997],[-73.718,8.005],[-73.723,8.013],[-73.738,8.026],[-73.741,8.042],[-73.74,8.053],[-73.746,8.061],[-73.75,8.062],[-73.755,8.066],[-73.757,8.072],[-73.757,8.075],[-73.763,8.083],[-73.765,8.088],[-73.765,8.097],[-73.763,8.105],[-73.77,8.112],[-73.775,8.121],[-73.774,8.14],[-73.775,8.143]]]]}},{"type":"Feature","properties":{"name":"Magdalena","iso":"CO-MAG"},"geometry":{"type":"MultiPolygon","coordinates":[[[[-74.908,10.253],[-74.898,10.288],[-74.865,10.346],[-74.855,10.356],[-74.836,10.385],[-74.829,10.409],[-74.816,10.427],[-74.813,10.441],[-74.812,10.472],[-74.81,10.478],[-74.796,10.497],[-74.79,10.507],[-74.784,10.514],[-74.769,10.527],[-74.755,10.532],[-74.739,10.543],[-74.737,10.548],[-74.736,10.582],[-74.732,10.594],[-74.727,10.598],[-74.725,10.604],[-74.725,10.615],[-74.73,10.629],[-74.733,10.632],[-74.739,10.634],[-74.745,10.643],[-74.746,10.648],[-74.746,10.651],[-74.741,10.656],[-74.725,10.667],[-74.723,10.672],[-74.727,10.751],[-74.725,10.772],[-74.727,10.781],[-74.736,10.8],[-74.741,10.837],[-74.74,10.844],[-74.735,10.856],[-74.719,10.867],[-74.714,10.874],[-74.713,10.883],[-74.715,10.898],[-74.717,10.905],[-74.722,10.912],[-74.742,10.926],[-74.754,10.936],[-74.756,10.942],[-74.756,10.961],[-74.758,10.981],[-74.765,10.996],[-74.774,11.009],[-74.791,11.025],[-74.827,11.048],[-74.836,11.057],[-74.842,11.066],[-74.853,11.107],[-74.85,11.107],[-74.849,11.105],[-74.847,11.106],[-74.838,11.099],[-74.832,11.099],[-74.806,11.086],[-74.793,11.084],[-74.769,11.076],[-74.713,11.051],[-74.65,11.026],[-74.601,11.009],[-74.544,10.993],[-74.497,10.983],[-74.446,10.976],[-74.383,10.975],[-74.348,10.977],[-74.304,10.985],[-74.297,10.99],[-74.292,10.99],[-74.288,10.995],[-74.261,11.01],[-74.245,11.025],[-74.243,11.028],[-74.244,11.032],[-74.243,11.036],[-74.23,11.049],[-74.229,11.054],[-74.218,11.066],[-74.214,11.072],[-74.216,11.079],[-74.218,11.083],[-74.218,11.088],[-74.22,11.092],[-74.221,11.099],[-74.225,11.107],[-74.229,11.109],[-74.232,11.112],[-74.231,11.115],[-74.234,11.117],[-74.231,11.124],[-74.233,11.126],[-74.229,11.131],[-74.229,11.137],[-74.227,11.14],[-74.227,11.15],[-74.231,11.167],[-74.237,11.175],[-74.241,11.176],[-74.24,11.181],[-74.232,11.192],[-74.228,11.204],[-74.23,11.208],[-74.231,11.207],[-74.233,11.21],[-74.237,11.21],[-74.233,11.213],[-74.234,11.216],[-74.237,11.217],[-74.24,11.22],[-74.242,11.219],[-74.242,11.221],[-74.237,11.222],[-74.232,11.228],[-74.226,11.229],[-74.218,11.238],[-74.217,11.24],[-74.219,11.241],[-74.219,11.242],[-74.218,11.244],[-74.219,11.241],[-74.217,11.24],[-74.216,11.242],[-74.218,11.243],[-74.216,11.242],[-74.215,11.245],[-74.216,11.247],[-74.214,11.248],[-74.216,11.249],[-74.215,11.252],[-74.217,11.254],[-74.219,11.25],[-74.221,11.25],[-74.22,11.253],[-74.213,11.257],[-74.21,11.255],[-74.207,11.257],[-74.207,11.258],[-74.205,11.258],[-74.2,11.26],[-74.199,11.262],[-74.196,11.262],[-74.191,11.264],[-74.193,11.269],[-74.197,11.268],[-74.197,11.271],[-74.198,11.272],[-74.204,11.271],[-74.207,11.274],[-74.205,11.276],[-74.199,11.28],[-74.197,11.284],[-74.195,11.284],[-74.195,11.29],[-74.191,11.292],[-74.192,11.299],[-74.195,11.301],[-74.194,11.304],[-74.189,11.303],[-74.188,11.3],[-74.185,11.299],[-74.182,11.303],[-74.18,11.304],[-74.177,11.303],[-74.176,11.306],[-74.173,11.308],[-74.171,11.305],[-74.167,11.306],[-74.167,11.304],[-74.17,11.3],[-74.169,11.296],[-74.166,11.295],[-74.16,11.3],[-74.157,11.296],[-74.152,11.296],[-74.147,11.3],[-74.147,11.302],[-74.149,11.303],[-74.15,11.306],[-74.154,11.308],[-74.154,11.313],[-74.157,11.318],[-74.16,11.32],[-74.161,11.324],[-74.16,11.325],[-74.157,11.324],[-74.151,11.326],[-74.151,11.331],[-74.144,11.333],[-74.146,11.335],[-74.145,11.337],[-74.142,11.333],[-74.139,11.332],[-74.141,11.329],[-74.142,11.328],[-74.142,11.326],[-74.135,11.326],[-74.135,11.316],[-74.131,11.318],[-74.125,11.319],[-74.128,11.324],[-74.126,11.329],[-74.128,11.33],[-74.126,11.332],[-74.127,11.334],[-74.124,11.334],[-74.122,11.332],[-74.117,11.331],[-74.118,11.328],[-74.115,11.327],[-74.116,11.324],[-74.114,11.323],[-74.111,11.323],[-74.11,11.319],[-74.107,11.318],[-74.105,11.319],[-74.104,11.326],[-74.107,11.33],[-74.107,11.334],[-74.111,11.339],[-74.111,11.34],[-74.112,11.342],[-74.11,11.344],[-74.111,11.345],[-74.107,11.348],[-74.105,11.347],[-74.107,11.346],[-74.105,11.345],[-74.105,11.34],[-74.1,11.34],[-74.099,11.337],[-74.096,11.339],[-74.098,11.334],[-74.095,11.332],[-74.096,11.331],[-74.099,11.329],[-74.098,11.327],[-74.099,11.326],[-74.1,11.322],[-74.093,11.319],[-74.091,11.32],[-74.09,11.321],[-74.088,11.319],[-74.086,11.321],[-74.086,11.317],[-74.083,11.316],[-74.079,11.316],[-74.077,11.319],[-74.077,11.322],[-74.079,11.324],[-74.077,11.328],[-74.08,11.33],[-74.08,11.333],[-74.077,11.336],[-74.076,11.341],[-74.075,11.342],[-74.07,11.342],[-74.065,11.345],[-74.064,11.343],[-74.066,11.342],[-74.066,11.339],[-74.064,11.339],[-74.061,11.334],[-74.063,11.332],[-74.063,11.33],[-74.058,11.33],[-74.057,11.328],[-74.05,11.331],[-74.05,11.334],[-74.054,11.338],[-74.053,11.34],[-74.054,11.34],[-74.052,11.346],[-74.046,11.349],[-74.043,11.349],[-74.043,11.348],[-74.041,11.348],[-74.041,11.344],[-74.042,11.342],[-74.039,11.341],[-74.036,11.338],[-74.034,11.341],[-74.032,11.341],[-74.033,11.344],[-74.03,11.347],[-74.03,11.345],[-74.024,11.346],[-74.024,11.344],[-74.022,11.344],[-74.021,11.343],[-74.021,11.344],[-74.021,11.342],[-74.013,11.343],[-74.01,11.339],[-74.005,11.343],[-74.004,11.342],[-73.992,11.341],[-73.992,11.34],[-73.988,11.338],[-73.979,11.34],[-73.974,11.338],[-73.976,11.335],[-73.973,11.332],[-73.97,11.331],[-73.967,11.332],[-73.962,11.328],[-73.96,11.329],[-73.961,11.325],[-73.955,11.323],[-73.955,11.32],[-73.948,11.315],[-73.945,11.315],[-73.939,11.312],[-73.934,11.313],[-73.927,11.308],[-73.92,11.308],[-73.907,11.301],[-73.898,11.3],[-73.889,11.295],[-73.875,11.283],[-73.857,11.274],[-73.849,11.273],[-73.824,11.264],[-73.789,11.256],[-73.775,11.258],[-73.772,11.262],[-73.768,11.263],[-73.771,11.263],[-73.762,11.265],[-73.731,11.256],[-73.714,11.253],[-73.708,11.254],[-73.706,11.258],[-73.699,11.261],[-73.661,11.252],[-73.649,11.255],[-73.64,11.256],[-73.625,11.258],[-73.614,11.258],[-73.593,11.263],[-73.568,11.258],[-73.565,11.255],[-73.568,11.247],[-73.568,11.233],[-73.569,11.231],[-73.572,11.232],[-73.574,11.229],[-73.576,11.23],[-73.578,11.229],[-73.576,11.227],[-73.573,11.226],[-73.573,11.225],[-73.577,11.225],[-73.579,11.224],[-73.575,11.222],[-73.574,11.218],[-73.578,11.219],[-73.581,11.217],[-73.581,11.211],[-73.584,11.205],[-73.582,11.2],[-73.584,11.19],[-73.586,11.189],[-73.587,11.192],[-73.592,11.188],[-73.588,11.183],[-73.59,11.177],[-73.597,11.179],[-73.6,11.178],[-73.603,11.172],[-73.61,11.171],[-73.612,11.167],[-73.608,11.164],[-73.614,11.164],[-73.616,11.161],[-73.619,11.161],[-73.616,11.153],[-73.619,11.15],[-73.622,11.15],[-73.627,11.142],[-73.631,11.146],[-73.635,11.146],[-73.634,11.142],[-73.645,11.144],[-73.645,11.137],[-73.653,11.137],[-73.652,11.133],[-73.65,11.132],[-73.652,11.128],[-73.648,11.125],[-73.65,11.124],[-73.649,11.123],[-73.643,11.123],[-73.643,11.117],[-73.637,11.108],[-73.64,11.106],[-73.639,11.103],[-73.642,11.103],[-73.643,11.1],[-73.649,11.098],[-73.646,11.091],[-73.649,11.088],[-73.652,11.088],[-73.649,11.086],[-73.65,11.083],[-73.648,11.08],[-73.643,11.08],[-73.642,11.078],[-73.643,11.075],[-73.648,11.075],[-73.646,11.072],[-73.641,11.07],[-73.645,11.068],[-73.651,11.061],[-73.645,11.058],[-73.646,11.054],[-73.642,11.054],[-73.636,11.042],[-73.637,11.04],[-73.644,11.039],[-73.645,11.036],[-73.65,11.033],[-73.65,11.031],[-73.653,11.031],[-73.652,11.024],[-73.649,11.02],[-73.649,11.016],[-73.651,11.011],[-73.658,11.005],[-73.661,10.998],[-73.663,10.997],[-73.665,10.99],[-73.661,10.981],[-73.659,10.981],[-73.656,10.978],[-73.652,10.977],[-73.651,10.975],[-73.648,10.973],[-73.645,10.968],[-73.642,10.968],[-73.642,10.964],[-73.644,10.957],[-73.637,10.946],[-73.637,10.939],[-73.639,10.936],[-73.64,10.929],[-73.635,10.916],[-73.636,10.91],[-73.633,10.905],[-73.633,10.901],[-73.629,10.897],[-73.628,10.893],[-73.622,10.887],[-73.615,10.882],[-73.61,10.859],[-73.605,10.847],[-73.601,10.841],[-73.602,10.835],[-73.605,10.83],[-73.625,10.812],[-73.629,10.806],[-73.632,10.796],[-73.638,10.789],[-73.635,10.788],[-73.628,10.79],[-73.615,10.783],[-73.592,10.781],[-73.587,10.779],[-73.575,10.768],[-73.567,10.766],[-73.565,10.757],[-73.558,10.757],[-73.552,10.759],[-73.542,10.755],[-73.548,10.749],[-73.562,10.741],[-73.558,10.732],[-73.562,10.727],[-73.568,10.724],[-73.569,10.714],[-73.576,10.712],[-73.584,10.717],[-73.585,10.709],[-73.594,10.705],[-73.593,10.699],[-73.595,10.687],[-73.601,10.678],[-73.605,10.674],[-73.611,10.672],[-73.612,10.667],[-73.613,10.652],[-73.617,10.645],[-73.61,10.642],[-73.598,10.64],[-73.597,10.637],[-73.6,10.625],[-73.6,10.619],[-73.599,10.617],[-73.601,10.613],[-73.595,10.601],[-73.596,10.583],[-73.598,10.577],[-73.613,10.565],[-73.606,10.565],[-73.594,10.561],[-73.595,10.555],[-73.589,10.549],[-73.571,10.543],[-73.569,10.54],[-73.568,10.535],[-73.565,10.531],[-73.566,10.517],[-73.564,10.512],[-73.561,10.51],[-73.561,10.509],[-73.566,10.502],[-73.572,10.499],[-73.584,10.502],[-73.593,10.496],[-73.598,10.496],[-73.603,10.5],[-73.621,10.499],[-73.628,10.495],[-73.638,10.5],[-73.643,10.498],[-73.646,10.498],[-73.647,10.49],[-73.646,10.486],[-73.645,10.486],[-73.645,10.483],[-73.646,10.482],[-73.645,10.473],[-73.646,10.47],[-73.65,10.472],[-73.652,10.471],[-73.65,10.468],[-73.651,10.46],[-73.654,10.46],[-73.658,10.455],[-73.66,10.455],[-73.661,10.454],[-73.663,10.456],[-73.672,10.458],[-73.676,10.461],[-73.682,10.461],[-73.685,10.464],[-73.689,10.463],[-73.691,10.465],[-73.695,10.462],[-73.703,10.463],[-73.703,10.459],[-73.698,10.451],[-73.701,10.451],[-73.704,10.445],[-73.704,10.442],[-73.699,10.44],[-73.7,10.437],[-73.703,10.435],[-73.704,10.429],[-73.704,10.431],[-73.706,10.432],[-73.711,10.43],[-73.712,10.431],[-73.711,10.432],[-73.712,10.434],[-73.718,10.433],[-73.718,10.434],[-73.72,10.434],[-73.724,10.436],[-73.727,10.434],[-73.729,10.436],[-73.729,10.433],[-73.732,10.435],[-73.736,10.435],[-73.737,10.432],[-73.74,10.435],[-73.741,10.435],[-73.74,10.429],[-73.744,10.431],[-73.746,10.431],[-73.746,10.428],[-73.754,10.418],[-73.753,10.416],[-73.76,10.415],[-73.759,10.413],[-73.761,10.412],[-73.765,10.413],[-73.765,10.41],[-73.767,10.409],[-73.77,10.404],[-73.776,10.403],[-73.778,10.399],[-73.778,10.396],[-73.784,10.396],[-73.785,10.398],[-73.787,10.395],[-73.789,10.396],[-73.792,10.391],[-73.794,10.393],[-73.795,10.392],[-73.796,10.395],[-73.798,10.395],[-73.798,10.392],[-73.801,10.394],[-73.805,10.394],[-73.806,10.395],[-73.817,10.384],[-73.819,10.386],[-73.816,10.388],[-73.819,10.391],[-73.823,10.39],[-73.823,10.395],[-73.826,10.397],[-73.83,10.396],[-73.828,10.4],[-73.829,10.402],[-73.834,10.399],[-73.837,10.4],[-73.839,10.397],[-73.842,10.4],[-73.848,10.393],[-73.855,10.39],[-73.856,10.387],[-73.861,10.392],[-73.864,10.39],[-73.867,10.394],[-73.87,10.393],[-73.872,10.388],[-73.879,10.389],[-73.883,10.387],[-73.884,10.388],[-73.882,10.393],[-73.884,10.393],[-73.887,10.389],[-73.893,10.39],[-73.892,10.384],[-73.897,10.385],[-73.899,10.381],[-73.906,10.383],[-73.909,10.379],[-73.916,10.378],[-73.917,10.373],[-73.921,10.375],[-73.922,10.37],[-73.932,10.366],[-73.932,10.364],[-73.928,10.361],[-73.931,10.36],[-73.932,10.355],[-73.938,10.354],[-73.941,10.351],[-73.944,10.35],[-73.946,10.346],[-73.948,10.346],[-73.948,10.342],[-73.953,10.344],[-73.955,10.342],[-73.952,10.342],[-73.953,10.339],[-73.956,10.338],[-73.957,10.339],[-73.961,10.336],[-73.96,10.331],[-73.957,10.33],[-73.958,10.329],[-73.955,10.325],[-73.961,10.32],[-73.96,10.316],[-73.963,10.316],[-73.962,10.314],[-73.957,10.31],[-73.958,10.308],[-73.96,10.309],[-73.963,10.307],[-73.962,10.301],[-73.963,10.297],[-73.963,10.291],[-73.965,10.288],[-73.969,10.288],[-73.971,10.284],[-73.978,10.276],[-73.987,10.272],[-73.991,10.267],[-74.0,10.266],[-74.008,10.257],[-74.008,10.253],[-74.012,10.252],[-74.009,10.248],[-74.011,10.245],[-74.007,10.24],[-74.009,10.239],[-74.01,10.236],[-74.013,10.236],[-74.015,10.234],[-74.018,10.235],[-74.024,10.23],[-74.025,10.228],[-74.028,10.229],[-74.029,10.227],[-74.03,10.228],[-74.034,10.226],[-74.034,10.224],[-74.038,10.221],[-74.039,10.22],[-74.041,10.22],[-74.043,10.216],[-74.039,10.215],[-74.038,10.213],[-74.039,10.21],[-74.038,10.205],[-74.039,10.201],[-74.041,10.2],[-74.041,10.198],[-74.047,10.195],[-74.049,10.193],[-74.048,10.19],[-74.048,10.188],[-74.051,10.184],[-74.058,10.183],[-74.06,10.18],[-74.058,10.177],[-74.061,10.174],[-74.06,10.172],[-74.066,10.167],[-74.066,10.165],[-74.063,10.164],[-74.065,10.163],[-74.066,10.161],[-74.062,10.159],[-74.063,10.157],[-74.06,10.144],[-74.063,10.143],[-74.061,10.138],[-74.065,10.133],[-74.063,10.132],[-74.063,10.129],[-74.065,10.129],[-74.066,10.125],[-74.07,10.127],[-74.071,10.125],[-74.073,10.125],[-74.074,10.12],[-74.071,10.118],[-74.073,10.116],[-74.072,10.115],[-74.068,10.113],[-74.067,10.105],[-74.069,10.099],[-74.067,10.098],[-74.07,10.097],[-74.069,10.095],[-74.071,10.094],[-74.071,10.093],[-74.076,10.088],[-74.076,10.085],[-74.084,10.073],[-74.081,10.065],[-74.076,10.06],[-74.077,10.059],[-74.076,10.058],[-74.074,10.058],[-74.074,10.052],[-74.063,10.041],[-74.053,10.015],[-74.05,10.012],[-74.042,10.01],[-74.037,10.005],[-74.031,9.992],[-74.022,9.981],[-74.013,9.976],[-73.997,9.942],[-73.989,9.935],[-73.972,9.936],[-73.958,9.931],[-73.952,9.924],[-73.951,9.914],[-73.937,9.905],[-73.924,9.887],[-73.921,9.879],[-73.916,9.875],[-73.91,9.864],[-73.905,9.86],[-73.904,9.853],[-73.895,9.834],[-73.892,9.832],[-73.886,9.831],[-73.876,9.815],[-73.867,9.814],[-73.864,9.81],[-73.855,9.807],[-73.85,9.801],[-73.843,9.797],[-73.828,9.753],[-73.829,9.75],[-73.837,9.739],[-73.835,9.73],[-73.832,9.724],[-73.827,9.72],[-73.826,9.716],[-73.818,9.708],[-73.81,9.691],[-73.81,9.688],[-73.814,9.687],[-73.814,9.686],[-73.812,9.686],[-73.811,9.684],[-73.815,9.682],[-73.816,9.678],[-73.807,9.666],[-73.807,9.65],[-73.805,9.642],[-74.053,9.59],[-74.059,9.59],[-74.06,9.585],[-74.064,9.581],[-74.065,9.575],[-74.067,9.574],[-74.068,9.571],[-74.07,9.569],[-74.07,9.563],[-74.073,9.558],[-74.077,9.556],[-74.08,9.549],[-74.083,9.547],[-74.085,9.545],[-74.096,9.535],[-74.101,9.524],[-74.1,9.522],[-74.107,9.519],[-74.12,9.505],[-74.14,9.496],[-74.138,9.493],[-74.134,9.491],[-74.132,9.486],[-74.123,9.484],[-74.121,9.48],[-74.116,9.479],[-74.113,9.48],[-74.102,9.476],[-74.098,9.477],[-74.094,9.472],[-74.092,9.466],[-74.082,9.459],[-74.078,9.454],[-74.075,9.454],[-74.074,9.451],[-74.07,9.45],[-74.065,9.438],[-74.057,9.433],[-74.055,9.429],[-74.049,9.424],[-74.042,9.422],[-74.025,9.419],[-74.014,9.409],[-74.009,9.4],[-74.003,9.397],[-73.992,9.398],[-73.976,9.391],[-73.981,9.388],[-73.984,9.383],[-73.985,9.365],[-73.99,9.351],[-73.988,9.331],[-73.991,9.327],[-73.992,9.324],[-73.988,9.316],[-73.982,9.311],[-73.978,9.305],[-73.958,9.304],[-73.951,9.295],[-73.943,9.29],[-73.946,9.283],[-73.946,9.264],[-73.951,9.256],[-73.951,9.243],[-73.965,9.22],[-73.965,9.213],[-73.96,9.201],[-73.958,9.187],[-73.89,9.175],[-73.884,9.182],[-73.879,9.186],[-73.872,9.185],[-73.865,9.182],[-73.862,9.177],[-73.862,9.169],[-73.864,9.163],[-73.875,9.146],[-73.875,9.131],[-73.861,9.109],[-73.848,9.1],[-73.823,9.079],[-73.809,9.071],[-73.798,9.058],[-73.798,9.045],[-73.799,9.045],[-73.804,9.047],[-73.81,9.045],[-73.806,9.04],[-73.812,9.033],[-73.808,9.03],[-73.813,9.027],[-73.82,9.028],[-73.825,9.023],[-73.825,9.005],[-73.827,9.0],[-73.831,8.997],[-73.832,8.989],[-73.836,8.985],[-73.832,8.981],[-73.832,8.98],[-73.841,8.967],[-73.848,8.966],[-73.846,8.954],[-73.847,8.949],[-73.857,8.93],[-73.863,8.922],[-73.87,8.917],[-73.867,8.937],[-73.868,8.941],[-73.883,8.972],[-73.891,8.981],[-73.901,8.981],[-73.906,8.979],[-73.916,8.978],[-73.924,8.979],[-73.93,8.982],[-73.939,8.986],[-73.947,8.993],[-73.952,8.996],[-73.963,8.996],[-73.971,8.989],[-73.978,8.985],[-73.98,8.986],[-73.991,8.996],[-73.994,8.997],[-74.001,8.996],[-74.003,8.998],[-74.005,9.001],[-74.003,9.009],[-73.997,9.011],[-73.988,9.008],[-73.985,9.01],[-73.998,9.02],[-74.004,9.03],[-74.009,9.032],[-74.02,9.025],[-74.028,9.027],[-74.032,9.031],[-74.035,9.045],[-74.042,9.042],[-74.045,9.038],[-74.047,9.025],[-74.055,9.02],[-74.06,9.019],[-74.066,9.021],[-74.076,9.026],[-74.091,9.025],[-74.097,9.021],[-74.101,9.021],[-74.107,9.025],[-74.112,9.039],[-74.115,9.041],[-74.118,9.04],[-74.122,9.034],[-74.126,9.03],[-74.131,9.028],[-74.137,9.029],[-74.142,9.034],[-74.14,9.042],[-74.134,9.044],[-74.122,9.043],[-74.119,9.046],[-74.119,9.049],[-74.13,9.055],[-74.133,9.059],[-74.134,9.064],[-74.137,9.064],[-74.149,9.058],[-74.156,9.057],[-74.158,9.06],[-74.158,9.07],[-74.159,9.072],[-74.173,9.075],[-74.178,9.078],[-74.175,9.087],[-74.176,9.089],[-74.184,9.093],[-74.19,9.094],[-74.2,9.1],[-74.212,9.12],[-74.224,9.122],[-74.228,9.124],[-74.228,9.129],[-74.22,9.135],[-74.236,9.148],[-74.247,9.164],[-74.253,9.167],[-74.26,9.167],[-74.265,9.169],[-74.283,9.158],[-74.292,9.158],[-74.298,9.16],[-74.3,9.164],[-74.299,9.169],[-74.295,9.185],[-74.291,9.192],[-74.292,9.197],[-74.297,9.203],[-74.334,9.223],[-74.34,9.23],[-74.349,9.233],[-74.356,9.233],[-74.371,9.225],[-74.377,9.224],[-74.393,9.214],[-74.403,9.214],[-74.408,9.22],[-74.414,9.232],[-74.425,9.246],[-74.431,9.26],[-74.431,9.27],[-74.434,9.273],[-74.44,9.273],[-74.446,9.269],[-74.464,9.271],[-74.475,9.264],[-74.485,9.252],[-74.505,9.236],[-74.513,9.234],[-74.517,9.235],[-74.523,9.242],[-74.53,9.242],[-74.531,9.254],[-74.535,9.265],[-74.546,9.274],[-74.554,9.288],[-74.56,9.293],[-74.562,9.309],[-74.564,9.313],[-74.576,9.32],[-74.591,9.324],[-74.596,9.326],[-74.613,9.34],[-74.615,9.344],[-74.613,9.36],[-74.618,9.372],[-74.622,9.376],[-74.627,9.379],[-74.648,9.382],[-74.66,9.387],[-74.664,9.393],[-74.671,9.413],[-74.69,9.42],[-74.698,9.426],[-74.719,9.418],[-74.726,9.418],[-74.732,9.42],[-74.736,9.423],[-74.739,9.429],[-74.738,9.431],[-74.738,9.435],[-74.742,9.447],[-74.756,9.461],[-74.765,9.465],[-74.77,9.466],[-74.783,9.463],[-74.794,9.458],[-74.804,9.447],[-74.806,9.448],[-74.808,9.455],[-74.809,9.462],[-74.807,9.465],[-74.795,9.473],[-74.794,9.475],[-74.799,9.491],[-74.798,9.496],[-74.791,9.516],[-74.79,9.527],[-74.791,9.532],[-74.8,9.539],[-74.805,9.545],[-74.804,9.555],[-74.798,9.556],[-74.777,9.578],[-74.774,9.585],[-74.772,9.606],[-74.78,9.641],[-74.785,9.648],[-74.801,9.662],[-74.804,9.669],[-74.803,9.673],[-74.79,9.687],[-74.785,9.694],[-74.787,9.697],[-74.798,9.708],[-74.808,9.726],[-74.814,9.731],[-74.814,9.739],[-74.806,9.752],[-74.804,9.759],[-74.807,9.781],[-74.809,9.786],[-74.822,9.794],[-74.834,9.804],[-74.849,9.821],[-74.846,9.835],[-74.851,9.85],[-74.853,9.869],[-74.855,9.877],[-74.864,9.891],[-74.867,9.9],[-74.867,9.909],[-74.871,9.922],[-74.873,9.935],[-74.87,9.938],[-74.864,9.94],[-74.861,9.945],[-74.854,9.952],[-74.848,9.956],[-74.84,9.957],[-74.823,9.965],[-74.798,9.968],[-74.79,9.972],[-74.787,9.976],[-74.786,9.982],[-74.786,10.008],[-74.789,10.016],[-74.815,10.039],[-74.82,10.046],[-74.827,10.062],[-74.831,10.069],[-74.845,10.084],[-74.859,10.096],[-74.868,10.101],[-74.883,10.106],[-74.896,10.108],[-74.914,10.107],[-74.924,10.109],[-74.938,10.116],[-74.943,10.122],[-74.946,10.136],[-74.944,10.148],[-74.916,10.224],[-74.911,10.232],[-74.908,10.253]]]]}},{"type":"Feature","properties":{"name":"Sucre","iso":"CO-SUC"},"geometry":{"type":"MultiPolygon","coordinates":[[[[-75.565,10.122],[-75.499,10.148],[-75.545,10.046],[-75.542,10.041],[-75.534,10.039],[-75.524,10.028],[-75.517,10.025],[-75.508,10.026],[-75.504,10.034],[-75.5,10.035],[-75.492,10.038],[-75.483,10.037],[-75.482,10.023],[-75.483,10.015],[-75.481,10.001],[-75.474,9.992],[-75.472,9.979],[-75.47,9.976],[-75.466,9.973],[-75.463,9.962],[-75.463,9.956],[-75.47,9.952],[-75.472,9.947],[-75.473,9.94],[-75.476,9.939],[-75.481,9.93],[-75.481,9.925],[-75.477,9.918],[-75.482,9.909],[-75.481,9.906],[-75.471,9.908],[-75.467,9.913],[-75.463,9.913],[-75.466,9.902],[-75.458,9.899],[-75.449,9.894],[-75.445,9.894],[-75.443,9.892],[-75.437,9.892],[-75.431,9.888],[-75.399,9.882],[-75.379,9.874],[-75.373,9.873],[-75.37,9.87],[-75.368,9.87],[-75.365,9.872],[-75.36,9.872],[-75.358,9.874],[-75.358,9.906],[-75.353,9.909],[-75.343,9.911],[-75.342,9.904],[-75.342,9.891],[-75.337,9.887],[-75.329,9.884],[-75.325,9.881],[-75.323,9.876],[-75.322,9.872],[-75.324,9.867],[-75.332,9.854],[-75.333,9.841],[-75.342,9.82],[-75.343,9.815],[-75.349,9.81],[-75.349,9.806],[-75.343,9.801],[-75.336,9.797],[-75.335,9.793],[-75.339,9.785],[-75.338,9.777],[-75.344,9.761],[-75.347,9.746],[-75.349,9.742],[-75.357,9.737],[-75.364,9.723],[-75.36,9.72],[-75.362,9.713],[-75.36,9.693],[-75.361,9.689],[-75.37,9.685],[-75.372,9.682],[-75.376,9.666],[-75.376,9.654],[-75.367,9.653],[-75.365,9.649],[-75.373,9.63],[-75.369,9.632],[-75.363,9.638],[-75.361,9.646],[-75.359,9.645],[-75.357,9.647],[-75.348,9.643],[-75.344,9.644],[-75.336,9.633],[-75.33,9.628],[-75.335,9.627],[-75.336,9.625],[-75.336,9.62],[-75.338,9.616],[-75.338,9.613],[-75.335,9.611],[-75.33,9.612],[-75.329,9.616],[-75.325,9.616],[-75.325,9.622],[-75.321,9.636],[-75.319,9.638],[-75.315,9.647],[-75.315,9.652],[-75.306,9.655],[-75.3,9.656],[-75.301,9.666],[-75.3,9.67],[-75.281,9.684],[-75.276,9.686],[-75.269,9.685],[-75.267,9.683],[-75.271,9.677],[-75.27,9.671],[-75.265,9.67],[-75.254,9.66],[-75.247,9.661],[-75.243,9.658],[-75.237,9.652],[-75.233,9.649],[-75.232,9.646],[-75.229,9.651],[-75.217,9.65],[-75.214,9.648],[-75.21,9.652],[-75.204,9.652],[-75.201,9.651],[-75.199,9.648],[-75.195,9.645],[-75.188,9.645],[-75.18,9.639],[-75.173,9.642],[-75.171,9.645],[-75.165,9.646],[-75.169,9.638],[-75.176,9.634],[-75.183,9.633],[-75.186,9.63],[-75.189,9.63],[-75.188,9.628],[-75.181,9.625],[-75.18,9.623],[-75.179,9.616],[-75.182,9.605],[-75.181,9.602],[-75.177,9.603],[-75.168,9.612],[-75.166,9.613],[-75.162,9.611],[-75.163,9.606],[-75.152,9.6],[-75.15,9.597],[-75.143,9.596],[-75.136,9.597],[-75.134,9.595],[-75.134,9.588],[-75.132,9.584],[-75.133,9.58],[-75.129,9.579],[-75.125,9.575],[-75.119,9.574],[-75.112,9.567],[-75.104,9.566],[-75.101,9.56],[-75.098,9.556],[-75.094,9.556],[-75.093,9.552],[-75.085,9.546],[-75.086,9.54],[-75.079,9.534],[-75.075,9.533],[-75.067,9.535],[-75.057,9.534],[-75.05,9.54],[-75.043,9.541],[-75.039,9.539],[-75.031,9.531],[-75.015,9.53],[-75.02,9.527],[-75.031,9.514],[-75.029,9.501],[-75.032,9.486],[-75.036,9.477],[-75.029,9.457],[-75.026,9.457],[-75.021,9.461],[-75.015,9.459],[-75.008,9.451],[-75.004,9.45],[-75.002,9.446],[-74.986,9.443],[-74.984,9.441],[-74.981,9.442],[-74.961,9.441],[-74.942,9.445],[-74.926,9.444],[-74.916,9.442],[-74.909,9.433],[-74.9,9.43],[-74.896,9.43],[-74.889,9.434],[-74.882,9.434],[-74.883,9.427],[-74.887,9.422],[-74.895,9.422],[-74.909,9.418],[-74.913,9.415],[-74.924,9.392],[-74.919,9.387],[-74.919,9.381],[-74.925,9.376],[-74.927,9.366],[-74.937,9.355],[-74.939,9.349],[-74.948,9.345],[-74.943,9.334],[-74.929,9.326],[-74.931,9.315],[-74.943,9.306],[-74.947,9.292],[-74.944,9.287],[-74.936,9.284],[-74.933,9.279],[-74.931,9.272],[-74.933,9.265],[-74.93,9.256],[-74.927,9.253],[-74.92,9.252],[-74.911,9.238],[-74.915,9.226],[-74.913,9.215],[-74.916,9.195],[-74.907,9.19],[-74.905,9.183],[-74.9,9.181],[-74.897,9.176],[-74.895,9.166],[-74.892,9.165],[-74.886,9.166],[-74.882,9.164],[-74.879,9.156],[-74.872,9.148],[-74.865,9.136],[-74.86,9.133],[-74.853,9.133],[-74.852,9.13],[-74.847,9.122],[-74.845,9.11],[-74.84,9.105],[-74.839,9.101],[-74.837,9.101],[-74.835,9.099],[-74.838,9.097],[-74.839,9.092],[-74.834,9.091],[-74.829,9.086],[-74.831,9.08],[-74.829,9.075],[-74.829,9.068],[-74.824,9.062],[-74.825,9.059],[-74.821,9.055],[-74.813,9.053],[-74.81,9.049],[-74.795,9.048],[-74.792,9.045],[-74.787,9.046],[-74.782,9.04],[-74.78,9.038],[-74.768,9.039],[-74.761,9.042],[-74.756,9.046],[-74.753,9.044],[-74.752,9.045],[-74.749,9.044],[-74.746,9.038],[-74.748,9.029],[-74.741,9.023],[-74.738,9.017],[-74.722,9.013],[-74.708,9.008],[-74.699,9.008],[-74.683,9.011],[-74.678,9.007],[-74.67,9.006],[-74.669,8.998],[-74.665,8.994],[-74.652,8.989],[-74.639,8.978],[-74.638,8.969],[-74.623,8.935],[-74.619,8.931],[-74.609,8.931],[-74.609,8.918],[-74.596,8.9],[-74.589,8.877],[-74.581,8.87],[-74.571,8.854],[-74.571,8.843],[-74.569,8.835],[-74.565,8.831],[-74.561,8.823],[-74.56,8.817],[-74.558,8.811],[-74.558,8.803],[-74.565,8.793],[-74.57,8.791],[-74.574,8.786],[-74.576,8.779],[-74.575,8.777],[-74.57,8.775],[-74.571,8.772],[-74.576,8.774],[-74.585,8.771],[-74.587,8.767],[-74.587,8.761],[-74.594,8.763],[-74.608,8.762],[-74.61,8.761],[-74.611,8.757],[-74.609,8.753],[-74.601,8.748],[-74.599,8.743],[-74.599,8.74],[-74.607,8.732],[-74.609,8.728],[-74.608,8.722],[-74.598,8.706],[-74.594,8.694],[-74.593,8.69],[-74.596,8.676],[-74.589,8.669],[-74.591,8.665],[-74.596,8.659],[-74.597,8.655],[-74.596,8.648],[-74.59,8.641],[-74.587,8.634],[-74.589,8.629],[-74.587,8.624],[-74.589,8.617],[-74.587,8.61],[-74.594,8.603],[-74.595,8.599],[-74.594,8.592],[-74.586,8.589],[-74.572,8.581],[-74.563,8.569],[-74.565,8.56],[-74.564,8.549],[-74.576,8.548],[-74.579,8.543],[-74.575,8.542],[-74.571,8.522],[-74.566,8.515],[-74.566,8.512],[-74.569,8.51],[-74.568,8.507],[-74.563,8.506],[-74.561,8.508],[-74.556,8.509],[-74.544,8.491],[-74.537,8.482],[-74.534,8.477],[-74.533,8.465],[-74.54,8.458],[-74.541,8.455],[-74.539,8.435],[-74.546,8.423],[-74.556,8.412],[-74.561,8.4],[-74.561,8.39],[-74.567,8.39],[-74.582,8.384],[-74.593,8.394],[-74.597,8.403],[-74.61,8.403],[-74.612,8.395],[-74.616,8.387],[-74.611,8.376],[-74.614,8.367],[-74.616,8.365],[-74.61,8.358],[-74.613,8.347],[-74.62,8.343],[-74.635,8.322],[-74.648,8.314],[-74.65,8.31],[-74.652,8.297],[-74.651,8.287],[-74.649,8.285],[-74.653,8.281],[-74.658,8.279],[-74.66,8.281],[-74.661,8.283],[-74.661,8.29],[-74.666,8.295],[-74.673,8.295],[-74.683,8.292],[-74.691,8.297],[-74.702,8.298],[-74.708,8.303],[-74.714,8.303],[-74.724,8.3],[-74.725,8.297],[-74.727,8.282],[-74.731,8.282],[-74.731,8.285],[-74.735,8.289],[-74.735,8.299],[-74.737,8.306],[-74.745,8.308],[-74.749,8.307],[-74.757,8.3],[-74.767,8.295],[-74.77,8.28],[-74.78,8.279],[-74.785,8.276],[-74.789,8.282],[-74.792,8.28],[-74.794,8.281],[-74.797,8.284],[-74.797,8.293],[-74.805,8.308],[-74.804,8.31],[-74.802,8.312],[-74.801,8.314],[-74.804,8.321],[-74.801,8.325],[-74.799,8.334],[-74.796,8.337],[-74.799,8.34],[-74.798,8.346],[-74.801,8.348],[-74.802,8.357],[-74.812,8.367],[-74.812,8.37],[-74.815,8.373],[-74.819,8.382],[-74.822,8.384],[-74.826,8.385],[-74.831,8.391],[-74.841,8.397],[-74.85,8.4],[-74.861,8.397],[-74.872,8.402],[-74.873,8.403],[-74.872,8.413],[-74.875,8.416],[-74.875,8.422],[-74.883,8.431],[-74.882,8.434],[-74.888,8.443],[-74.888,8.449],[-74.89,8.452],[-74.899,8.456],[-74.914,8.468],[-74.914,8.471],[-74.911,8.476],[-74.918,8.477],[-74.922,8.48],[-74.927,8.477],[-74.929,8.474],[-74.931,8.477],[-74.931,8.485],[-74.934,8.491],[-74.94,8.492],[-74.945,8.494],[-74.958,8.495],[-74.964,8.491],[-74.976,8.488],[-74.991,8.48],[-75.004,8.478],[-75.01,8.476],[-75.014,8.477],[-75.023,8.474],[-75.032,8.473],[-75.048,8.469],[-75.073,8.457],[-75.128,8.421],[-75.158,8.411],[-75.176,8.401],[-75.177,8.399],[-75.18,8.399],[-75.184,8.398],[-75.203,8.416],[-75.212,8.434],[-75.219,8.442],[-75.243,8.461],[-75.249,8.462],[-75.253,8.467],[-75.269,8.471],[-75.274,8.474],[-75.282,8.475],[-75.291,8.48],[-75.303,8.482],[-75.312,8.485],[-75.315,8.493],[-75.317,8.509],[-75.32,8.511],[-75.319,8.517],[-75.325,8.523],[-75.327,8.542],[-75.327,8.559],[-75.323,8.573],[-75.318,8.578],[-75.318,8.59],[-75.325,8.604],[-75.331,8.61],[-75.331,8.614],[-75.338,8.62],[-75.34,8.631],[-75.339,8.634],[-75.341,8.638],[-75.342,8.643],[-75.337,8.642],[-75.331,8.645],[-75.329,8.655],[-75.334,8.651],[-75.336,8.652],[-75.346,8.661],[-75.347,8.669],[-75.336,8.686],[-75.336,8.691],[-75.339,8.694],[-75.341,8.699],[-75.343,8.712],[-75.342,8.718],[-75.336,8.721],[-75.333,8.727],[-75.338,8.74],[-75.333,8.746],[-75.32,8.748],[-75.316,8.75],[-75.321,8.755],[-75.333,8.754],[-75.342,8.763],[-75.346,8.765],[-75.35,8.773],[-75.361,8.78],[-75.364,8.787],[-75.369,8.792],[-75.369,8.824],[-75.371,8.824],[-75.374,8.857],[-75.368,8.858],[-75.346,8.868],[-75.325,8.869],[-75.313,8.88],[-75.307,8.872],[-75.307,8.868],[-75.301,8.863],[-75.297,8.866],[-75.29,8.872],[-75.282,8.875],[-75.274,8.876],[-75.275,8.881],[-75.269,8.881],[-75.267,8.899],[-75.265,8.896],[-75.262,8.896],[-75.259,8.898],[-75.257,8.895],[-75.253,8.894],[-75.241,8.896],[-75.227,8.902],[-75.223,8.91],[-75.214,8.917],[-75.204,8.917],[-75.207,8.925],[-75.207,8.938],[-75.207,8.946],[-75.204,8.957],[-75.205,8.968],[-75.202,8.969],[-75.199,8.97],[-75.181,8.963],[-75.175,8.963],[-75.183,8.975],[-75.188,8.988],[-75.194,8.992],[-75.201,8.995],[-75.203,8.998],[-75.206,8.999],[-75.206,9.001],[-75.209,9.004],[-75.222,9.014],[-75.226,9.02],[-75.232,9.022],[-75.232,9.023],[-75.223,9.024],[-75.22,9.028],[-75.216,9.03],[-75.212,9.039],[-75.205,9.039],[-75.208,9.048],[-75.213,9.049],[-75.216,9.047],[-75.222,9.05],[-75.234,9.063],[-75.243,9.068],[-75.246,9.074],[-75.254,9.074],[-75.261,9.076],[-75.267,9.074],[-75.271,9.076],[-75.28,9.073],[-75.283,9.07],[-75.293,9.067],[-75.295,9.068],[-75.293,9.079],[-75.294,9.087],[-75.292,9.094],[-75.293,9.098],[-75.296,9.099],[-75.305,9.098],[-75.308,9.099],[-75.312,9.103],[-75.322,9.119],[-75.334,9.122],[-75.342,9.131],[-75.349,9.132],[-75.354,9.13],[-75.358,9.127],[-75.363,9.127],[-75.366,9.132],[-75.374,9.136],[-75.379,9.145],[-75.379,9.148],[-75.381,9.15],[-75.383,9.15],[-75.385,9.147],[-75.39,9.147],[-75.4,9.139],[-75.405,9.139],[-75.411,9.143],[-75.417,9.141],[-75.421,9.138],[-75.425,9.138],[-75.427,9.142],[-75.426,9.149],[-75.428,9.155],[-75.423,9.159],[-75.422,9.165],[-75.443,9.171],[-75.447,9.177],[-75.451,9.178],[-75.452,9.18],[-75.455,9.182],[-75.459,9.189],[-75.469,9.194],[-75.466,9.199],[-75.469,9.201],[-75.471,9.205],[-75.467,9.222],[-75.463,9.225],[-75.462,9.237],[-75.457,9.247],[-75.458,9.257],[-75.467,9.258],[-75.477,9.257],[-75.479,9.25],[-75.482,9.249],[-75.487,9.251],[-75.491,9.246],[-75.495,9.25],[-75.496,9.254],[-75.494,9.255],[-75.496,9.26],[-75.504,9.265],[-75.499,9.273],[-75.503,9.276],[-75.506,9.276],[-75.512,9.265],[-75.515,9.262],[-75.518,9.262],[-75.53,9.259],[-75.537,9.26],[-75.539,9.258],[-75.544,9.259],[-75.553,9.263],[-75.557,9.267],[-75.563,9.283],[-75.574,9.295],[-75.575,9.307],[-75.586,9.308],[-75.594,9.311],[-75.608,9.327],[-75.611,9.337],[-75.62,9.341],[-75.625,9.347],[-75.626,9.353],[-75.628,9.353],[-75.629,9.35],[-75.637,9.346],[-75.642,9.337],[-75.649,9.33],[-75.66,9.334],[-75.669,9.334],[-75.684,9.351],[-75.682,9.358],[-75.682,9.363],[-75.684,9.363],[-75.686,9.361],[-75.687,9.357],[-75.693,9.354],[-75.701,9.355],[-75.702,9.357],[-75.712,9.359],[-75.707,9.368],[-75.701,9.374],[-75.696,9.384],[-75.687,9.391],[-75.696,9.398],[-75.698,9.41],[-75.696,9.412],[-75.69,9.41],[-75.688,9.408],[-75.68,9.404],[-75.673,9.405],[-75.653,9.419],[-75.648,9.419],[-75.644,9.421],[-75.634,9.43],[-75.625,9.441],[-75.606,9.472],[-75.597,9.49],[-75.588,9.517],[-75.587,9.523],[-75.586,9.522],[-75.582,9.534],[-75.581,9.538],[-75.582,9.538],[-75.581,9.538],[-75.579,9.544],[-75.573,9.57],[-75.571,9.608],[-75.578,9.636],[-75.582,9.645],[-75.595,9.658],[-75.604,9.681],[-75.611,9.693],[-75.618,9.697],[-75.625,9.694],[-75.631,9.693],[-75.638,9.698],[-75.645,9.705],[-75.646,9.705],[-75.654,9.707],[-75.677,9.704],[-75.693,9.705],[-75.698,9.703],[-75.703,9.698],[-75.704,9.699],[-75.7,9.705],[-75.693,9.71],[-75.688,9.715],[-75.688,9.723],[-75.679,9.727],[-75.678,9.734],[-75.671,9.737],[-75.664,9.744],[-75.655,9.748],[-75.644,9.758],[-75.641,9.764],[-75.644,9.772],[-75.644,9.775],[-75.63,9.789],[-75.627,9.795],[-75.627,9.798],[-75.623,9.806],[-75.62,9.819],[-75.621,9.827],[-75.618,9.838],[-75.613,9.838],[-75.612,9.84],[-75.614,9.842],[-75.614,9.845],[-75.615,9.844],[-75.614,9.851],[-75.617,9.861],[-75.617,9.864],[-75.621,9.866],[-75.618,9.873],[-75.615,9.875],[-75.615,9.877],[-75.619,9.877],[-75.615,9.882],[-75.615,9.879],[-75.613,9.88],[-75.608,9.889],[-75.6,9.899],[-75.592,9.922],[-75.594,9.936],[-75.587,9.943],[-75.581,9.951],[-75.575,9.973],[-75.574,9.979],[-75.576,9.987],[-75.583,9.999],[-75.582,10.002],[-75.576,10.006],[-75.574,10.009],[-75.571,10.018],[-75.57,10.047],[-75.572,10.056],[-75.569,10.075],[-75.582,10.121],[-75.58,10.126],[-75.579,10.127],[-75.573,10.123],[-75.565,10.122]]]]}},{"type":"Feature","properties":{"name":"Córdoba","iso":"CO-COR"},"geometry":{"type":"MultiPolygon","coordinates":[[[[-74.825,8.199],[-74.872,8.2],[-74.876,8.198],[-74.876,8.187],[-74.873,8.174],[-74.881,8.148],[-74.88,8.139],[-74.892,8.123],[-74.894,8.117],[-74.9,8.11],[-74.912,8.101],[-74.918,8.092],[-74.924,8.08],[-74.931,8.074],[-74.951,8.08],[-74.968,8.094],[-74.977,8.092],[-75.006,8.073],[-75.023,8.066],[-75.031,8.06],[-75.041,8.056],[-75.046,8.052],[-75.072,8.052],[-75.08,8.055],[-75.094,8.057],[-75.117,8.052],[-75.14,8.053],[-75.155,8.055],[-75.166,8.049],[-75.183,8.05],[-75.192,8.052],[-75.21,8.063],[-75.224,8.06],[-75.228,8.056],[-75.238,8.04],[-75.239,8.028],[-75.246,8.015],[-75.261,7.997],[-75.276,7.993],[-75.281,7.981],[-75.289,7.976],[-75.292,7.969],[-75.296,7.964],[-75.303,7.96],[-75.304,7.957],[-75.309,7.954],[-75.316,7.945],[-75.322,7.945],[-75.331,7.95],[-75.336,7.95],[-75.34,7.91],[-75.347,7.888],[-75.351,7.884],[-75.359,7.877],[-75.372,7.871],[-75.385,7.868],[-75.398,7.859],[-75.412,7.846],[-75.416,7.837],[-75.418,7.835],[-75.427,7.84],[-75.454,7.834],[-75.46,7.823],[-75.464,7.786],[-75.474,7.773],[-75.482,7.759],[-75.483,7.751],[-75.482,7.742],[-75.492,7.725],[-75.496,7.72],[-75.497,7.717],[-75.511,7.715],[-75.511,7.713],[-75.514,7.711],[-75.534,7.708],[-75.543,7.705],[-75.552,7.701],[-75.557,7.694],[-75.561,7.675],[-75.56,7.665],[-75.562,7.655],[-75.572,7.64],[-75.572,7.632],[-75.57,7.626],[-75.573,7.618],[-75.583,7.607],[-75.599,7.603],[-75.603,7.6],[-75.602,7.593],[-75.603,7.582],[-75.61,7.58],[-75.633,7.58],[-75.65,7.587],[-75.661,7.593],[-75.674,7.597],[-75.676,7.596],[-75.683,7.585],[-75.695,7.58],[-75.712,7.582],[-75.741,7.611],[-75.743,7.612],[-75.747,7.608],[-75.759,7.605],[-75.762,7.599],[-75.76,7.585],[-75.762,7.574],[-75.77,7.565],[-75.773,7.556],[-75.772,7.542],[-75.769,7.53],[-75.771,7.526],[-75.784,7.516],[-75.785,7.514],[-75.783,7.508],[-75.778,7.503],[-75.777,7.5],[-75.782,7.487],[-75.788,7.477],[-75.789,7.459],[-75.802,7.447],[-75.809,7.447],[-75.822,7.442],[-75.827,7.434],[-75.827,7.43],[-75.821,7.421],[-75.82,7.417],[-75.833,7.398],[-75.837,7.387],[-75.835,7.371],[-75.841,7.363],[-75.966,7.357],[-76.384,7.392],[-76.402,7.41],[-76.42,7.436],[-76.429,7.45],[-76.431,7.461],[-76.45,7.49],[-76.456,7.505],[-76.461,7.509],[-76.464,7.517],[-76.484,7.533],[-76.489,7.542],[-76.498,7.551],[-76.503,7.56],[-76.51,7.584],[-76.505,7.628],[-76.498,7.644],[-76.489,7.66],[-76.488,7.685],[-76.49,7.702],[-76.489,7.72],[-76.491,7.73],[-76.496,7.742],[-76.495,7.75],[-76.485,7.757],[-76.481,7.765],[-76.481,7.77],[-76.483,7.778],[-76.476,7.817],[-76.478,7.832],[-76.469,7.845],[-76.466,7.856],[-76.46,7.865],[-76.452,7.868],[-76.437,7.895],[-76.42,7.91],[-76.415,7.953],[-76.417,7.986],[-76.415,7.996],[-76.427,8.017],[-76.427,8.024],[-76.423,8.034],[-76.416,8.071],[-76.408,8.082],[-76.405,8.086],[-76.39,8.093],[-76.384,8.102],[-76.38,8.114],[-76.377,8.135],[-76.366,8.161],[-76.36,8.167],[-76.345,8.174],[-76.342,8.186],[-76.344,8.196],[-76.343,8.207],[-76.337,8.212],[-76.333,8.225],[-76.332,8.233],[-76.321,8.276],[-76.317,8.282],[-76.31,8.286],[-76.305,8.292],[-76.305,8.308],[-76.302,8.315],[-76.298,8.321],[-76.284,8.332],[-76.272,8.344],[-76.252,8.361],[-76.235,8.368],[-76.214,8.381],[-76.194,8.39],[-76.191,8.392],[-76.19,8.4],[-76.193,8.408],[-76.211,8.435],[-76.212,8.44],[-76.21,8.464],[-76.213,8.5],[-76.218,8.516],[-76.232,8.539],[-76.235,8.546],[-76.234,8.556],[-76.229,8.562],[-76.223,8.568],[-76.223,8.573],[-76.243,8.572],[-76.25,8.579],[-76.253,8.585],[-76.252,8.6],[-76.255,8.611],[-76.264,8.617],[-76.266,8.621],[-76.265,8.629],[-76.267,8.635],[-76.271,8.638],[-76.274,8.639],[-76.283,8.649],[-76.295,8.653],[-76.302,8.652],[-76.309,8.656],[-76.318,8.657],[-76.33,8.653],[-76.338,8.646],[-76.341,8.646],[-76.345,8.652],[-76.347,8.657],[-76.349,8.669],[-76.353,8.68],[-76.356,8.695],[-76.366,8.719],[-76.4,8.746],[-76.408,8.746],[-76.412,8.748],[-76.416,8.755],[-76.416,8.758],[-76.399,8.774],[-76.395,8.782],[-76.389,8.784],[-76.386,8.787],[-76.385,8.791],[-76.414,8.89],[-76.41,8.892],[-76.347,8.914],[-76.337,8.92],[-76.327,8.93],[-76.323,8.938],[-76.321,8.945],[-76.32,8.957],[-76.302,8.968],[-76.265,8.997],[-76.264,9.001],[-76.264,9.014],[-76.261,9.027],[-76.261,9.034],[-76.25,9.058],[-76.243,9.065],[-76.23,9.072],[-76.231,9.074],[-76.229,9.077],[-76.217,9.086],[-76.203,9.1],[-76.187,9.119],[-76.186,9.123],[-76.187,9.126],[-76.182,9.134],[-76.183,9.141],[-76.18,9.146],[-76.178,9.152],[-76.178,9.163],[-76.176,9.174],[-76.178,9.179],[-76.181,9.181],[-76.174,9.196],[-76.176,9.206],[-76.171,9.212],[-76.168,9.218],[-76.171,9.229],[-76.135,9.245],[-76.12,9.253],[-76.107,9.266],[-76.101,9.275],[-76.1,9.282],[-76.103,9.29],[-76.11,9.297],[-76.109,9.303],[-76.088,9.327],[-76.082,9.336],[-76.017,9.354],[-75.977,9.376],[-75.97,9.382],[-75.959,9.395],[-75.955,9.406],[-75.96,9.414],[-75.964,9.416],[-75.964,9.414],[-75.968,9.417],[-75.968,9.42],[-75.964,9.421],[-75.963,9.423],[-75.965,9.425],[-75.956,9.432],[-75.953,9.439],[-75.948,9.439],[-75.948,9.443],[-75.923,9.448],[-75.924,9.445],[-75.923,9.447],[-75.92,9.446],[-75.915,9.436],[-75.909,9.431],[-75.901,9.427],[-75.884,9.423],[-75.874,9.423],[-75.85,9.426],[-75.843,9.425],[-75.836,9.429],[-75.831,9.43],[-75.827,9.427],[-75.827,9.425],[-75.825,9.423],[-75.821,9.422],[-75.819,9.424],[-75.817,9.43],[-75.813,9.432],[-75.8,9.432],[-75.794,9.429],[-75.792,9.419],[-75.791,9.412],[-75.793,9.413],[-75.793,9.415],[-75.798,9.411],[-75.8,9.413],[-75.798,9.414],[-75.8,9.415],[-75.814,9.418],[-75.827,9.415],[-75.827,9.412],[-75.828,9.413],[-75.834,9.408],[-75.833,9.407],[-75.834,9.405],[-75.837,9.405],[-75.836,9.405],[-75.833,9.403],[-75.835,9.4],[-75.838,9.399],[-75.838,9.398],[-75.835,9.398],[-75.834,9.396],[-75.834,9.395],[-75.829,9.396],[-75.828,9.394],[-75.825,9.393],[-75.821,9.398],[-75.811,9.397],[-75.808,9.399],[-75.807,9.402],[-75.805,9.403],[-75.805,9.4],[-75.803,9.396],[-75.783,9.393],[-75.782,9.395],[-75.778,9.395],[-75.776,9.399],[-75.777,9.401],[-75.78,9.403],[-75.776,9.405],[-75.776,9.402],[-75.772,9.401],[-75.763,9.404],[-75.745,9.42],[-75.739,9.419],[-75.729,9.42],[-75.727,9.418],[-75.725,9.415],[-75.722,9.414],[-75.72,9.412],[-75.71,9.414],[-75.696,9.412],[-75.698,9.41],[-75.696,9.398],[-75.687,9.391],[-75.696,9.384],[-75.701,9.374],[-75.707,9.368],[-75.712,9.359],[-75.702,9.357],[-75.701,9.355],[-75.693,9.354],[-75.687,9.357],[-75.686,9.361],[-75.684,9.363],[-75.682,9.363],[-75.682,9.358],[-75.684,9.351],[-75.669,9.334],[-75.66,9.334],[-75.649,9.33],[-75.642,9.337],[-75.637,9.346],[-75.629,9.35],[-75.628,9.353],[-75.626,9.353],[-75.625,9.347],[-75.62,9.341],[-75.611,9.337],[-75.608,9.327],[-75.594,9.311],[-75.586,9.308],[-75.575,9.307],[-75.574,9.295],[-75.563,9.283],[-75.557,9.267],[-75.553,9.263],[-75.544,9.259],[-75.539,9.258],[-75.537,9.26],[-75.53,9.259],[-75.518,9.262],[-75.515,9.262],[-75.512,9.265],[-75.506,9.276],[-75.503,9.276],[-75.499,9.273],[-75.504,9.265],[-75.496,9.26],[-75.494,9.255],[-75.496,9.254],[-75.495,9.25],[-75.491,9.246],[-75.487,9.251],[-75.482,9.249],[-75.479,9.25],[-75.477,9.257],[-75.467,9.258],[-75.458,9.257],[-75.457,9.247],[-75.462,9.237],[-75.463,9.225],[-75.467,9.222],[-75.471,9.205],[-75.469,9.201],[-75.466,9.199],[-75.469,9.194],[-75.459,9.189],[-75.455,9.182],[-75.452,9.18],[-75.451,9.178],[-75.447,9.177],[-75.443,9.171],[-75.422,9.165],[-75.423,9.159],[-75.428,9.155],[-75.426,9.149],[-75.427,9.142],[-75.425,9.138],[-75.421,9.138],[-75.417,9.141],[-75.411,9.143],[-75.405,9.139],[-75.4,9.139],[-75.39,9.147],[-75.385,9.147],[-75.383,9.15],[-75.381,9.15],[-75.379,9.148],[-75.379,9.145],[-75.374,9.136],[-75.366,9.132],[-75.363,9.127],[-75.358,9.127],[-75.354,9.13],[-75.349,9.132],[-75.342,9.131],[-75.334,9.122],[-75.322,9.119],[-75.312,9.103],[-75.308,9.099],[-75.305,9.098],[-75.296,9.099],[-75.293,9.098],[-75.292,9.094],[-75.294,9.087],[-75.293,9.079],[-75.295,9.068],[-75.293,9.067],[-75.283,9.07],[-75.28,9.073],[-75.271,9.076],[-75.267,9.074],[-75.261,9.076],[-75.254,9.074],[-75.246,9.074],[-75.243,9.068],[-75.234,9.063],[-75.222,9.05],[-75.216,9.047],[-75.213,9.049],[-75.208,9.048],[-75.205,9.039],[-75.212,9.039],[-75.216,9.03],[-75.22,9.028],[-75.223,9.024],[-75.232,9.023],[-75.232,9.022],[-75.226,9.02],[-75.222,9.014],[-75.209,9.004],[-75.206,9.001],[-75.206,8.999],[-75.203,8.998],[-75.201,8.995],[-75.194,8.992],[-75.188,8.988],[-75.183,8.975],[-75.175,8.963],[-75.181,8.963],[-75.199,8.97],[-75.202,8.969],[-75.205,8.968],[-75.204,8.957],[-75.207,8.946],[-75.207,8.938],[-75.207,8.925],[-75.204,8.917],[-75.214,8.917],[-75.223,8.91],[-75.227,8.902],[-75.241,8.896],[-75.253,8.894],[-75.257,8.895],[-75.259,8.898],[-75.262,8.896],[-75.265,8.896],[-75.267,8.899],[-75.269,8.881],[-75.275,8.881],[-75.274,8.876],[-75.282,8.875],[-75.29,8.872],[-75.297,8.866],[-75.301,8.863],[-75.307,8.868],[-75.307,8.872],[-75.313,8.88],[-75.325,8.869],[-75.346,8.868],[-75.368,8.858],[-75.374,8.857],[-75.371,8.824],[-75.369,8.824],[-75.369,8.792],[-75.364,8.787],[-75.361,8.78],[-75.35,8.773],[-75.346,8.765],[-75.342,8.763],[-75.333,8.754],[-75.321,8.755],[-75.316,8.75],[-75.32,8.748],[-75.333,8.746],[-75.338,8.74],[-75.333,8.727],[-75.336,8.721],[-75.342,8.718],[-75.343,8.712],[-75.341,8.699],[-75.339,8.694],[-75.336,8.691],[-75.336,8.686],[-75.347,8.669],[-75.346,8.661],[-75.336,8.652],[-75.334,8.651],[-75.329,8.655],[-75.331,8.645],[-75.337,8.642],[-75.342,8.643],[-75.341,8.638],[-75.339,8.634],[-75.34,8.631],[-75.338,8.62],[-75.331,8.614],[-75.331,8.61],[-75.325,8.604],[-75.318,8.59],[-75.318,8.578],[-75.323,8.573],[-75.327,8.559],[-75.327,8.542],[-75.325,8.523],[-75.319,8.517],[-75.32,8.511],[-75.317,8.509],[-75.315,8.493],[-75.312,8.485],[-75.303,8.482],[-75.291,8.48],[-75.282,8.475],[-75.274,8.474],[-75.269,8.471],[-75.253,8.467],[-75.249,8.462],[-75.243,8.461],[-75.219,8.442],[-75.212,8.434],[-75.203,8.416],[-75.184,8.398],[-75.18,8.399],[-75.177,8.399],[-75.176,8.401],[-75.158,8.411],[-75.128,8.421],[-75.073,8.457],[-75.048,8.469],[-75.032,8.473],[-75.023,8.474],[-75.014,8.477],[-75.01,8.476],[-75.004,8.478],[-74.991,8.48],[-74.976,8.488],[-74.964,8.491],[-74.958,8.495],[-74.945,8.494],[-74.94,8.492],[-74.934,8.491],[-74.931,8.485],[-74.931,8.477],[-74.929,8.474],[-74.927,8.477],[-74.922,8.48],[-74.918,8.477],[-74.911,8.476],[-74.914,8.471],[-74.914,8.468],[-74.899,8.456],[-74.89,8.452],[-74.888,8.449],[-74.888,8.443],[-74.882,8.434],[-74.883,8.431],[-74.875,8.422],[-74.875,8.416],[-74.872,8.413],[-74.873,8.403],[-74.872,8.402],[-74.861,8.397],[-74.85,8.4],[-74.841,8.397],[-74.831,8.391],[-74.826,8.385],[-74.822,8.384],[-74.819,8.382],[-74.815,8.373],[-74.812,8.37],[-74.812,8.367],[-74.802,8.357],[-74.801,8.348],[-74.798,8.346],[-74.799,8.34],[-74.796,8.337],[-74.799,8.334],[-74.801,8.325],[-74.804,8.321],[-74.801,8.314],[-74.802,8.312],[-74.804,8.31],[-74.805,8.308],[-74.797,8.293],[-74.797,8.284],[-74.794,8.281],[-74.792,8.28],[-74.789,8.282],[-74.785,8.276],[-74.795,8.27],[-74.801,8.271],[-74.806,8.275],[-74.808,8.275],[-74.807,8.267],[-74.797,8.26],[-74.792,8.253],[-74.792,8.249],[-74.793,8.246],[-74.807,8.241],[-74.807,8.237],[-74.814,8.229],[-74.826,8.228],[-74.828,8.224],[-74.834,8.221],[-74.834,8.217],[-74.831,8.21],[-74.831,8.203],[-74.825,8.199]]]]}},{"type":"Feature","properties":{"name":"La Guajira","iso":"CO-LAG"},"geometry":{"type":"MultiPolygon","coordinates":[[[[-72.895,10.434],[-72.908,10.434],[-72.931,10.431],[-72.939,10.427],[-72.96,10.414],[-72.971,10.41],[-72.978,10.404],[-72.986,10.401],[-72.993,10.401],[-72.999,10.404],[-73.004,10.403],[-73.006,10.405],[-73.009,10.405],[-73.015,10.411],[-73.018,10.412],[-73.026,10.411],[-73.035,10.405],[-73.042,10.405],[-73.047,10.408],[-73.05,10.412],[-73.052,10.412],[-73.051,10.414],[-73.053,10.414],[-73.053,10.415],[-73.059,10.415],[-73.065,10.417],[-73.065,10.419],[-73.068,10.42],[-73.07,10.423],[-73.076,10.423],[-73.085,10.426],[-73.098,10.419],[-73.099,10.416],[-73.109,10.413],[-73.113,10.41],[-73.116,10.409],[-73.117,10.405],[-73.123,10.404],[-73.128,10.399],[-73.142,10.397],[-73.145,10.398],[-73.146,10.4],[-73.144,10.42],[-73.145,10.423],[-73.143,10.429],[-73.144,10.432],[-73.142,10.435],[-73.143,10.437],[-73.148,10.444],[-73.151,10.444],[-73.151,10.446],[-73.153,10.447],[-73.153,10.448],[-73.154,10.448],[-73.154,10.451],[-73.163,10.455],[-73.162,10.457],[-73.168,10.459],[-73.168,10.461],[-73.172,10.461],[-73.173,10.459],[-73.174,10.461],[-73.179,10.457],[-73.181,10.466],[-73.177,10.47],[-73.172,10.473],[-73.174,10.479],[-73.166,10.485],[-73.167,10.491],[-73.159,10.491],[-73.155,10.497],[-73.146,10.5],[-73.145,10.503],[-73.148,10.507],[-73.14,10.516],[-73.137,10.53],[-73.133,10.531],[-73.125,10.528],[-73.116,10.539],[-73.107,10.541],[-73.1,10.55],[-73.096,10.558],[-73.101,10.566],[-73.101,10.572],[-73.099,10.576],[-73.091,10.58],[-73.086,10.59],[-73.086,10.601],[-73.089,10.609],[-73.088,10.616],[-73.085,10.624],[-73.077,10.634],[-73.077,10.637],[-73.079,10.638],[-73.08,10.641],[-73.084,10.642],[-73.083,10.645],[-73.083,10.648],[-73.087,10.651],[-73.089,10.654],[-73.092,10.655],[-73.096,10.659],[-73.099,10.659],[-73.103,10.661],[-73.104,10.665],[-73.109,10.665],[-73.112,10.667],[-73.115,10.677],[-73.117,10.682],[-73.127,10.684],[-73.132,10.683],[-73.14,10.687],[-73.144,10.695],[-73.161,10.711],[-73.164,10.711],[-73.171,10.707],[-73.176,10.706],[-73.182,10.71],[-73.185,10.711],[-73.207,10.705],[-73.207,10.708],[-73.212,10.716],[-73.215,10.731],[-73.221,10.734],[-73.229,10.731],[-73.231,10.733],[-73.233,10.739],[-73.236,10.74],[-73.241,10.738],[-73.25,10.738],[-73.256,10.732],[-73.265,10.731],[-73.277,10.725],[-73.275,10.74],[-73.27,10.744],[-73.27,10.747],[-73.267,10.75],[-73.267,10.753],[-73.265,10.754],[-73.263,10.757],[-73.26,10.758],[-73.252,10.77],[-73.252,10.775],[-73.257,10.779],[-73.259,10.786],[-73.256,10.795],[-73.252,10.799],[-73.251,10.804],[-73.255,10.809],[-73.252,10.814],[-73.256,10.823],[-73.256,10.827],[-73.258,10.83],[-73.262,10.829],[-73.264,10.831],[-73.266,10.839],[-73.264,10.842],[-73.265,10.845],[-73.277,10.848],[-73.279,10.857],[-73.285,10.857],[-73.29,10.862],[-73.295,10.855],[-73.298,10.856],[-73.305,10.85],[-73.312,10.846],[-73.325,10.858],[-73.329,10.857],[-73.337,10.862],[-73.345,10.86],[-73.355,10.861],[-73.359,10.858],[-73.365,10.86],[-73.373,10.858],[-73.378,10.861],[-73.384,10.86],[-73.386,10.862],[-73.389,10.863],[-73.393,10.867],[-73.4,10.866],[-73.433,10.867],[-73.437,10.865],[-73.449,10.867],[-73.455,10.866],[-73.455,10.861],[-73.462,10.859],[-73.47,10.862],[-73.473,10.867],[-73.479,10.867],[-73.488,10.863],[-73.494,10.858],[-73.5,10.859],[-73.507,10.856],[-73.508,10.853],[-73.521,10.848],[-73.534,10.848],[-73.539,10.845],[-73.544,10.844],[-73.563,10.847],[-73.572,10.843],[-73.579,10.843],[-73.593,10.84],[-73.602,10.835],[-73.601,10.841],[-73.605,10.847],[-73.61,10.859],[-73.615,10.882],[-73.622,10.887],[-73.628,10.893],[-73.629,10.897],[-73.633,10.901],[-73.633,10.905],[-73.636,10.91],[-73.635,10.916],[-73.64,10.929],[-73.639,10.936],[-73.637,10.939],[-73.637,10.946],[-73.644,10.957],[-73.642,10.964],[-73.642,10.968],[-73.645,10.968],[-73.648,10.973],[-73.651,10.975],[-73.652,10.977],[-73.656,10.978],[-73.659,10.981],[-73.661,10.981],[-73.665,10.99],[-73.663,10.997],[-73.661,10.998],[-73.658,11.005],[-73.651,11.011],[-73.649,11.016],[-73.649,11.02],[-73.652,11.024],[-73.653,11.031],[-73.65,11.031],[-73.65,11.033],[-73.645,11.036],[-73.644,11.039],[-73.637,11.04],[-73.636,11.042],[-73.642,11.054],[-73.646,11.054],[-73.645,11.058],[-73.651,11.061],[-73.645,11.068],[-73.641,11.07],[-73.646,11.072],[-73.648,11.075],[-73.643,11.075],[-73.642,11.078],[-73.643,11.08],[-73.648,11.08],[-73.65,11.083],[-73.649,11.086],[-73.652,11.088],[-73.649,11.088],[-73.646,11.091],[-73.649,11.098],[-73.643,11.1],[-73.642,11.103],[-73.639,11.103],[-73.64,11.106],[-73.637,11.108],[-73.643,11.117],[-73.643,11.123],[-73.649,11.123],[-73.65,11.124],[-73.648,11.125],[-73.652,11.128],[-73.65,11.132],[-73.652,11.133],[-73.653,11.137],[-73.645,11.137],[-73.645,11.144],[-73.634,11.142],[-73.635,11.146],[-73.631,11.146],[-73.627,11.142],[-73.622,11.15],[-73.619,11.15],[-73.616,11.153],[-73.619,11.161],[-73.616,11.161],[-73.614,11.164],[-73.608,11.164],[-73.612,11.167],[-73.61,11.171],[-73.603,11.172],[-73.6,11.178],[-73.597,11.179],[-73.59,11.177],[-73.588,11.183],[-73.592,11.188],[-73.587,11.192],[-73.586,11.189],[-73.584,11.19],[-73.582,11.2],[-73.584,11.205],[-73.581,11.211],[-73.581,11.217],[-73.578,11.219],[-73.574,11.218],[-73.575,11.222],[-73.579,11.224],[-73.577,11.225],[-73.573,11.225],[-73.573,11.226],[-73.576,11.227],[-73.578,11.229],[-73.576,11.23],[-73.574,11.229],[-73.572,11.232],[-73.569,11.231],[-73.568,11.233],[-73.568,11.247],[-73.565,11.255],[-73.568,11.258],[-73.532,11.251],[-73.527,11.254],[-73.516,11.253],[-73.513,11.256],[-73.508,11.256],[-73.507,11.258],[-73.49,11.26],[-73.485,11.263],[-73.44,11.257],[-73.426,11.259],[-73.417,11.263],[-73.361,11.262],[-73.346,11.264],[-73.338,11.269],[-73.331,11.271],[-73.305,11.275],[-73.277,11.285],[-73.266,11.292],[-73.264,11.296],[-73.253,11.303],[-73.252,11.307],[-73.249,11.309],[-73.22,11.325],[-73.217,11.33],[-73.198,11.342],[-73.191,11.353],[-73.189,11.365],[-73.16,11.384],[-73.149,11.394],[-73.149,11.399],[-73.145,11.405],[-73.135,11.41],[-73.11,11.417],[-73.098,11.423],[-73.085,11.433],[-73.046,11.477],[-73.029,11.492],[-72.992,11.513],[-72.963,11.522],[-72.948,11.534],[-72.939,11.537],[-72.937,11.54],[-72.928,11.544],[-72.913,11.552],[-72.89,11.56],[-72.881,11.566],[-72.873,11.577],[-72.874,11.578],[-72.87,11.584],[-72.848,11.608],[-72.839,11.619],[-72.835,11.627],[-72.827,11.635],[-72.805,11.647],[-72.77,11.678],[-72.736,11.692],[-72.722,11.7],[-72.684,11.706],[-72.659,11.718],[-72.642,11.717],[-72.64,11.713],[-72.636,11.715],[-72.641,11.716],[-72.641,11.717],[-72.623,11.721],[-72.619,11.723],[-72.611,11.733],[-72.612,11.731],[-72.61,11.734],[-72.601,11.739],[-72.595,11.745],[-72.583,11.747],[-72.57,11.742],[-72.564,11.744],[-72.563,11.743],[-72.558,11.744],[-72.558,11.745],[-72.561,11.744],[-72.549,11.748],[-72.549,11.75],[-72.543,11.753],[-72.542,11.758],[-72.543,11.756],[-72.544,11.758],[-72.535,11.765],[-72.533,11.769],[-72.516,11.776],[-72.509,11.777],[-72.498,11.775],[-72.486,11.778],[-72.467,11.779],[-72.46,11.777],[-72.456,11.779],[-72.45,11.778],[-72.444,11.78],[-72.439,11.786],[-72.411,11.793],[-72.41,11.795],[-72.402,11.799],[-72.391,11.81],[-72.386,11.812],[-72.387,11.811],[-72.383,11.817],[-72.378,11.819],[-72.344,11.831],[-72.339,11.839],[-72.326,11.842],[-72.323,11.846],[-72.317,11.849],[-72.299,11.855],[-72.281,11.87],[-72.249,11.89],[-72.246,11.891],[-72.253,11.879],[-72.251,11.877],[-72.247,11.876],[-72.241,11.879],[-72.236,11.885],[-72.228,11.887],[-72.223,11.892],[-72.224,11.893],[-72.221,11.903],[-72.219,11.908],[-72.234,11.893],[-72.239,11.892],[-72.241,11.895],[-72.231,11.907],[-72.226,11.911],[-72.22,11.923],[-72.216,11.927],[-72.208,11.946],[-72.203,11.966],[-72.198,11.979],[-72.184,11.997],[-72.179,12.019],[-72.174,12.029],[-72.164,12.045],[-72.16,12.056],[-72.145,12.086],[-72.139,12.104],[-72.139,12.111],[-72.142,12.12],[-72.141,12.138],[-72.143,12.148],[-72.142,12.157],[-72.144,12.162],[-72.143,12.175],[-72.146,12.18],[-72.148,12.2],[-72.151,12.204],[-72.154,12.206],[-72.169,12.207],[-72.174,12.205],[-72.178,12.207],[-72.18,12.207],[-72.18,12.209],[-72.177,12.215],[-72.179,12.217],[-72.178,12.216],[-72.174,12.219],[-72.165,12.22],[-72.164,12.224],[-72.165,12.226],[-72.157,12.229],[-72.156,12.232],[-72.144,12.233],[-72.143,12.235],[-72.144,12.239],[-72.14,12.239],[-72.139,12.24],[-72.113,12.234],[-72.084,12.233],[-72.084,12.231],[-72.079,12.234],[-72.074,12.233],[-72.074,12.234],[-72.054,12.237],[-72.049,12.24],[-72.031,12.243],[-72.021,12.242],[-72.012,12.242],[-71.992,12.248],[-71.971,12.257],[-71.968,12.254],[-71.961,12.258],[-71.963,12.253],[-71.96,12.251],[-71.958,12.252],[-71.957,12.249],[-71.959,12.241],[-71.962,12.239],[-71.965,12.228],[-71.967,12.227],[-71.97,12.219],[-71.98,12.217],[-71.989,12.21],[-71.988,12.2],[-71.989,12.203],[-71.996,12.2],[-71.996,12.197],[-71.998,12.194],[-71.997,12.192],[-72.001,12.186],[-71.991,12.181],[-71.989,12.178],[-71.986,12.179],[-71.982,12.172],[-71.982,12.168],[-71.984,12.167],[-71.984,12.164],[-71.988,12.161],[-71.986,12.158],[-71.986,12.149],[-71.979,12.15],[-71.978,12.152],[-71.975,12.151],[-71.973,12.151],[-71.965,12.146],[-71.94,12.153],[-71.929,12.15],[-71.929,12.152],[-71.927,12.152],[-71.928,12.158],[-71.927,12.16],[-71.924,12.159],[-71.925,12.163],[-71.921,12.163],[-71.921,12.166],[-71.918,12.165],[-71.918,12.171],[-71.92,12.171],[-71.923,12.176],[-71.921,12.179],[-71.922,12.182],[-71.912,12.182],[-71.909,12.185],[-71.909,12.188],[-71.901,12.189],[-71.9,12.191],[-71.901,12.192],[-71.897,12.194],[-71.886,12.191],[-71.884,12.192],[-71.883,12.191],[-71.88,12.194],[-71.878,12.192],[-71.878,12.19],[-71.877,12.19],[-71.869,12.191],[-71.862,12.196],[-71.865,12.2],[-71.866,12.207],[-71.865,12.208],[-71.865,12.204],[-71.864,12.202],[-71.861,12.208],[-71.863,12.216],[-71.862,12.217],[-71.871,12.226],[-71.869,12.228],[-71.869,12.229],[-71.871,12.228],[-71.877,12.232],[-71.88,12.236],[-71.878,12.236],[-71.875,12.239],[-71.876,12.242],[-71.877,12.243],[-71.873,12.244],[-71.873,12.242],[-71.869,12.243],[-71.87,12.248],[-71.877,12.252],[-71.881,12.253],[-71.883,12.253],[-71.885,12.249],[-71.885,12.251],[-71.886,12.249],[-71.89,12.251],[-71.889,12.256],[-71.892,12.263],[-71.886,12.267],[-71.888,12.271],[-71.89,12.272],[-71.89,12.274],[-71.894,12.277],[-71.9,12.278],[-71.904,12.276],[-71.908,12.277],[-71.913,12.276],[-71.915,12.274],[-71.918,12.275],[-71.921,12.274],[-71.926,12.275],[-71.934,12.274],[-71.936,12.275],[-71.94,12.276],[-71.945,12.272],[-71.945,12.263],[-71.946,12.266],[-71.951,12.267],[-71.953,12.272],[-71.955,12.272],[-71.955,12.273],[-71.941,12.281],[-71.93,12.292],[-71.925,12.299],[-71.9,12.315],[-71.898,12.319],[-71.882,12.333],[-71.86,12.356],[-71.857,12.358],[-71.855,12.356],[-71.852,12.356],[-71.849,12.352],[-71.841,12.351],[-71.836,12.357],[-71.826,12.362],[-71.825,12.37],[-71.823,12.372],[-71.814,12.372],[-71.808,12.37],[-71.807,12.366],[-71.813,12.362],[-71.814,12.36],[-71.825,12.355],[-71.827,12.351],[-71.833,12.346],[-71.838,12.345],[-71.84,12.339],[-71.835,12.327],[-71.827,12.316],[-71.821,12.311],[-71.815,12.308],[-71.804,12.305],[-71.799,12.308],[-71.8,12.31],[-71.797,12.314],[-71.799,12.318],[-71.794,12.329],[-71.791,12.328],[-71.786,12.331],[-71.774,12.329],[-71.761,12.33],[-71.755,12.334],[-71.743,12.346],[-71.737,12.36],[-71.738,12.372],[-71.742,12.377],[-71.748,12.38],[-71.751,12.38],[-71.752,12.379],[-71.756,12.38],[-71.761,12.378],[-71.762,12.379],[-71.753,12.381],[-71.75,12.385],[-71.739,12.389],[-71.73,12.397],[-71.728,12.407],[-71.724,12.41],[-71.721,12.411],[-71.716,12.409],[-71.716,12.401],[-71.712,12.399],[-71.714,12.397],[-71.712,12.394],[-71.718,12.39],[-71.721,12.391],[-71.722,12.389],[-71.726,12.387],[-71.724,12.375],[-71.721,12.37],[-71.72,12.37],[-71.719,12.375],[-71.718,12.376],[-71.714,12.373],[-71.714,12.372],[-71.71,12.369],[-71.706,12.372],[-71.707,12.375],[-71.705,12.375],[-71.705,12.373],[-71.708,12.37],[-71.707,12.366],[-71.705,12.365],[-71.703,12.367],[-71.702,12.37],[-71.704,12.372],[-71.706,12.37],[-71.706,12.371],[-71.703,12.373],[-71.699,12.373],[-71.695,12.368],[-71.697,12.364],[-71.701,12.364],[-71.702,12.362],[-71.699,12.362],[-71.7,12.36],[-71.702,12.36],[-71.701,12.359],[-71.69,12.36],[-71.688,12.364],[-71.683,12.364],[-71.684,12.369],[-71.682,12.37],[-71.687,12.369],[-71.685,12.367],[-71.685,12.366],[-71.689,12.365],[-71.693,12.361],[-71.699,12.361],[-71.692,12.365],[-71.691,12.368],[-71.685,12.372],[-71.686,12.376],[-71.69,12.379],[-71.7,12.382],[-71.689,12.389],[-71.69,12.391],[-71.695,12.392],[-71.69,12.393],[-71.686,12.391],[-71.673,12.389],[-71.664,12.396],[-71.658,12.398],[-71.652,12.403],[-71.649,12.403],[-71.648,12.404],[-71.65,12.405],[-71.646,12.407],[-71.648,12.408],[-71.645,12.408],[-71.645,12.404],[-71.639,12.406],[-71.641,12.404],[-71.64,12.402],[-71.634,12.404],[-71.627,12.409],[-71.628,12.413],[-71.633,12.416],[-71.638,12.413],[-71.644,12.413],[-71.645,12.411],[-71.648,12.413],[-71.65,12.411],[-71.658,12.413],[-71.657,12.411],[-71.658,12.409],[-71.666,12.41],[-71.668,12.404],[-71.67,12.404],[-71.671,12.407],[-71.673,12.405],[-71.674,12.405],[-71.674,12.408],[-71.672,12.409],[-71.668,12.409],[-71.666,12.413],[-71.662,12.414],[-71.659,12.416],[-71.654,12.418],[-71.657,12.42],[-71.649,12.424],[-71.65,12.425],[-71.647,12.427],[-71.658,12.426],[-71.655,12.428],[-71.647,12.43],[-71.647,12.432],[-71.648,12.434],[-71.653,12.435],[-71.664,12.433],[-71.668,12.428],[-71.67,12.427],[-71.674,12.428],[-71.668,12.432],[-71.668,12.434],[-71.67,12.434],[-71.674,12.433],[-71.677,12.428],[-71.682,12.425],[-71.687,12.422],[-71.691,12.422],[-71.699,12.417],[-71.698,12.42],[-71.7,12.421],[-71.695,12.426],[-71.69,12.433],[-71.684,12.437],[-71.683,12.443],[-71.684,12.445],[-71.693,12.439],[-71.701,12.436],[-71.706,12.43],[-71.705,12.424],[-71.707,12.422],[-71.71,12.42],[-71.709,12.419],[-71.712,12.416],[-71.718,12.416],[-71.732,12.408],[-71.735,12.409],[-71.734,12.412],[-71.736,12.413],[-71.73,12.422],[-71.73,12.426],[-71.719,12.436],[-71.697,12.442],[-71.689,12.445],[-71.684,12.451],[-71.673,12.454],[-71.669,12.457],[-71.648,12.453],[-71.643,12.451],[-71.639,12.447],[-71.635,12.446],[-71.624,12.44],[-71.621,12.439],[-71.618,12.441],[-71.61,12.437],[-71.604,12.437],[-71.603,12.439],[-71.596,12.437],[-71.593,12.439],[-71.585,12.435],[-71.577,12.435],[-71.574,12.438],[-71.573,12.441],[-71.574,12.442],[-71.573,12.443],[-71.566,12.438],[-71.557,12.435],[-71.553,12.435],[-71.551,12.437],[-71.552,12.439],[-71.546,12.439],[-71.543,12.44],[-71.53,12.435],[-71.525,12.436],[-71.502,12.425],[-71.477,12.417],[-71.469,12.41],[-71.461,12.408],[-71.457,12.404],[-71.451,12.392],[-71.447,12.39],[-71.438,12.381],[-71.433,12.38],[-71.427,12.386],[-71.415,12.381],[-71.403,12.384],[-71.399,12.383],[-71.398,12.38],[-71.388,12.377],[-71.384,12.378],[-71.358,12.368],[-71.352,12.368],[-71.34,12.358],[-71.324,12.348],[-71.316,12.348],[-71.313,12.351],[-71.312,12.357],[-71.31,12.354],[-71.307,12.355],[-71.3,12.353],[-71.29,12.347],[-71.287,12.344],[-71.282,12.343],[-71.274,12.338],[-71.26,12.327],[-71.257,12.319],[-71.246,12.316],[-71.234,12.302],[-71.228,12.3],[-71.223,12.292],[-71.226,12.288],[-71.224,12.279],[-71.225,12.273],[-71.22,12.26],[-71.202,12.233],[-71.192,12.212],[-71.175,12.186],[-71.173,12.185],[-71.167,12.177],[-71.166,12.17],[-71.154,12.147],[-71.126,12.106],[-71.115,12.086],[-71.117,12.069],[-71.113,12.049],[-71.117,12.034],[-71.119,12.034],[-71.122,12.025],[-71.125,12.021],[-71.136,12.003],[-71.144,11.998],[-71.152,11.999],[-71.157,11.994],[-71.158,11.995],[-71.161,11.995],[-71.167,11.988],[-71.17,11.987],[-71.173,11.989],[-71.176,11.987],[-71.18,11.98],[-71.184,11.981],[-71.191,11.98],[-71.193,11.978],[-71.203,11.975],[-71.205,11.971],[-71.215,11.965],[-71.217,11.966],[-71.22,11.965],[-71.227,11.958],[-71.23,11.952],[-71.236,11.953],[-71.242,11.947],[-71.243,11.944],[-71.246,11.943],[-71.251,11.937],[-71.254,11.936],[-71.255,11.933],[-71.269,11.919],[-71.269,11.914],[-71.274,11.913],[-71.282,11.908],[-71.288,11.911],[-71.29,11.916],[-71.294,11.919],[-71.301,11.918],[-71.303,11.925],[-71.31,11.929],[-71.313,11.929],[-71.315,11.927],[-71.313,11.921],[-71.304,11.922],[-71.306,11.919],[-71.311,11.919],[-71.312,11.915],[-71.318,11.919],[-71.328,11.922],[-71.326,11.913],[-71.335,11.911],[-71.336,11.909],[-71.333,11.903],[-71.33,11.903],[-71.328,11.901],[-71.321,11.903],[-71.319,11.902],[-71.314,11.903],[-71.313,11.907],[-71.306,11.909],[-71.305,11.912],[-71.303,11.914],[-71.302,11.913],[-71.3,11.917],[-71.294,11.917],[-71.29,11.913],[-71.295,11.911],[-71.299,11.906],[-71.301,11.9],[-71.302,11.888],[-71.312,11.881],[-71.316,11.872],[-71.317,11.864],[-71.322,11.86],[-71.324,11.853],[-71.343,11.849],[-71.347,11.846],[-71.348,11.842],[-71.357,11.838],[-71.36,11.838],[-71.362,11.841],[-71.363,11.841],[-71.368,11.836],[-71.369,11.833],[-71.377,11.832],[-71.38,11.833],[-71.382,11.83],[-71.386,11.831],[-71.387,11.83],[-71.386,11.829],[-71.388,11.828],[-71.388,11.826],[-71.39,11.827],[-71.387,11.815],[-71.378,11.812],[-71.644,11.734],[-71.783,11.687],[-71.901,11.66],[-71.971,11.646],[-72.249,11.14],[-72.255,11.141],[-72.259,11.138],[-72.272,11.138],[-72.287,11.143],[-72.299,11.145],[-72.315,11.144],[-72.322,11.147],[-72.331,11.144],[-72.335,11.145],[-72.333,11.147],[-72.334,11.148],[-72.341,11.149],[-72.345,11.152],[-72.349,11.151],[-72.358,11.146],[-72.36,11.142],[-72.366,11.139],[-72.369,11.139],[-72.374,11.136],[-72.388,11.134],[-72.408,11.126],[-72.423,11.126],[-72.425,11.124],[-72.425,11.122],[-72.431,11.121],[-72.438,11.115],[-72.439,11.116],[-72.442,11.123],[-72.442,11.127],[-72.444,11.128],[-72.456,11.12],[-72.46,11.114],[-72.465,11.113],[-72.478,11.102],[-72.485,11.099],[-72.488,11.095],[-72.49,11.089],[-72.498,11.086],[-72.498,11.083],[-72.49,11.078],[-72.486,11.062],[-72.482,11.059],[-72.49,11.052],[-72.499,11.041],[-72.505,11.038],[-72.507,11.034],[-72.509,11.023],[-72.518,11.019],[-72.519,11.014],[-72.526,11.012],[-72.525,11.007],[-72.518,11.002],[-72.523,10.996],[-72.527,10.996],[-72.53,10.993],[-72.536,10.986],[-72.538,10.98],[-72.537,10.975],[-72.55,10.952],[-72.554,10.944],[-72.554,10.94],[-72.561,10.934],[-72.563,10.928],[-72.572,10.923],[-72.574,10.917],[-72.578,10.913],[-72.594,10.905],[-72.604,10.897],[-72.608,10.889],[-72.612,10.883],[-72.62,10.887],[-72.631,10.885],[-72.639,10.885],[-72.649,10.879],[-72.649,10.872],[-72.65,10.867],[-72.655,10.858],[-72.659,10.856],[-72.658,10.851],[-72.663,10.838],[-72.662,10.83],[-72.669,10.823],[-72.676,10.82],[-72.676,10.817],[-72.674,10.814],[-72.675,10.807],[-72.683,10.796],[-72.678,10.783],[-72.681,10.778],[-72.683,10.77],[-72.682,10.766],[-72.68,10.765],[-72.68,10.764],[-72.689,10.757],[-72.704,10.759],[-72.708,10.757],[-72.711,10.753],[-72.714,10.743],[-72.717,10.74],[-72.716,10.738],[-72.713,10.736],[-72.711,10.732],[-72.716,10.718],[-72.717,10.714],[-72.714,10.706],[-72.711,10.703],[-72.724,10.694],[-72.727,10.691],[-72.73,10.681],[-72.73,10.675],[-72.736,10.666],[-72.735,10.651],[-72.741,10.648],[-72.747,10.652],[-72.749,10.651],[-72.749,10.64],[-72.753,10.634],[-72.763,10.624],[-72.768,10.622],[-72.772,10.619],[-72.784,10.616],[-72.784,10.612],[-72.791,10.602],[-72.791,10.591],[-72.792,10.587],[-72.821,10.57],[-72.822,10.566],[-72.825,10.564],[-72.825,10.55],[-72.827,10.547],[-72.831,10.545],[-72.837,10.539],[-72.842,10.539],[-72.842,10.537],[-72.838,10.532],[-72.836,10.513],[-72.839,10.51],[-72.844,10.507],[-72.843,10.498],[-72.846,10.494],[-72.846,10.486],[-72.852,10.481],[-72.854,10.474],[-72.858,10.474],[-72.861,10.472],[-72.861,10.467],[-72.863,10.464],[-72.879,10.455],[-72.883,10.455],[-72.887,10.452],[-72.891,10.453],[-72.893,10.447],[-72.895,10.434]]]]}},{"type":"Feature","properties":{"name":"Chocó","iso":"CO-CHO"},"geometry":{"type":"MultiPolygon","coordinates":[[[[-76.98,8.255],[-76.978,8.248],[-76.979,8.23],[-76.967,8.193],[-76.954,8.179],[-76.95,8.171],[-76.954,8.145],[-76.955,8.12],[-76.957,8.117],[-76.961,8.117],[-76.965,8.122],[-76.965,8.127],[-76.968,8.133],[-76.977,8.132],[-76.979,8.127],[-76.981,8.125],[-76.982,8.121],[-76.986,8.106],[-76.98,8.099],[-76.967,8.095],[-76.967,8.091],[-76.965,8.085],[-76.966,8.078],[-76.964,8.074],[-76.958,8.078],[-76.948,8.067],[-76.955,8.042],[-76.964,8.034],[-76.971,8.032],[-76.988,8.031],[-76.994,8.024],[-77.005,7.987],[-77.006,7.978],[-77.005,7.969],[-77.0,7.961],[-77.0,7.957],[-77.004,7.953],[-77.007,7.951],[-77.019,7.951],[-77.021,7.95],[-77.02,7.945],[-77.014,7.939],[-77.013,7.931],[-77.015,7.924],[-77.023,7.905],[-77.028,7.887],[-77.031,7.88],[-77.049,7.864],[-77.058,7.852],[-77.063,7.849],[-77.076,7.848],[-77.08,7.845],[-77.091,7.827],[-77.095,7.824],[-77.103,7.824],[-77.117,7.832],[-77.123,7.833],[-77.126,7.831],[-77.127,7.826],[-77.123,7.789],[-77.121,7.786],[-77.115,7.784],[-77.113,7.779],[-77.075,7.752],[-77.063,7.732],[-77.055,7.713],[-77.039,7.702],[-77.035,7.698],[-77.03,7.69],[-77.025,7.677],[-77.016,7.668],[-76.997,7.653],[-76.991,7.644],[-76.99,7.636],[-76.987,7.632],[-76.974,7.624],[-76.959,7.62],[-76.952,7.615],[-76.944,7.613],[-76.872,7.549],[-76.829,7.521],[-76.826,7.514],[-76.827,7.506],[-76.819,7.504],[-76.803,7.476],[-76.78,7.45],[-76.729,7.386],[-76.717,7.368],[-76.695,7.362],[-76.643,7.327],[-76.641,7.323],[-76.638,7.321],[-76.632,7.321],[-76.627,7.324],[-76.624,7.324],[-76.619,7.317],[-76.615,7.316],[-76.611,7.312],[-76.603,7.314],[-76.605,7.31],[-76.586,7.299],[-76.583,7.299],[-76.58,7.301],[-76.577,7.301],[-76.574,7.298],[-76.569,7.29],[-76.567,7.282],[-76.563,7.274],[-76.545,7.259],[-76.536,7.256],[-76.535,7.258],[-76.533,7.258],[-76.525,7.243],[-76.521,7.23],[-76.516,7.223],[-76.517,7.215],[-76.514,7.212],[-76.513,7.205],[-76.508,7.202],[-76.505,7.196],[-76.509,7.177],[-76.507,7.174],[-76.501,7.171],[-76.504,7.168],[-76.503,7.164],[-76.505,7.161],[-76.505,7.155],[-76.503,7.149],[-76.491,7.145],[-76.483,7.133],[-76.487,7.129],[-76.494,7.128],[-76.498,7.137],[-76.508,7.139],[-76.511,7.121],[-76.516,7.111],[-76.522,7.107],[-76.52,7.1],[-76.521,7.099],[-76.529,7.097],[-76.531,7.095],[-76.53,7.081],[-76.536,7.074],[-76.541,7.064],[-76.537,7.059],[-76.539,7.055],[-76.543,7.054],[-76.541,7.047],[-76.543,7.042],[-76.542,7.029],[-76.544,7.021],[-76.548,7.016],[-76.547,7.008],[-76.547,7.003],[-76.559,6.991],[-76.564,6.988],[-76.572,6.978],[-76.577,6.979],[-76.584,6.983],[-76.585,6.992],[-76.589,6.999],[-76.59,7.008],[-76.594,7.012],[-76.597,7.011],[-76.604,7.0],[-76.609,7.012],[-76.615,7.016],[-76.636,7.015],[-76.64,7.013],[-76.645,7.008],[-76.651,7.01],[-76.656,7.017],[-76.671,7.023],[-76.676,7.028],[-76.684,7.023],[-76.696,7.023],[-76.707,7.025],[-76.825,7.005],[-76.835,6.999],[-76.843,6.988],[-76.838,6.987],[-76.832,6.989],[-76.828,6.98],[-76.831,6.974],[-76.83,6.972],[-76.824,6.977],[-76.82,6.977],[-76.819,6.975],[-76.822,6.965],[-76.829,6.958],[-76.829,6.955],[-76.825,6.955],[-76.818,6.963],[-76.813,6.964],[-76.811,6.962],[-76.809,6.952],[-76.808,6.95],[-76.806,6.948],[-76.8,6.949],[-76.799,6.94],[-76.796,6.934],[-76.799,6.925],[-76.796,6.905],[-76.792,6.899],[-76.792,6.894],[-76.788,6.89],[-76.787,6.879],[-76.79,6.876],[-76.794,6.876],[-76.795,6.874],[-76.791,6.871],[-76.791,6.868],[-76.798,6.861],[-76.805,6.862],[-76.814,6.859],[-76.828,6.86],[-76.831,6.858],[-76.831,6.854],[-76.824,6.851],[-76.819,6.845],[-76.818,6.838],[-76.819,6.835],[-76.828,6.838],[-76.838,6.832],[-76.847,6.833],[-76.85,6.836],[-76.852,6.843],[-76.854,6.845],[-76.86,6.847],[-76.862,6.844],[-76.867,6.845],[-76.874,6.851],[-76.878,6.852],[-76.881,6.849],[-76.886,6.846],[-76.891,6.838],[-76.899,6.834],[-76.901,6.835],[-76.9,6.837],[-76.903,6.836],[-76.913,6.843],[-76.916,6.842],[-76.916,6.846],[-76.919,6.844],[-76.926,6.832],[-76.932,6.814],[-76.957,6.816],[-76.969,6.814],[-76.971,6.812],[-76.973,6.806],[-76.972,6.797],[-76.968,6.795],[-76.96,6.795],[-76.958,6.793],[-76.964,6.78],[-76.963,6.761],[-76.967,6.747],[-76.966,6.741],[-76.962,6.735],[-76.958,6.725],[-76.954,6.723],[-76.946,6.724],[-76.94,6.723],[-76.937,6.72],[-76.933,6.711],[-76.936,6.708],[-76.942,6.706],[-76.947,6.696],[-76.952,6.691],[-76.959,6.69],[-76.963,6.687],[-76.964,6.682],[-76.961,6.677],[-76.957,6.675],[-76.951,6.674],[-76.946,6.678],[-76.942,6.684],[-76.94,6.685],[-76.937,6.655],[-76.934,6.651],[-76.928,6.649],[-76.922,6.649],[-76.92,6.651],[-76.917,6.662],[-76.913,6.667],[-76.907,6.671],[-76.904,6.672],[-76.9,6.67],[-76.897,6.665],[-76.897,6.659],[-76.9,6.654],[-76.911,6.643],[-76.912,6.639],[-76.91,6.63],[-76.904,6.626],[-76.898,6.625],[-76.879,6.63],[-76.87,6.63],[-76.862,6.625],[-76.86,6.623],[-76.859,6.619],[-76.859,6.615],[-76.864,6.61],[-76.868,6.609],[-76.882,6.61],[-76.886,6.608],[-76.89,6.605],[-76.897,6.593],[-76.899,6.585],[-76.898,6.578],[-76.893,6.568],[-76.887,6.562],[-76.883,6.56],[-76.877,6.567],[-76.865,6.571],[-76.861,6.569],[-76.853,6.561],[-76.848,6.548],[-76.846,6.533],[-76.842,6.522],[-76.839,6.52],[-76.836,6.519],[-76.826,6.526],[-76.821,6.526],[-76.82,6.524],[-76.82,6.52],[-76.824,6.51],[-76.82,6.487],[-76.816,6.487],[-76.805,6.505],[-76.803,6.507],[-76.799,6.507],[-76.792,6.496],[-76.778,6.49],[-76.767,6.478],[-76.767,6.47],[-76.769,6.466],[-76.771,6.465],[-76.775,6.466],[-76.777,6.474],[-76.779,6.476],[-76.781,6.475],[-76.784,6.458],[-76.793,6.452],[-76.795,6.445],[-76.795,6.438],[-76.791,6.434],[-76.782,6.433],[-76.773,6.439],[-76.77,6.44],[-76.764,6.438],[-76.763,6.433],[-76.764,6.427],[-76.767,6.422],[-76.774,6.421],[-76.789,6.425],[-76.795,6.421],[-76.795,6.416],[-76.793,6.41],[-76.77,6.396],[-76.766,6.393],[-76.766,6.39],[-76.766,6.384],[-76.768,6.381],[-76.772,6.38],[-76.782,6.382],[-76.784,6.381],[-76.786,6.379],[-76.786,6.373],[-76.775,6.37],[-76.773,6.367],[-76.772,6.362],[-76.775,6.358],[-76.784,6.355],[-76.789,6.35],[-76.79,6.344],[-76.79,6.339],[-76.779,6.333],[-76.778,6.329],[-76.787,6.327],[-76.789,6.325],[-76.79,6.322],[-76.789,6.318],[-76.782,6.309],[-76.785,6.297],[-76.784,6.292],[-76.781,6.288],[-76.777,6.285],[-76.772,6.284],[-76.756,6.285],[-76.753,6.283],[-76.749,6.279],[-76.75,6.274],[-76.755,6.268],[-76.759,6.261],[-76.757,6.254],[-76.752,6.247],[-76.744,6.243],[-76.733,6.237],[-76.725,6.238],[-76.724,6.237],[-76.727,6.225],[-76.725,6.222],[-76.718,6.218],[-76.722,6.201],[-76.721,6.198],[-76.715,6.192],[-76.715,6.189],[-76.72,6.181],[-76.718,6.172],[-76.704,6.169],[-76.694,6.163],[-76.69,6.166],[-76.689,6.162],[-76.687,6.161],[-76.685,6.163],[-76.684,6.167],[-76.681,6.169],[-76.684,6.171],[-76.677,6.173],[-76.673,6.171],[-76.672,6.174],[-76.669,6.17],[-76.667,6.172],[-76.663,6.171],[-76.655,6.173],[-76.644,6.168],[-76.64,6.175],[-76.631,6.175],[-76.625,6.183],[-76.62,6.185],[-76.601,6.192],[-76.599,6.191],[-76.598,6.187],[-76.591,6.189],[-76.588,6.188],[-76.584,6.193],[-76.582,6.192],[-76.583,6.189],[-76.58,6.187],[-76.571,6.186],[-76.56,6.18],[-76.55,6.178],[-76.536,6.179],[-76.533,6.178],[-76.526,6.178],[-76.519,6.18],[-76.508,6.174],[-76.498,6.174],[-76.489,6.168],[-76.482,6.162],[-76.476,6.162],[-76.475,6.172],[-76.469,6.177],[-76.463,6.175],[-76.449,6.169],[-76.438,6.17],[-76.431,6.167],[-76.42,6.166],[-76.415,6.167],[-76.409,6.172],[-76.409,6.18],[-76.405,6.186],[-76.378,6.195],[-76.361,6.193],[-76.351,6.196],[-76.339,6.197],[-76.333,6.196],[-76.326,6.203],[-76.317,6.202],[-76.31,6.2],[-76.295,6.2],[-76.286,6.194],[-76.284,6.193],[-76.277,6.197],[-76.274,6.2],[-76.262,6.209],[-76.26,6.209],[-76.255,6.204],[-76.248,6.204],[-76.239,6.21],[-76.226,6.195],[-76.225,6.189],[-76.213,6.168],[-76.203,6.163],[-76.201,6.161],[-76.201,6.157],[-76.206,6.147],[-76.201,6.141],[-76.203,6.134],[-76.202,6.121],[-76.196,6.104],[-76.198,6.098],[-76.197,6.08],[-76.192,6.063],[-76.189,6.06],[-76.187,6.054],[-76.182,6.048],[-76.175,6.044],[-76.173,6.038],[-76.172,6.03],[-76.17,6.027],[-76.173,6.017],[-76.168,6.014],[-76.165,6.007],[-76.159,6.004],[-76.155,6.005],[-76.15,6.0],[-76.144,5.998],[-76.141,5.999],[-76.132,6.0],[-76.129,6.007],[-76.124,6.012],[-76.124,6.018],[-76.122,6.02],[-76.112,6.021],[-76.109,6.018],[-76.105,6.018],[-76.102,6.015],[-76.098,6.015],[-76.098,6.01],[-76.093,6.003],[-76.089,6.0],[-76.088,5.991],[-76.086,5.987],[-76.08,5.989],[-76.071,5.985],[-76.071,5.981],[-76.067,5.978],[-76.071,5.955],[-76.068,5.945],[-76.07,5.932],[-76.079,5.911],[-76.086,5.875],[-76.098,5.851],[-76.099,5.842],[-76.099,5.826],[-76.097,5.815],[-76.091,5.8],[-76.084,5.791],[-76.071,5.781],[-76.076,5.773],[-76.081,5.769],[-76.081,5.767],[-76.067,5.758],[-76.066,5.754],[-76.069,5.751],[-76.071,5.744],[-76.069,5.725],[-76.07,5.721],[-76.079,5.71],[-76.08,5.704],[-76.084,5.697],[-76.087,5.689],[-76.082,5.683],[-76.076,5.68],[-76.072,5.675],[-76.066,5.672],[-76.067,5.667],[-76.054,5.661],[-76.044,5.654],[-76.036,5.652],[-76.026,5.643],[-76.022,5.636],[-76.011,5.631],[-76.01,5.626],[-76.005,5.622],[-76.005,5.618],[-76.007,5.613],[-76.003,5.601],[-76.011,5.594],[-76.012,5.592],[-76.008,5.587],[-76.007,5.581],[-76.007,5.576],[-76.009,5.568],[-76.014,5.564],[-76.037,5.565],[-76.041,5.564],[-76.05,5.555],[-76.058,5.552],[-76.067,5.552],[-76.075,5.547],[-76.078,5.537],[-76.079,5.532],[-76.077,5.508],[-76.08,5.473],[-76.087,5.445],[-76.09,5.445],[-76.097,5.451],[-76.104,5.451],[-76.109,5.444],[-76.113,5.431],[-76.121,5.421],[-76.132,5.422],[-76.14,5.416],[-76.17,5.414],[-76.184,5.411],[-76.189,5.406],[-76.19,5.399],[-76.196,5.393],[-76.197,5.379],[-76.2,5.376],[-76.198,5.372],[-76.198,5.37],[-76.204,5.367],[-76.205,5.365],[-76.201,5.363],[-76.201,5.36],[-76.205,5.357],[-76.203,5.353],[-76.207,5.349],[-76.212,5.347],[-76.207,5.345],[-76.205,5.346],[-76.203,5.343],[-76.203,5.341],[-76.201,5.337],[-76.203,5.331],[-76.198,5.329],[-76.199,5.323],[-76.197,5.321],[-76.198,5.318],[-76.193,5.312],[-76.191,5.305],[-76.182,5.293],[-76.171,5.285],[-76.164,5.253],[-76.158,5.242],[-76.144,5.231],[-76.136,5.199],[-76.129,5.18],[-76.116,5.169],[-76.099,5.159],[-76.085,5.145],[-76.079,5.141],[-76.067,5.138],[-76.061,5.13],[-76.064,5.117],[-76.069,5.104],[-76.07,5.096],[-76.07,5.078],[-76.074,5.07],[-76.074,5.06],[-76.077,5.052],[-76.08,5.05],[-76.086,5.048],[-76.094,5.043],[-76.096,5.035],[-76.097,5.03],[-76.094,5.011],[-76.098,5.0],[-76.098,4.995],[-76.092,4.984],[-76.091,4.947],[-76.094,4.941],[-76.098,4.922],[-76.107,4.914],[-76.114,4.89],[-76.117,4.886],[-76.117,4.881],[-76.121,4.877],[-76.126,4.875],[-76.131,4.862],[-76.131,4.856],[-76.135,4.852],[-76.137,4.842],[-76.153,4.836],[-76.164,4.835],[-76.174,4.832],[-76.182,4.833],[-76.194,4.829],[-76.211,4.83],[-76.223,4.82],[-76.233,4.808],[-76.26,4.791],[-76.273,4.775],[-76.284,4.77],[-76.299,4.759],[-76.305,4.759],[-76.306,4.754],[-76.306,4.744],[-76.302,4.736],[-76.291,4.723],[-76.288,4.712],[-76.291,4.703],[-76.296,4.697],[-76.296,4.687],[-76.301,4.669],[-76.3,4.654],[-76.313,4.629],[-76.318,4.624],[-76.319,4.621],[-76.318,4.608],[-76.327,4.599],[-76.333,4.587],[-76.34,4.583],[-76.344,4.576],[-76.344,4.562],[-76.346,4.56],[-76.364,4.558],[-76.379,4.559],[-76.382,4.558],[-76.388,4.545],[-76.397,4.539],[-76.397,4.533],[-76.392,4.525],[-76.385,4.521],[-76.369,4.498],[-76.366,4.497],[-76.364,4.491],[-76.367,4.489],[-76.371,4.49],[-76.38,4.493],[-76.383,4.493],[-76.386,4.488],[-76.387,4.481],[-76.393,4.473],[-76.401,4.474],[-76.409,4.466],[-76.409,4.458],[-76.411,4.456],[-76.417,4.455],[-76.418,4.447],[-76.426,4.447],[-76.431,4.448],[-76.433,4.446],[-76.434,4.442],[-76.448,4.441],[-76.453,4.433],[-76.474,4.423],[-76.481,4.415],[-76.492,4.413],[-76.496,4.414],[-76.499,4.412],[-76.5,4.413],[-76.504,4.41],[-76.507,4.41],[-76.513,4.404],[-76.516,4.403],[-76.525,4.404],[-76.535,4.401],[-76.537,4.397],[-76.539,4.396],[-76.546,4.398],[-76.547,4.402],[-76.552,4.401],[-76.555,4.399],[-76.554,4.395],[-76.55,4.393],[-76.549,4.389],[-76.551,4.365],[-76.548,4.349],[-76.546,4.341],[-76.541,4.333],[-76.533,4.328],[-76.524,4.314],[-76.522,4.284],[-76.51,4.271],[-76.504,4.252],[-76.496,4.246],[-76.474,4.234],[-76.468,4.232],[-76.465,4.233],[-76.458,4.231],[-76.455,4.229],[-76.454,4.225],[-76.454,4.22],[-76.451,4.216],[-76.451,4.21],[-76.447,4.205],[-76.444,4.191],[-76.445,4.176],[-76.453,4.145],[-76.457,4.14],[-76.467,4.122],[-76.473,4.104],[-76.477,4.099],[-76.48,4.094],[-76.484,4.09],[-76.49,4.081],[-76.494,4.07],[-76.499,4.064],[-76.502,4.063],[-76.505,4.064],[-76.51,4.063],[-76.515,4.067],[-76.524,4.067],[-76.525,4.062],[-76.532,4.058],[-76.536,4.053],[-76.537,4.045],[-76.542,4.044],[-76.541,4.031],[-76.542,4.025],[-76.538,4.019],[-76.539,4.016],[-76.553,4.005],[-76.569,3.988],[-76.591,3.97],[-76.594,3.973],[-76.593,3.988],[-76.596,3.997],[-76.6,4.0],[-76.607,4.002],[-76.624,4.009],[-76.63,4.009],[-76.635,4.005],[-76.678,3.966],[-76.685,3.965],[-76.694,3.966],[-76.717,3.976],[-76.741,3.989],[-76.746,3.995],[-76.751,3.998],[-76.759,3.998],[-76.772,3.995],[-76.775,3.995],[-76.779,3.999],[-76.789,4.006],[-76.795,4.008],[-76.807,4.006],[-76.816,4.008],[-76.821,4.013],[-76.825,4.021],[-76.826,4.029],[-76.828,4.034],[-76.832,4.036],[-76.841,4.039],[-76.849,4.038],[-76.857,4.031],[-76.863,4.03],[-76.867,4.033],[-76.872,4.038],[-76.872,4.04],[-76.868,4.044],[-76.868,4.046],[-76.873,4.051],[-76.876,4.06],[-76.88,4.066],[-76.886,4.067],[-76.889,4.068],[-76.893,4.073],[-76.893,4.08],[-76.902,4.092],[-76.926,4.104],[-76.936,4.107],[-76.941,4.114],[-76.948,4.118],[-76.964,4.121],[-76.976,4.12],[-76.983,4.117],[-76.99,4.119],[-76.993,4.109],[-77.0,4.1],[-77.014,4.101],[-77.02,4.098],[-77.035,4.101],[-77.046,4.1],[-77.055,4.102],[-77.063,4.099],[-77.07,4.1],[-77.086,4.109],[-77.094,4.102],[-77.107,4.102],[-77.11,4.104],[-77.112,4.112],[-77.121,4.12],[-77.125,4.126],[-77.131,4.153],[-77.136,4.16],[-77.141,4.161],[-77.148,4.167],[-77.153,4.177],[-77.157,4.182],[-77.162,4.184],[-77.167,4.183],[-77.188,4.173],[-77.203,4.173],[-77.207,4.17],[-77.209,4.163],[-77.214,4.157],[-77.219,4.156],[-77.224,4.158],[-77.229,4.164],[-77.239,4.172],[-77.246,4.181],[-77.25,4.188],[-77.251,4.196],[-77.249,4.227],[-77.252,4.232],[-77.259,4.234],[-77.265,4.233],[-77.269,4.231],[-77.276,4.226],[-77.281,4.22],[-77.287,4.206],[-77.285,4.193],[-77.288,4.181],[-77.305,4.166],[-77.309,4.166],[-77.316,4.17],[-77.334,4.191],[-77.344,4.196],[-77.352,4.197],[-77.361,4.194],[-77.372,4.184],[-77.375,4.18],[-77.376,4.173],[-77.378,4.169],[-77.39,4.161],[-77.388,4.152],[-77.391,4.148],[-77.417,4.143],[-77.429,4.145],[-77.438,4.143],[-77.442,4.138],[-77.444,4.125],[-77.431,4.105],[-77.428,4.097],[-77.429,4.092],[-77.434,4.077],[-77.435,4.08],[-77.436,4.078],[-77.437,4.078],[-77.437,4.077],[-77.439,4.078],[-77.45,4.065],[-77.455,4.064],[-77.456,4.068],[-77.46,4.068],[-77.463,4.074],[-77.468,4.078],[-77.47,4.077],[-77.474,4.085],[-77.477,4.086],[-77.479,4.1],[-77.479,4.089],[-77.478,4.084],[-77.495,4.104],[-77.499,4.104],[-77.507,4.107],[-77.512,4.117],[-77.526,4.128],[-77.524,4.165],[-77.525,4.187],[-77.52,4.19],[-77.518,4.194],[-77.519,4.194],[-77.52,4.199],[-77.527,4.198],[-77.531,4.201],[-77.529,4.218],[-77.526,4.231],[-77.523,4.26],[-77.515,4.279],[-77.499,4.293],[-77.492,4.294],[-77.49,4.293],[-77.486,4.293],[-77.483,4.293],[-77.481,4.29],[-77.484,4.285],[-77.484,4.279],[-77.487,4.277],[-77.489,4.271],[-77.497,4.266],[-77.496,4.263],[-77.496,4.262],[-77.495,4.262],[-77.495,4.26],[-77.494,4.262],[-77.493,4.262],[-77.494,4.258],[-77.492,4.258],[-77.492,4.255],[-77.49,4.254],[-77.491,4.257],[-77.489,4.255],[-77.474,4.268],[-77.471,4.268],[-77.47,4.266],[-77.468,4.269],[-77.47,4.27],[-77.467,4.273],[-77.466,4.272],[-77.466,4.269],[-77.462,4.269],[-77.461,4.271],[-77.456,4.273],[-77.456,4.275],[-77.452,4.277],[-77.454,4.279],[-77.453,4.283],[-77.44,4.285],[-77.43,4.283],[-77.424,4.286],[-77.423,4.29],[-77.413,4.293],[-77.411,4.296],[-77.413,4.296],[-77.413,4.297],[-77.412,4.296],[-77.409,4.298],[-77.439,4.311],[-77.436,4.313],[-77.43,4.316],[-77.424,4.322],[-77.418,4.332],[-77.411,4.351],[-77.407,4.358],[-77.403,4.359],[-77.402,4.358],[-77.403,4.357],[-77.399,4.358],[-77.385,4.372],[-77.387,4.367],[-77.384,4.366],[-77.38,4.369],[-77.374,4.37],[-77.368,4.374],[-77.369,4.387],[-77.366,4.392],[-77.365,4.401],[-77.356,4.409],[-77.351,4.419],[-77.344,4.424],[-77.344,4.427],[-77.334,4.431],[-77.335,4.433],[-77.345,4.431],[-77.349,4.426],[-77.351,4.428],[-77.351,4.434],[-77.351,4.437],[-77.349,4.437],[-77.343,4.475],[-77.34,4.513],[-77.337,4.515],[-77.324,4.519],[-77.32,4.524],[-77.322,4.532],[-77.335,4.533],[-77.337,4.536],[-77.333,4.56],[-77.332,4.564],[-77.328,4.567],[-77.326,4.566],[-77.326,4.568],[-77.327,4.57],[-77.325,4.586],[-77.325,4.631],[-77.327,4.658],[-77.325,4.67],[-77.318,4.674],[-77.319,4.668],[-77.316,4.664],[-77.316,4.66],[-77.313,4.658],[-77.315,4.649],[-77.315,4.645],[-77.312,4.644],[-77.31,4.647],[-77.306,4.643],[-77.305,4.644],[-77.306,4.674],[-77.304,4.677],[-77.31,4.68],[-77.314,4.684],[-77.315,4.683],[-77.321,4.685],[-77.32,4.687],[-77.324,4.686],[-77.323,4.685],[-77.325,4.684],[-77.328,4.686],[-77.325,4.704],[-77.327,4.736],[-77.326,4.739],[-77.325,4.738],[-77.325,4.744],[-77.323,4.746],[-77.314,4.745],[-77.316,4.744],[-77.306,4.74],[-77.306,4.738],[-77.304,4.739],[-77.294,4.735],[-77.292,4.734],[-77.286,4.741],[-77.291,4.744],[-77.303,4.748],[-77.305,4.757],[-77.313,4.77],[-77.314,4.775],[-77.308,4.777],[-77.309,4.779],[-77.31,4.777],[-77.31,4.781],[-77.311,4.779],[-77.317,4.78],[-77.322,4.783],[-77.324,4.78],[-77.328,4.781],[-77.326,4.779],[-77.327,4.777],[-77.329,4.777],[-77.327,4.775],[-77.326,4.776],[-77.326,4.773],[-77.331,4.775],[-77.335,4.78],[-77.347,4.783],[-77.346,4.786],[-77.34,4.79],[-77.332,4.789],[-77.336,4.796],[-77.333,4.795],[-77.33,4.798],[-77.331,4.797],[-77.334,4.801],[-77.335,4.8],[-77.336,4.803],[-77.329,4.803],[-77.327,4.806],[-77.327,4.808],[-77.329,4.808],[-77.328,4.811],[-77.329,4.811],[-77.335,4.807],[-77.339,4.806],[-77.344,4.802],[-77.345,4.799],[-77.348,4.802],[-77.352,4.831],[-77.355,4.842],[-77.356,4.846],[-77.355,4.847],[-77.357,4.851],[-77.359,4.859],[-77.361,4.86],[-77.362,4.863],[-77.361,4.867],[-77.358,4.871],[-77.356,4.876],[-77.35,4.879],[-77.35,4.877],[-77.351,4.877],[-77.352,4.875],[-77.353,4.874],[-77.35,4.872],[-77.353,4.869],[-77.354,4.864],[-77.352,4.867],[-77.35,4.866],[-77.349,4.864],[-77.343,4.862],[-77.343,4.86],[-77.338,4.855],[-77.336,4.856],[-77.336,4.869],[-77.337,4.869],[-77.338,4.867],[-77.339,4.872],[-77.338,4.874],[-77.342,4.876],[-77.344,4.884],[-77.349,4.887],[-77.347,4.89],[-77.348,4.893],[-77.351,4.892],[-77.354,4.888],[-77.357,4.888],[-77.358,4.89],[-77.364,4.923],[-77.366,4.924],[-77.368,4.931],[-77.357,4.936],[-77.355,4.944],[-77.357,4.944],[-77.357,4.95],[-77.35,4.957],[-77.344,4.96],[-77.341,4.967],[-77.337,4.967],[-77.332,4.964],[-77.327,4.957],[-77.322,4.959],[-77.322,4.962],[-77.325,4.959],[-77.327,4.959],[-77.333,4.969],[-77.336,4.967],[-77.339,4.968],[-77.34,4.969],[-77.347,4.963],[-77.357,4.96],[-77.362,4.953],[-77.366,4.951],[-77.372,4.953],[-77.372,4.956],[-77.376,4.96],[-77.377,4.966],[-77.375,4.97],[-77.374,4.987],[-77.376,5.011],[-77.375,5.011],[-77.374,5.014],[-77.376,5.035],[-77.374,5.036],[-77.376,5.037],[-77.379,5.08],[-77.376,5.085],[-77.37,5.081],[-77.367,5.081],[-77.363,5.091],[-77.367,5.105],[-77.372,5.107],[-77.378,5.105],[-77.38,5.106],[-77.381,5.111],[-77.382,5.112],[-77.38,5.114],[-77.382,5.12],[-77.38,5.121],[-77.384,5.123],[-77.387,5.143],[-77.386,5.151],[-77.38,5.152],[-77.38,5.141],[-77.379,5.137],[-77.374,5.132],[-77.373,5.132],[-77.364,5.122],[-77.361,5.122],[-77.361,5.123],[-77.365,5.123],[-77.37,5.131],[-77.377,5.137],[-77.379,5.14],[-77.377,5.15],[-77.359,5.141],[-77.355,5.136],[-77.35,5.134],[-77.354,5.137],[-77.356,5.14],[-77.351,5.137],[-77.339,5.139],[-77.337,5.137],[-77.334,5.137],[-77.337,5.138],[-77.336,5.14],[-77.338,5.149],[-77.337,5.15],[-77.335,5.149],[-77.335,5.145],[-77.334,5.142],[-77.331,5.143],[-77.33,5.145],[-77.33,5.15],[-77.326,5.15],[-77.327,5.145],[-77.326,5.148],[-77.326,5.151],[-77.331,5.151],[-77.33,5.145],[-77.331,5.143],[-77.333,5.143],[-77.335,5.144],[-77.334,5.149],[-77.335,5.151],[-77.338,5.15],[-77.338,5.14],[-77.346,5.14],[-77.345,5.142],[-77.346,5.14],[-77.353,5.141],[-77.348,5.15],[-77.345,5.151],[-77.348,5.157],[-77.354,5.163],[-77.352,5.164],[-77.355,5.164],[-77.359,5.168],[-77.359,5.171],[-77.356,5.175],[-77.359,5.173],[-77.36,5.167],[-77.352,5.159],[-77.35,5.151],[-77.354,5.143],[-77.356,5.142],[-77.358,5.143],[-77.37,5.155],[-77.373,5.166],[-77.373,5.167],[-77.37,5.166],[-77.377,5.18],[-77.376,5.191],[-77.37,5.196],[-77.359,5.198],[-77.356,5.196],[-77.345,5.195],[-77.341,5.201],[-77.338,5.195],[-77.335,5.195],[-77.338,5.197],[-77.34,5.202],[-77.342,5.203],[-77.336,5.202],[-77.336,5.203],[-77.34,5.204],[-77.34,5.206],[-77.343,5.203],[-77.344,5.207],[-77.345,5.2],[-77.348,5.196],[-77.356,5.201],[-77.358,5.203],[-77.358,5.2],[-77.363,5.2],[-77.363,5.201],[-77.368,5.2],[-77.379,5.194],[-77.382,5.187],[-77.382,5.163],[-77.385,5.159],[-77.391,5.158],[-77.396,5.169],[-77.394,5.184],[-77.393,5.186],[-77.391,5.187],[-77.392,5.192],[-77.39,5.199],[-77.389,5.207],[-77.391,5.206],[-77.392,5.207],[-77.39,5.207],[-77.391,5.208],[-77.389,5.209],[-77.389,5.221],[-77.387,5.221],[-77.387,5.223],[-77.388,5.224],[-77.388,5.255],[-77.387,5.255],[-77.388,5.252],[-77.383,5.25],[-77.381,5.246],[-77.381,5.247],[-77.384,5.253],[-77.385,5.26],[-77.389,5.265],[-77.391,5.27],[-77.391,5.282],[-77.388,5.289],[-77.387,5.29],[-77.385,5.29],[-77.383,5.279],[-77.378,5.28],[-77.375,5.265],[-77.37,5.263],[-77.37,5.26],[-77.368,5.261],[-77.366,5.258],[-77.366,5.256],[-77.368,5.254],[-77.37,5.246],[-77.373,5.244],[-77.372,5.24],[-77.375,5.238],[-77.374,5.236],[-77.369,5.237],[-77.373,5.237],[-77.369,5.241],[-77.372,5.242],[-77.371,5.244],[-77.369,5.246],[-77.368,5.252],[-77.365,5.254],[-77.364,5.26],[-77.363,5.26],[-77.361,5.256],[-77.362,5.251],[-77.361,5.249],[-77.353,5.248],[-77.349,5.25],[-77.344,5.248],[-77.349,5.252],[-77.354,5.249],[-77.36,5.251],[-77.359,5.257],[-77.358,5.256],[-77.355,5.26],[-77.358,5.257],[-77.36,5.263],[-77.359,5.263],[-77.363,5.265],[-77.37,5.266],[-77.371,5.268],[-77.367,5.288],[-77.357,5.284],[-77.36,5.287],[-77.366,5.288],[-77.364,5.292],[-77.359,5.291],[-77.356,5.292],[-77.359,5.294],[-77.359,5.291],[-77.361,5.292],[-77.369,5.297],[-77.371,5.299],[-77.369,5.31],[-77.372,5.311],[-77.375,5.316],[-77.377,5.319],[-77.377,5.323],[-77.375,5.325],[-77.367,5.327],[-77.364,5.329],[-77.361,5.329],[-77.365,5.33],[-77.364,5.332],[-77.368,5.328],[-77.378,5.329],[-77.378,5.327],[-77.381,5.327],[-77.392,5.319],[-77.397,5.321],[-77.404,5.326],[-77.404,5.332],[-77.402,5.333],[-77.402,5.332],[-77.402,5.335],[-77.403,5.334],[-77.401,5.338],[-77.392,5.344],[-77.39,5.342],[-77.389,5.343],[-77.387,5.342],[-77.382,5.342],[-77.378,5.345],[-77.386,5.342],[-77.389,5.346],[-77.387,5.35],[-77.386,5.35],[-77.387,5.35],[-77.386,5.352],[-77.384,5.355],[-77.388,5.352],[-77.391,5.355],[-77.386,5.363],[-77.387,5.367],[-77.386,5.364],[-77.389,5.36],[-77.392,5.359],[-77.396,5.359],[-77.395,5.361],[-77.397,5.36],[-77.397,5.359],[-77.393,5.358],[-77.394,5.35],[-77.396,5.346],[-77.401,5.349],[-77.405,5.359],[-77.412,5.404],[-77.41,5.41],[-77.408,5.41],[-77.405,5.405],[-77.406,5.404],[-77.401,5.404],[-77.402,5.403],[-77.401,5.401],[-77.399,5.404],[-77.396,5.403],[-77.393,5.398],[-77.393,5.396],[-77.392,5.396],[-77.389,5.392],[-77.385,5.389],[-77.384,5.391],[-77.387,5.392],[-77.39,5.395],[-77.393,5.406],[-77.387,5.408],[-77.387,5.409],[-77.383,5.408],[-77.382,5.41],[-77.386,5.41],[-77.39,5.408],[-77.396,5.409],[-77.395,5.413],[-77.396,5.419],[-77.391,5.419],[-77.391,5.417],[-77.388,5.419],[-77.389,5.421],[-77.391,5.422],[-77.393,5.427],[-77.39,5.424],[-77.391,5.43],[-77.389,5.432],[-77.389,5.442],[-77.39,5.443],[-77.394,5.444],[-77.395,5.446],[-77.395,5.442],[-77.4,5.44],[-77.404,5.441],[-77.406,5.447],[-77.407,5.455],[-77.408,5.456],[-77.413,5.45],[-77.419,5.446],[-77.42,5.443],[-77.419,5.433],[-77.424,5.432],[-77.425,5.437],[-77.426,5.435],[-77.429,5.437],[-77.429,5.445],[-77.431,5.452],[-77.43,5.454],[-77.431,5.46],[-77.429,5.47],[-77.431,5.468],[-77.439,5.478],[-77.442,5.479],[-77.442,5.476],[-77.444,5.477],[-77.443,5.48],[-77.447,5.481],[-77.45,5.486],[-77.462,5.49],[-77.465,5.489],[-77.465,5.486],[-77.467,5.486],[-77.468,5.489],[-77.473,5.49],[-77.475,5.484],[-77.476,5.485],[-77.479,5.484],[-77.488,5.478],[-77.487,5.477],[-77.492,5.469],[-77.493,5.469],[-77.493,5.474],[-77.498,5.478],[-77.5,5.478],[-77.501,5.479],[-77.504,5.479],[-77.505,5.481],[-77.511,5.483],[-77.513,5.482],[-77.516,5.483],[-77.524,5.479],[-77.53,5.481],[-77.54,5.481],[-77.535,5.487],[-77.536,5.488],[-77.534,5.49],[-77.532,5.496],[-77.528,5.498],[-77.527,5.5],[-77.526,5.499],[-77.523,5.503],[-77.521,5.513],[-77.516,5.516],[-77.507,5.528],[-77.509,5.541],[-77.511,5.542],[-77.508,5.546],[-77.508,5.549],[-77.509,5.551],[-77.507,5.553],[-77.508,5.554],[-77.505,5.555],[-77.507,5.556],[-77.506,5.563],[-77.508,5.568],[-77.503,5.571],[-77.503,5.573],[-77.504,5.585],[-77.501,5.586],[-77.5,5.59],[-77.496,5.595],[-77.496,5.598],[-77.495,5.598],[-77.493,5.602],[-77.488,5.608],[-77.487,5.605],[-77.484,5.605],[-77.482,5.598],[-77.475,5.598],[-77.467,5.595],[-77.46,5.596],[-77.444,5.604],[-77.431,5.616],[-77.428,5.622],[-77.427,5.621],[-77.424,5.624],[-77.404,5.63],[-77.403,5.627],[-77.39,5.629],[-77.384,5.623],[-77.388,5.62],[-77.384,5.619],[-77.377,5.61],[-77.362,5.606],[-77.361,5.606],[-77.362,5.608],[-77.343,5.616],[-77.338,5.621],[-77.337,5.619],[-77.333,5.623],[-77.326,5.641],[-77.327,5.643],[-77.329,5.644],[-77.327,5.647],[-77.327,5.651],[-77.321,5.651],[-77.319,5.651],[-77.319,5.654],[-77.317,5.654],[-77.316,5.66],[-77.319,5.661],[-77.317,5.662],[-77.317,5.667],[-77.316,5.671],[-77.313,5.668],[-77.312,5.664],[-77.306,5.666],[-77.3,5.671],[-77.3,5.669],[-77.3,5.673],[-77.288,5.687],[-77.279,5.703],[-77.278,5.702],[-77.277,5.707],[-77.276,5.707],[-77.276,5.701],[-77.269,5.705],[-77.274,5.705],[-77.275,5.706],[-77.273,5.706],[-77.273,5.708],[-77.275,5.71],[-77.273,5.711],[-77.271,5.71],[-77.272,5.709],[-77.267,5.712],[-77.261,5.72],[-77.257,5.733],[-77.256,5.733],[-77.254,5.751],[-77.257,5.77],[-77.257,5.78],[-77.256,5.782],[-77.252,5.783],[-77.251,5.782],[-77.253,5.781],[-77.251,5.78],[-77.252,5.777],[-77.25,5.776],[-77.252,5.775],[-77.25,5.775],[-77.25,5.772],[-77.248,5.77],[-77.247,5.76],[-77.242,5.748],[-77.245,5.747],[-77.242,5.743],[-77.241,5.743],[-77.243,5.746],[-77.242,5.749],[-77.246,5.762],[-77.245,5.761],[-77.245,5.766],[-77.243,5.766],[-77.237,5.762],[-77.235,5.763],[-77.247,5.771],[-77.247,5.774],[-77.243,5.775],[-77.242,5.78],[-77.245,5.784],[-77.242,5.785],[-77.242,5.784],[-77.241,5.784],[-77.242,5.784],[-77.241,5.786],[-77.242,5.788],[-77.245,5.788],[-77.247,5.791],[-77.247,5.796],[-77.245,5.802],[-77.244,5.802],[-77.246,5.804],[-77.248,5.803],[-77.248,5.804],[-77.249,5.81],[-77.25,5.811],[-77.25,5.806],[-77.248,5.803],[-77.247,5.803],[-77.246,5.8],[-77.251,5.794],[-77.251,5.789],[-77.256,5.792],[-77.264,5.814],[-77.269,5.819],[-77.27,5.818],[-77.27,5.821],[-77.272,5.823],[-77.27,5.821],[-77.27,5.828],[-77.266,5.83],[-77.271,5.828],[-77.271,5.824],[-77.275,5.826],[-77.277,5.824],[-77.276,5.831],[-77.276,5.84],[-77.28,5.845],[-77.282,5.844],[-77.281,5.846],[-77.277,5.845],[-77.278,5.846],[-77.28,5.847],[-77.284,5.844],[-77.286,5.845],[-77.283,5.846],[-77.286,5.847],[-77.289,5.842],[-77.291,5.843],[-77.29,5.852],[-77.292,5.853],[-77.29,5.854],[-77.292,5.857],[-77.296,5.856],[-77.295,5.858],[-77.297,5.858],[-77.294,5.867],[-77.295,5.869],[-77.298,5.868],[-77.297,5.871],[-77.295,5.872],[-77.295,5.874],[-77.298,5.876],[-77.301,5.876],[-77.302,5.872],[-77.307,5.873],[-77.303,5.88],[-77.304,5.884],[-77.304,5.89],[-77.306,5.894],[-77.308,5.895],[-77.309,5.907],[-77.312,5.909],[-77.31,5.912],[-77.309,5.912],[-77.306,5.914],[-77.307,5.916],[-77.306,5.919],[-77.31,5.922],[-77.308,5.924],[-77.311,5.925],[-77.309,5.928],[-77.313,5.928],[-77.312,5.929],[-77.314,5.93],[-77.313,5.932],[-77.316,5.936],[-77.318,5.937],[-77.321,5.936],[-77.321,5.94],[-77.323,5.941],[-77.322,5.942],[-77.32,5.941],[-77.319,5.945],[-77.322,5.952],[-77.324,5.952],[-77.325,5.953],[-77.323,5.955],[-77.323,5.954],[-77.322,5.956],[-77.324,5.96],[-77.326,5.96],[-77.325,5.964],[-77.328,5.965],[-77.328,5.967],[-77.327,5.967],[-77.329,5.969],[-77.33,5.972],[-77.329,5.975],[-77.33,5.975],[-77.33,5.979],[-77.332,5.98],[-77.331,5.981],[-77.335,5.988],[-77.333,5.992],[-77.335,6.0],[-77.342,6.006],[-77.342,6.008],[-77.344,6.009],[-77.344,6.013],[-77.349,6.015],[-77.348,6.023],[-77.347,6.025],[-77.348,6.025],[-77.347,6.029],[-77.346,6.029],[-77.348,6.033],[-77.348,6.039],[-77.352,6.046],[-77.356,6.045],[-77.357,6.048],[-77.359,6.049],[-77.359,6.057],[-77.363,6.059],[-77.362,6.049],[-77.36,6.045],[-77.36,6.043],[-77.355,6.028],[-77.354,6.0],[-77.351,5.995],[-77.356,6.0],[-77.363,6.001],[-77.36,6.006],[-77.361,6.009],[-77.363,6.009],[-77.363,6.011],[-77.364,6.011],[-77.363,6.014],[-77.365,6.014],[-77.368,6.017],[-77.367,6.018],[-77.366,6.017],[-77.366,6.018],[-77.364,6.019],[-77.364,6.022],[-77.366,6.022],[-77.365,6.024],[-77.367,6.025],[-77.368,6.023],[-77.37,6.024],[-77.37,6.027],[-77.368,6.028],[-77.371,6.031],[-77.37,6.034],[-77.372,6.033],[-77.373,6.035],[-77.373,6.036],[-77.371,6.037],[-77.373,6.039],[-77.373,6.043],[-77.375,6.044],[-77.373,6.044],[-77.393,6.067],[-77.414,6.085],[-77.43,6.1],[-77.429,6.101],[-77.426,6.098],[-77.424,6.098],[-77.422,6.1],[-77.423,6.106],[-77.421,6.107],[-77.424,6.106],[-77.425,6.1],[-77.427,6.1],[-77.428,6.104],[-77.431,6.101],[-77.434,6.105],[-77.433,6.108],[-77.434,6.112],[-77.44,6.12],[-77.445,6.121],[-77.45,6.132],[-77.454,6.133],[-77.455,6.136],[-77.454,6.137],[-77.456,6.138],[-77.457,6.143],[-77.459,6.145],[-77.461,6.145],[-77.46,6.146],[-77.462,6.148],[-77.463,6.148],[-77.462,6.15],[-77.465,6.153],[-77.467,6.16],[-77.47,6.161],[-77.473,6.168],[-77.472,6.171],[-77.474,6.175],[-77.475,6.179],[-77.477,6.18],[-77.475,6.184],[-77.478,6.184],[-77.482,6.187],[-77.483,6.192],[-77.48,6.196],[-77.481,6.201],[-77.479,6.205],[-77.478,6.212],[-77.474,6.219],[-77.474,6.229],[-77.472,6.234],[-77.473,6.235],[-77.472,6.236],[-77.473,6.237],[-77.47,6.238],[-77.468,6.248],[-77.47,6.263],[-77.467,6.266],[-77.468,6.271],[-77.466,6.272],[-77.469,6.279],[-77.469,6.281],[-77.471,6.292],[-77.473,6.296],[-77.47,6.297],[-77.468,6.295],[-77.468,6.289],[-77.461,6.281],[-77.459,6.277],[-77.46,6.274],[-77.458,6.271],[-77.447,6.269],[-77.437,6.271],[-77.434,6.269],[-77.434,6.267],[-77.43,6.263],[-77.424,6.247],[-77.409,6.228],[-77.403,6.229],[-77.398,6.231],[-77.397,6.234],[-77.395,6.236],[-77.396,6.249],[-77.398,6.251],[-77.401,6.25],[-77.392,6.262],[-77.388,6.265],[-77.381,6.276],[-77.382,6.282],[-77.386,6.286],[-77.383,6.29],[-77.383,6.297],[-77.379,6.308],[-77.377,6.32],[-77.377,6.332],[-77.378,6.334],[-77.373,6.339],[-77.371,6.346],[-77.369,6.346],[-77.37,6.357],[-77.38,6.369],[-77.386,6.368],[-77.386,6.365],[-77.389,6.364],[-77.389,6.362],[-77.39,6.363],[-77.391,6.364],[-77.39,6.367],[-77.393,6.368],[-77.395,6.374],[-77.398,6.375],[-77.399,6.378],[-77.404,6.381],[-77.406,6.381],[-77.405,6.379],[-77.408,6.378],[-77.407,6.376],[-77.41,6.381],[-77.412,6.381],[-77.412,6.384],[-77.41,6.389],[-77.405,6.393],[-77.4,6.392],[-77.4,6.39],[-77.393,6.39],[-77.389,6.387],[-77.384,6.389],[-77.38,6.394],[-77.381,6.395],[-77.38,6.397],[-77.38,6.395],[-77.377,6.395],[-77.376,6.392],[-77.375,6.392],[-77.373,6.389],[-77.371,6.387],[-77.367,6.388],[-77.367,6.389],[-77.363,6.39],[-77.359,6.394],[-77.359,6.408],[-77.361,6.409],[-77.364,6.408],[-77.365,6.416],[-77.368,6.419],[-77.367,6.421],[-77.371,6.42],[-77.371,6.424],[-77.375,6.424],[-77.376,6.425],[-77.373,6.429],[-77.373,6.428],[-77.372,6.429],[-77.371,6.43],[-77.369,6.428],[-77.366,6.428],[-77.363,6.431],[-77.362,6.437],[-77.361,6.437],[-77.361,6.442],[-77.362,6.446],[-77.364,6.447],[-77.364,6.449],[-77.362,6.449],[-77.362,6.453],[-77.363,6.453],[-77.361,6.457],[-77.354,6.457],[-77.351,6.462],[-77.351,6.466],[-77.352,6.472],[-77.355,6.474],[-77.356,6.477],[-77.36,6.478],[-77.359,6.482],[-77.361,6.482],[-77.36,6.483],[-77.361,6.487],[-77.358,6.49],[-77.355,6.489],[-77.347,6.496],[-77.346,6.502],[-77.339,6.505],[-77.338,6.511],[-77.339,6.512],[-77.337,6.513],[-77.338,6.52],[-77.335,6.526],[-77.337,6.528],[-77.335,6.527],[-77.332,6.531],[-77.333,6.537],[-77.331,6.537],[-77.33,6.541],[-77.326,6.543],[-77.325,6.55],[-77.331,6.564],[-77.334,6.564],[-77.335,6.565],[-77.335,6.57],[-77.34,6.575],[-77.342,6.574],[-77.342,6.577],[-77.348,6.581],[-77.354,6.581],[-77.357,6.578],[-77.363,6.583],[-77.364,6.583],[-77.365,6.58],[-77.369,6.581],[-77.372,6.587],[-77.374,6.587],[-77.374,6.59],[-77.375,6.589],[-77.376,6.593],[-77.371,6.594],[-77.371,6.602],[-77.375,6.602],[-77.374,6.604],[-77.377,6.605],[-77.381,6.611],[-77.383,6.61],[-77.383,6.612],[-77.39,6.615],[-77.392,6.619],[-77.4,6.621],[-77.398,6.622],[-77.399,6.625],[-77.401,6.629],[-77.403,6.629],[-77.399,6.63],[-77.4,6.637],[-77.402,6.64],[-77.405,6.641],[-77.404,6.642],[-77.406,6.643],[-77.404,6.645],[-77.407,6.65],[-77.406,6.649],[-77.403,6.651],[-77.398,6.651],[-77.396,6.658],[-77.399,6.665],[-77.405,6.666],[-77.406,6.671],[-77.403,6.672],[-77.404,6.673],[-77.401,6.674],[-77.4,6.677],[-77.406,6.687],[-77.414,6.691],[-77.418,6.691],[-77.421,6.687],[-77.424,6.688],[-77.425,6.685],[-77.426,6.684],[-77.43,6.687],[-77.429,6.694],[-77.43,6.697],[-77.433,6.698],[-77.437,6.702],[-77.447,6.707],[-77.456,6.706],[-77.473,6.702],[-77.475,6.705],[-77.474,6.701],[-77.483,6.698],[-77.475,6.708],[-77.479,6.708],[-77.481,6.706],[-77.485,6.707],[-77.489,6.703],[-77.494,6.704],[-77.497,6.702],[-77.501,6.701],[-77.502,6.7],[-77.501,6.698],[-77.5,6.699],[-77.5,6.697],[-77.503,6.693],[-77.502,6.691],[-77.504,6.69],[-77.503,6.688],[-77.506,6.686],[-77.505,6.677],[-77.507,6.673],[-77.51,6.668],[-77.509,6.662],[-77.512,6.66],[-77.51,6.658],[-77.508,6.659],[-77.507,6.656],[-77.503,6.657],[-77.505,6.655],[-77.504,6.653],[-77.505,6.651],[-77.511,6.655],[-77.513,6.654],[-77.513,6.655],[-77.516,6.656],[-77.519,6.66],[-77.525,6.657],[-77.526,6.655],[-77.524,6.65],[-77.527,6.648],[-77.527,6.651],[-77.529,6.652],[-77.527,6.656],[-77.529,6.656],[-77.531,6.659],[-77.533,6.659],[-77.533,6.66],[-77.536,6.658],[-77.533,6.661],[-77.533,6.664],[-77.536,6.665],[-77.535,6.668],[-77.537,6.667],[-77.536,6.67],[-77.538,6.67],[-77.534,6.672],[-77.535,6.675],[-77.536,6.675],[-77.535,6.679],[-77.538,6.685],[-77.541,6.686],[-77.538,6.687],[-77.538,6.689],[-77.536,6.69],[-77.537,6.692],[-77.534,6.694],[-77.533,6.699],[-77.537,6.705],[-77.538,6.714],[-77.54,6.717],[-77.543,6.717],[-77.547,6.725],[-77.546,6.733],[-77.549,6.737],[-77.548,6.741],[-77.55,6.741],[-77.549,6.745],[-77.553,6.75],[-77.557,6.752],[-77.556,6.756],[-77.56,6.757],[-77.559,6.76],[-77.561,6.76],[-77.561,6.762],[-77.564,6.763],[-77.561,6.766],[-77.562,6.772],[-77.561,6.772],[-77.562,6.773],[-77.565,6.773],[-77.566,6.778],[-77.568,6.776],[-77.568,6.779],[-77.567,6.779],[-77.567,6.784],[-77.566,6.785],[-77.566,6.784],[-77.565,6.786],[-77.566,6.786],[-77.57,6.785],[-77.568,6.793],[-77.569,6.793],[-77.572,6.797],[-77.576,6.798],[-77.576,6.8],[-77.577,6.801],[-77.578,6.804],[-77.579,6.802],[-77.581,6.803],[-77.583,6.81],[-77.585,6.813],[-77.586,6.811],[-77.588,6.812],[-77.586,6.815],[-77.587,6.818],[-77.592,6.82],[-77.594,6.823],[-77.596,6.824],[-77.598,6.822],[-77.598,6.826],[-77.601,6.826],[-77.599,6.828],[-77.6,6.828],[-77.6,6.83],[-77.601,6.829],[-77.605,6.831],[-77.606,6.835],[-77.612,6.839],[-77.615,6.839],[-77.617,6.842],[-77.629,6.85],[-77.63,6.848],[-77.633,6.849],[-77.631,6.851],[-77.634,6.85],[-77.644,6.853],[-77.644,6.851],[-77.645,6.854],[-77.65,6.856],[-77.655,6.856],[-77.655,6.854],[-77.658,6.856],[-77.659,6.858],[-77.657,6.859],[-77.66,6.862],[-77.66,6.867],[-77.663,6.867],[-77.661,6.87],[-77.665,6.872],[-77.662,6.872],[-77.663,6.874],[-77.666,6.875],[-77.676,6.876],[-77.684,6.872],[-77.684,6.863],[-77.687,6.86],[-77.686,6.854],[-77.688,6.854],[-77.688,6.852],[-77.689,6.851],[-77.688,6.845],[-77.688,6.846],[-77.69,6.846],[-77.688,6.843],[-77.688,6.839],[-77.69,6.837],[-77.69,6.835],[-77.693,6.837],[-77.695,6.836],[-77.697,6.842],[-77.701,6.844],[-77.702,6.842],[-77.701,6.847],[-77.701,6.85],[-77.703,6.851],[-77.702,6.854],[-77.704,6.855],[-77.703,6.858],[-77.705,6.858],[-77.704,6.858],[-77.704,6.86],[-77.701,6.864],[-77.704,6.868],[-77.706,6.874],[-77.709,6.878],[-77.711,6.878],[-77.71,6.883],[-77.711,6.884],[-77.711,6.886],[-77.708,6.891],[-77.709,6.894],[-77.707,6.895],[-77.708,6.898],[-77.706,6.903],[-77.707,6.906],[-77.705,6.911],[-77.702,6.914],[-77.698,6.912],[-77.695,6.917],[-77.696,6.923],[-77.698,6.923],[-77.696,6.927],[-77.698,6.93],[-77.699,6.934],[-77.696,6.935],[-77.697,6.939],[-77.699,6.939],[-77.69,6.941],[-77.686,6.946],[-77.682,6.947],[-77.679,6.954],[-77.675,6.956],[-77.674,6.955],[-77.675,6.951],[-77.67,6.953],[-77.666,6.953],[-77.657,6.965],[-77.656,6.974],[-77.663,7.0],[-77.674,7.015],[-77.674,7.018],[-77.677,7.019],[-77.682,7.024],[-77.683,7.027],[-77.681,7.03],[-77.678,7.027],[-77.68,7.029],[-77.681,7.041],[-77.688,7.047],[-77.688,7.049],[-77.689,7.048],[-77.698,7.051],[-77.7,7.055],[-77.698,7.055],[-77.698,7.056],[-77.702,7.056],[-77.706,7.063],[-77.706,7.064],[-77.705,7.065],[-77.708,7.066],[-77.708,7.074],[-77.705,7.08],[-77.707,7.08],[-77.708,7.085],[-77.713,7.081],[-77.714,7.078],[-77.711,7.078],[-77.711,7.075],[-77.715,7.075],[-77.715,7.073],[-77.719,7.074],[-77.718,7.075],[-77.718,7.077],[-77.723,7.082],[-77.725,7.087],[-77.731,7.09],[-77.731,7.092],[-77.735,7.09],[-77.735,7.092],[-77.737,7.092],[-77.736,7.093],[-77.738,7.093],[-77.737,7.095],[-77.738,7.096],[-77.738,7.098],[-77.735,7.099],[-77.735,7.102],[-77.737,7.101],[-77.741,7.102],[-77.741,7.106],[-77.742,7.104],[-77.744,7.106],[-77.745,7.102],[-77.746,7.103],[-77.746,7.101],[-77.748,7.1],[-77.751,7.104],[-77.755,7.104],[-77.756,7.105],[-77.756,7.107],[-77.758,7.107],[-77.759,7.104],[-77.76,7.104],[-77.759,7.099],[-77.75,7.093],[-77.748,7.088],[-77.769,7.108],[-77.772,7.113],[-77.774,7.114],[-77.777,7.123],[-77.782,7.128],[-77.782,7.131],[-77.792,7.143],[-77.795,7.143],[-77.796,7.147],[-77.808,7.15],[-77.808,7.146],[-77.811,7.149],[-77.813,7.144],[-77.814,7.144],[-77.815,7.147],[-77.815,7.149],[-77.816,7.149],[-77.816,7.15],[-77.819,7.149],[-77.82,7.152],[-77.821,7.151],[-77.821,7.148],[-77.823,7.148],[-77.827,7.154],[-77.826,7.155],[-77.826,7.157],[-77.829,7.157],[-77.829,7.159],[-77.831,7.159],[-77.829,7.162],[-77.83,7.164],[-77.835,7.165],[-77.837,7.17],[-77.835,7.17],[-77.835,7.172],[-77.837,7.176],[-77.836,7.179],[-77.84,7.179],[-77.841,7.183],[-77.843,7.186],[-77.848,7.184],[-77.849,7.185],[-77.853,7.181],[-77.856,7.181],[-77.855,7.183],[-77.853,7.183],[-77.852,7.186],[-77.853,7.186],[-77.852,7.187],[-77.854,7.188],[-77.853,7.192],[-77.854,7.194],[-77.859,7.194],[-77.864,7.193],[-77.865,7.194],[-77.864,7.195],[-77.866,7.195],[-77.865,7.198],[-77.867,7.2],[-77.864,7.202],[-77.867,7.206],[-77.874,7.207],[-77.875,7.21],[-77.874,7.213],[-77.875,7.214],[-77.88,7.211],[-77.884,7.217],[-77.883,7.22],[-77.886,7.221],[-77.887,7.223],[-77.892,7.222],[-77.894,7.223],[-77.889,7.228],[-77.818,7.472],[-77.817,7.469],[-77.811,7.466],[-77.805,7.468],[-77.803,7.467],[-77.803,7.47],[-77.8,7.473],[-77.789,7.473],[-77.784,7.464],[-77.779,7.461],[-77.764,7.46],[-77.759,7.461],[-77.757,7.463],[-77.754,7.461],[-77.75,7.468],[-77.743,7.466],[-77.739,7.47],[-77.731,7.475],[-77.716,7.494],[-77.716,7.497],[-77.704,7.504],[-77.701,7.507],[-77.703,7.519],[-77.71,7.528],[-77.716,7.54],[-77.718,7.548],[-77.723,7.556],[-77.725,7.565],[-77.731,7.569],[-77.733,7.577],[-77.736,7.581],[-77.738,7.59],[-77.735,7.593],[-77.738,7.594],[-77.736,7.603],[-77.741,7.604],[-77.741,7.606],[-77.746,7.606],[-77.747,7.607],[-77.742,7.612],[-77.747,7.612],[-77.749,7.614],[-77.749,7.617],[-77.745,7.624],[-77.741,7.629],[-77.742,7.634],[-77.74,7.638],[-77.747,7.646],[-77.745,7.659],[-77.745,7.667],[-77.741,7.669],[-77.744,7.673],[-77.744,7.676],[-77.742,7.679],[-77.739,7.681],[-77.738,7.685],[-77.732,7.685],[-77.732,7.691],[-77.73,7.692],[-77.73,7.698],[-77.729,7.7],[-77.727,7.7],[-77.726,7.697],[-77.725,7.696],[-77.711,7.693],[-77.691,7.693],[-77.686,7.686],[-77.685,7.681],[-77.678,7.678],[-77.67,7.667],[-77.655,7.66],[-77.652,7.657],[-77.651,7.654],[-77.645,7.651],[-77.643,7.632],[-77.636,7.622],[-77.634,7.609],[-77.63,7.602],[-77.63,7.594],[-77.625,7.591],[-77.625,7.585],[-77.62,7.579],[-77.616,7.568],[-77.608,7.56],[-77.608,7.556],[-77.612,7.548],[-77.612,7.542],[-77.608,7.54],[-77.605,7.537],[-77.597,7.537],[-77.593,7.535],[-77.588,7.521],[-77.583,7.514],[-77.575,7.513],[-77.567,7.508],[-77.565,7.508],[-77.561,7.511],[-77.556,7.519],[-77.548,7.522],[-77.544,7.536],[-77.534,7.543],[-77.533,7.546],[-77.53,7.549],[-77.526,7.557],[-77.528,7.566],[-77.526,7.57],[-77.519,7.574],[-77.517,7.583],[-77.513,7.583],[-77.512,7.582],[-77.512,7.575],[-77.504,7.568],[-77.491,7.567],[-77.486,7.582],[-77.485,7.6],[-77.482,7.608],[-77.481,7.618],[-77.477,7.621],[-77.471,7.627],[-77.466,7.638],[-77.466,7.643],[-77.47,7.651],[-77.467,7.655],[-77.466,7.663],[-77.464,7.662],[-77.461,7.657],[-77.45,7.658],[-77.444,7.657],[-77.44,7.658],[-77.441,7.669],[-77.436,7.685],[-77.421,7.7],[-77.416,7.717],[-77.413,7.718],[-77.412,7.715],[-77.41,7.714],[-77.408,7.721],[-77.402,7.721],[-77.398,7.725],[-77.396,7.745],[-77.392,7.754],[-77.389,7.757],[-77.398,7.77],[-77.399,7.772],[-77.39,7.779],[-77.388,7.779],[-77.387,7.772],[-77.382,7.768],[-77.361,7.768],[-77.351,7.764],[-77.345,7.764],[-77.342,7.766],[-77.342,7.777],[-77.35,7.792],[-77.351,7.799],[-77.362,7.81],[-77.36,7.822],[-77.366,7.83],[-77.362,7.843],[-77.35,7.843],[-77.345,7.846],[-77.343,7.86],[-77.34,7.861],[-77.339,7.866],[-77.337,7.872],[-77.336,7.883],[-77.338,7.888],[-77.335,7.894],[-77.321,7.896],[-77.313,7.904],[-77.309,7.906],[-77.299,7.912],[-77.287,7.908],[-77.276,7.906],[-77.273,7.907],[-77.266,7.915],[-77.257,7.918],[-77.239,7.918],[-77.238,7.919],[-77.229,7.921],[-77.219,7.915],[-77.214,7.915],[-77.212,7.916],[-77.211,7.92],[-77.207,7.922],[-77.202,7.92],[-77.198,7.921],[-77.196,7.92],[-77.19,7.922],[-77.183,7.918],[-77.179,7.917],[-77.181,7.929],[-77.177,7.933],[-77.168,7.933],[-77.162,7.926],[-77.154,7.927],[-77.153,7.929],[-77.16,7.934],[-77.162,7.939],[-77.17,7.94],[-77.171,7.947],[-77.18,7.955],[-77.179,7.959],[-77.174,7.961],[-77.171,7.964],[-77.166,7.965],[-77.158,7.961],[-77.146,7.954],[-77.141,7.953],[-77.139,7.954],[-77.153,7.961],[-77.17,7.976],[-77.183,7.984],[-77.185,7.988],[-77.191,7.989],[-77.195,7.994],[-77.202,7.999],[-77.214,8.011],[-77.214,8.013],[-77.21,8.015],[-77.214,8.019],[-77.219,8.026],[-77.221,8.026],[-77.224,8.023],[-77.227,8.022],[-77.235,8.026],[-77.231,8.028],[-77.23,8.034],[-77.223,8.035],[-77.219,8.037],[-77.22,8.039],[-77.227,8.042],[-77.226,8.046],[-77.229,8.051],[-77.229,8.059],[-77.224,8.063],[-77.231,8.068],[-77.222,8.072],[-77.219,8.078],[-77.218,8.086],[-77.223,8.099],[-77.226,8.107],[-77.232,8.118],[-77.232,8.124],[-77.233,8.129],[-77.231,8.133],[-77.228,8.132],[-77.227,8.133],[-77.228,8.137],[-77.234,8.142],[-77.249,8.15],[-77.258,8.157],[-77.258,8.158],[-77.251,8.16],[-77.254,8.171],[-77.249,8.17],[-77.247,8.172],[-77.247,8.175],[-77.252,8.186],[-77.251,8.187],[-77.259,8.191],[-77.262,8.2],[-77.266,8.202],[-77.267,8.205],[-77.272,8.207],[-77.277,8.207],[-77.28,8.209],[-77.281,8.213],[-77.281,8.229],[-77.291,8.244],[-77.291,8.246],[-77.285,8.25],[-77.284,8.253],[-77.294,8.262],[-77.295,8.266],[-77.3,8.269],[-77.301,8.272],[-77.311,8.27],[-77.314,8.264],[-77.33,8.267],[-77.333,8.281],[-77.336,8.283],[-77.34,8.289],[-77.35,8.298],[-77.354,8.314],[-77.356,8.317],[-77.353,8.331],[-77.349,8.335],[-77.35,8.347],[-77.36,8.354],[-77.366,8.354],[-77.359,8.366],[-77.359,8.378],[-77.355,8.387],[-77.356,8.394],[-77.359,8.402],[-77.363,8.406],[-77.368,8.408],[-77.37,8.407],[-77.371,8.41],[-77.376,8.417],[-77.379,8.424],[-77.385,8.43],[-77.386,8.439],[-77.395,8.452],[-77.394,8.454],[-77.398,8.458],[-77.398,8.462],[-77.403,8.467],[-77.408,8.469],[-77.412,8.475],[-77.438,8.471],[-77.448,8.472],[-77.448,8.477],[-77.445,8.481],[-77.447,8.486],[-77.447,8.496],[-77.457,8.51],[-77.448,8.513],[-77.448,8.52],[-77.445,8.529],[-77.448,8.546],[-77.445,8.555],[-77.439,8.557],[-77.435,8.566],[-77.433,8.565],[-77.43,8.56],[-77.428,8.558],[-77.425,8.56],[-77.424,8.562],[-77.427,8.576],[-77.425,8.578],[-77.422,8.58],[-77.421,8.583],[-77.416,8.588],[-77.41,8.589],[-77.405,8.586],[-77.398,8.585],[-77.395,8.587],[-77.394,8.589],[-77.394,8.596],[-77.398,8.599],[-77.404,8.61],[-77.403,8.613],[-77.399,8.611],[-77.398,8.608],[-77.396,8.609],[-77.403,8.62],[-77.407,8.633],[-77.409,8.635],[-77.409,8.645],[-77.396,8.651],[-77.392,8.651],[-77.386,8.645],[-77.385,8.642],[-77.38,8.644],[-77.378,8.641],[-77.371,8.638],[-77.364,8.642],[-77.367,8.644],[-77.37,8.654],[-77.37,8.661],[-77.367,8.669],[-77.368,8.674],[-77.366,8.672],[-77.362,8.672],[-77.362,8.675],[-77.359,8.674],[-77.358,8.675],[-77.36,8.663],[-77.362,8.661],[-77.364,8.663],[-77.365,8.662],[-77.366,8.659],[-77.365,8.656],[-77.363,8.655],[-77.359,8.658],[-77.355,8.658],[-77.354,8.655],[-77.347,8.649],[-77.344,8.645],[-77.346,8.635],[-77.342,8.629],[-77.342,8.625],[-77.34,8.625],[-77.336,8.622],[-77.332,8.621],[-77.33,8.619],[-77.326,8.622],[-77.325,8.62],[-77.328,8.616],[-77.324,8.613],[-77.321,8.602],[-77.314,8.597],[-77.312,8.597],[-77.311,8.599],[-77.312,8.595],[-77.31,8.596],[-77.309,8.594],[-77.31,8.591],[-77.308,8.587],[-77.303,8.586],[-77.302,8.584],[-77.298,8.583],[-77.294,8.577],[-77.294,8.573],[-77.292,8.573],[-77.291,8.575],[-77.287,8.572],[-77.285,8.568],[-77.286,8.564],[-77.28,8.56],[-77.28,8.558],[-77.277,8.553],[-77.276,8.548],[-77.277,8.537],[-77.27,8.527],[-77.271,8.523],[-77.269,8.517],[-77.271,8.518],[-77.273,8.516],[-77.275,8.51],[-77.275,8.507],[-77.273,8.503],[-77.253,8.491],[-77.249,8.473],[-77.19,8.438],[-77.169,8.434],[-77.167,8.434],[-77.163,8.437],[-77.163,8.431],[-77.155,8.421],[-77.152,8.421],[-77.151,8.419],[-77.149,8.42],[-77.146,8.418],[-77.142,8.416],[-77.136,8.416],[-77.134,8.412],[-77.13,8.412],[-77.128,8.404],[-77.129,8.398],[-77.126,8.394],[-77.123,8.393],[-77.122,8.389],[-77.12,8.388],[-77.116,8.387],[-77.115,8.388],[-77.114,8.383],[-77.111,8.379],[-77.115,8.38],[-77.117,8.376],[-77.118,8.376],[-77.118,8.371],[-77.112,8.365],[-77.11,8.364],[-77.106,8.355],[-77.099,8.351],[-77.094,8.346],[-77.093,8.338],[-77.088,8.33],[-77.077,8.325],[-77.075,8.32],[-77.079,8.317],[-77.075,8.311],[-77.074,8.304],[-77.065,8.297],[-77.065,8.292],[-77.058,8.288],[-77.053,8.282],[-77.053,8.278],[-77.05,8.277],[-77.048,8.275],[-77.046,8.27],[-77.046,8.268],[-77.043,8.266],[-77.04,8.259],[-77.04,8.257],[-77.037,8.254],[-77.037,8.253],[-77.014,8.25],[-76.987,8.254],[-76.981,8.253],[-76.98,8.255]]],[[[-77.694,7.039],[-77.72,7.065],[-77.747,7.087],[-77.745,7.088],[-77.744,7.087],[-77.744,7.088],[-77.743,7.086],[-77.738,7.082],[-77.738,7.081],[-77.737,7.081],[-77.737,7.079],[-77.733,7.078],[-77.733,7.077],[-77.731,7.077],[-77.725,7.071],[-77.722,7.072],[-77.723,7.069],[-77.72,7.07],[-77.719,7.067],[-77.716,7.066],[-77.714,7.063],[-77.71,7.063],[-77.711,7.06],[-77.71,7.06],[-77.708,7.063],[-77.703,7.05],[-77.686,7.037],[-77.691,7.037],[-77.694,7.039]]]]}},{"type":"Feature","properties":{"name":"Valle del Cauca","iso":"CO-VAC"},"geometry":{"type":"MultiPolygon","coordinates":[[[[-75.753,4.077],[-75.752,4.069],[-75.746,4.063],[-75.74,4.058],[-75.739,4.054],[-75.754,4.033],[-75.761,4.025],[-75.77,4.02],[-75.776,4.008],[-75.778,4.007],[-75.787,4.009],[-75.792,4.008],[-75.796,3.991],[-75.792,3.978],[-75.792,3.969],[-75.796,3.961],[-75.801,3.958],[-75.805,3.952],[-75.809,3.939],[-75.807,3.932],[-75.81,3.924],[-75.822,3.905],[-75.828,3.904],[-75.833,3.907],[-75.836,3.907],[-75.84,3.903],[-75.842,3.897],[-75.859,3.88],[-75.861,3.875],[-75.861,3.863],[-75.857,3.857],[-75.856,3.853],[-75.863,3.845],[-75.867,3.832],[-75.875,3.822],[-75.893,3.811],[-75.891,3.806],[-75.893,3.804],[-75.902,3.796],[-75.902,3.786],[-75.906,3.781],[-75.91,3.773],[-75.915,3.759],[-75.916,3.75],[-75.921,3.741],[-75.938,3.734],[-75.944,3.728],[-75.945,3.719],[-75.947,3.716],[-75.949,3.714],[-75.955,3.714],[-75.961,3.706],[-75.96,3.694],[-75.957,3.689],[-75.952,3.674],[-75.958,3.665],[-75.968,3.663],[-75.975,3.657],[-75.978,3.644],[-75.982,3.643],[-75.991,3.642],[-75.994,3.638],[-75.993,3.632],[-75.988,3.622],[-75.988,3.616],[-75.993,3.612],[-75.994,3.607],[-75.991,3.597],[-75.985,3.588],[-75.986,3.581],[-75.989,3.575],[-75.985,3.56],[-75.987,3.555],[-75.994,3.546],[-75.999,3.532],[-76.001,3.529],[-76.003,3.517],[-76.015,3.509],[-76.018,3.501],[-76.025,3.493],[-76.026,3.485],[-76.022,3.478],[-76.027,3.465],[-76.027,3.461],[-76.03,3.455],[-76.037,3.45],[-76.038,3.443],[-76.042,3.437],[-76.042,3.429],[-76.038,3.42],[-76.043,3.408],[-76.043,3.397],[-76.039,3.394],[-76.031,3.391],[-76.031,3.385],[-76.034,3.381],[-76.048,3.374],[-76.049,3.365],[-76.057,3.358],[-76.059,3.354],[-76.058,3.349],[-76.055,3.344],[-76.054,3.327],[-76.044,3.319],[-76.039,3.302],[-76.044,3.29],[-76.047,3.287],[-76.05,3.28],[-76.048,3.272],[-76.047,3.265],[-76.041,3.256],[-76.039,3.251],[-76.04,3.249],[-76.047,3.245],[-76.058,3.232],[-76.059,3.229],[-76.057,3.224],[-76.059,3.222],[-76.059,3.218],[-76.062,3.213],[-76.068,3.211],[-76.083,3.218],[-76.109,3.226],[-76.119,3.222],[-76.128,3.224],[-76.133,3.222],[-76.138,3.224],[-76.145,3.224],[-76.151,3.227],[-76.153,3.234],[-76.157,3.235],[-76.165,3.234],[-76.17,3.231],[-76.181,3.232],[-76.186,3.229],[-76.191,3.228],[-76.194,3.23],[-76.202,3.242],[-76.207,3.257],[-76.217,3.268],[-76.23,3.276],[-76.261,3.279],[-76.271,3.277],[-76.275,3.278],[-76.282,3.283],[-76.293,3.286],[-76.304,3.286],[-76.311,3.282],[-76.323,3.281],[-76.328,3.282],[-76.342,3.282],[-76.357,3.289],[-76.366,3.287],[-76.373,3.288],[-76.406,3.298],[-76.408,3.301],[-76.414,3.305],[-76.417,3.31],[-76.42,3.312],[-76.433,3.313],[-76.448,3.317],[-76.454,3.324],[-76.457,3.326],[-76.457,3.327],[-76.458,3.329],[-76.461,3.329],[-76.459,3.326],[-76.462,3.322],[-76.461,3.317],[-76.464,3.317],[-76.467,3.321],[-76.468,3.321],[-76.468,3.312],[-76.469,3.311],[-76.472,3.313],[-76.473,3.32],[-76.478,3.321],[-76.478,3.317],[-76.476,3.314],[-76.474,3.306],[-76.477,3.301],[-76.477,3.294],[-76.479,3.292],[-76.483,3.294],[-76.485,3.303],[-76.489,3.305],[-76.49,3.304],[-76.49,3.297],[-76.494,3.293],[-76.494,3.291],[-76.491,3.289],[-76.473,3.29],[-76.472,3.289],[-76.473,3.285],[-76.475,3.285],[-76.482,3.288],[-76.486,3.287],[-76.487,3.284],[-76.487,3.28],[-76.485,3.277],[-76.482,3.28],[-76.472,3.28],[-76.472,3.278],[-76.474,3.275],[-76.474,3.271],[-76.466,3.27],[-76.462,3.269],[-76.465,3.262],[-76.459,3.258],[-76.463,3.253],[-76.462,3.248],[-76.46,3.247],[-76.462,3.245],[-76.47,3.251],[-76.472,3.251],[-76.472,3.247],[-76.466,3.246],[-76.464,3.244],[-76.463,3.242],[-76.468,3.239],[-76.471,3.245],[-76.476,3.246],[-76.477,3.243],[-76.472,3.24],[-76.471,3.238],[-76.476,3.235],[-76.477,3.229],[-76.473,3.229],[-76.468,3.231],[-76.472,3.226],[-76.474,3.215],[-76.476,3.216],[-76.475,3.223],[-76.477,3.224],[-76.481,3.223],[-76.48,3.219],[-76.484,3.212],[-76.486,3.212],[-76.488,3.217],[-76.49,3.218],[-76.492,3.211],[-76.492,3.206],[-76.497,3.205],[-76.5,3.2],[-76.498,3.197],[-76.494,3.199],[-76.491,3.199],[-76.492,3.194],[-76.49,3.19],[-76.49,3.187],[-76.494,3.182],[-76.493,3.18],[-76.488,3.176],[-76.487,3.169],[-76.489,3.168],[-76.491,3.175],[-76.495,3.176],[-76.499,3.171],[-76.494,3.169],[-76.493,3.166],[-76.502,3.168],[-76.503,3.166],[-76.501,3.159],[-76.506,3.16],[-76.509,3.159],[-76.509,3.157],[-76.506,3.153],[-76.501,3.152],[-76.5,3.144],[-76.504,3.144],[-76.505,3.149],[-76.508,3.15],[-76.515,3.148],[-76.521,3.149],[-76.523,3.148],[-76.521,3.147],[-76.518,3.148],[-76.513,3.146],[-76.515,3.144],[-76.518,3.145],[-76.521,3.145],[-76.52,3.141],[-76.517,3.137],[-76.517,3.134],[-76.519,3.133],[-76.522,3.136],[-76.53,3.138],[-76.533,3.136],[-76.533,3.131],[-76.53,3.132],[-76.53,3.135],[-76.528,3.135],[-76.522,3.131],[-76.524,3.127],[-76.523,3.123],[-76.517,3.125],[-76.513,3.123],[-76.513,3.121],[-76.516,3.118],[-76.52,3.121],[-76.523,3.117],[-76.527,3.115],[-76.529,3.117],[-76.528,3.125],[-76.53,3.126],[-76.531,3.122],[-76.535,3.121],[-76.537,3.119],[-76.534,3.113],[-76.534,3.11],[-76.536,3.109],[-76.54,3.112],[-76.542,3.111],[-76.544,3.108],[-76.544,3.104],[-76.546,3.103],[-76.547,3.104],[-76.546,3.108],[-76.547,3.11],[-76.552,3.105],[-76.555,3.109],[-76.56,3.105],[-76.564,3.108],[-76.567,3.111],[-76.564,3.115],[-76.565,3.117],[-76.571,3.119],[-76.569,3.125],[-76.572,3.129],[-76.574,3.128],[-76.578,3.127],[-76.579,3.124],[-76.574,3.117],[-76.574,3.115],[-76.577,3.115],[-76.578,3.119],[-76.58,3.12],[-76.585,3.116],[-76.59,3.117],[-76.592,3.114],[-76.588,3.106],[-76.591,3.102],[-76.596,3.106],[-76.6,3.105],[-76.599,3.102],[-76.592,3.097],[-76.593,3.094],[-76.6,3.092],[-76.604,3.097],[-76.607,3.091],[-76.614,3.092],[-76.616,3.097],[-76.624,3.105],[-76.625,3.109],[-76.623,3.114],[-76.623,3.117],[-76.626,3.124],[-76.629,3.127],[-76.632,3.126],[-76.642,3.117],[-76.643,3.112],[-76.648,3.105],[-76.655,3.101],[-76.666,3.099],[-76.669,3.101],[-76.677,3.1],[-76.682,3.102],[-76.686,3.109],[-76.695,3.113],[-76.701,3.119],[-76.725,3.119],[-76.733,3.125],[-76.744,3.136],[-76.749,3.15],[-76.748,3.157],[-76.742,3.172],[-76.745,3.191],[-76.748,3.195],[-76.754,3.201],[-76.755,3.209],[-76.757,3.213],[-76.765,3.222],[-76.769,3.231],[-76.773,3.234],[-76.778,3.231],[-76.783,3.231],[-76.785,3.223],[-76.789,3.225],[-76.796,3.216],[-76.808,3.21],[-76.812,3.209],[-76.826,3.211],[-76.839,3.211],[-76.85,3.208],[-76.859,3.212],[-76.865,3.212],[-76.87,3.209],[-76.876,3.21],[-76.881,3.209],[-76.891,3.203],[-76.897,3.204],[-76.908,3.201],[-76.913,3.187],[-76.914,3.178],[-76.912,3.172],[-76.916,3.15],[-76.927,3.142],[-76.928,3.139],[-76.927,3.127],[-76.931,3.122],[-76.939,3.114],[-76.952,3.116],[-76.962,3.119],[-76.972,3.119],[-76.979,3.127],[-76.978,3.135],[-76.988,3.139],[-76.991,3.149],[-76.996,3.154],[-77.0,3.153],[-77.013,3.154],[-77.019,3.157],[-77.03,3.166],[-77.038,3.165],[-77.055,3.171],[-77.059,3.169],[-77.064,3.169],[-77.07,3.172],[-77.079,3.179],[-77.081,3.179],[-77.083,3.181],[-77.087,3.18],[-77.087,3.182],[-77.085,3.184],[-77.086,3.186],[-77.089,3.182],[-77.095,3.183],[-77.097,3.185],[-77.1,3.185],[-77.103,3.183],[-77.105,3.181],[-77.11,3.179],[-77.11,3.177],[-77.117,3.169],[-77.131,3.161],[-77.134,3.164],[-77.136,3.169],[-77.14,3.172],[-77.143,3.172],[-77.146,3.169],[-77.147,3.17],[-77.153,3.171],[-77.155,3.176],[-77.156,3.174],[-77.16,3.174],[-77.161,3.172],[-77.158,3.17],[-77.159,3.165],[-77.164,3.166],[-77.165,3.162],[-77.167,3.162],[-77.17,3.166],[-77.172,3.166],[-77.173,3.159],[-77.181,3.155],[-77.182,3.151],[-77.187,3.149],[-77.191,3.15],[-77.193,3.145],[-77.193,3.14],[-77.198,3.14],[-77.2,3.144],[-77.2,3.137],[-77.201,3.134],[-77.206,3.133],[-77.209,3.135],[-77.212,3.134],[-77.217,3.135],[-77.216,3.131],[-77.219,3.128],[-77.22,3.123],[-77.218,3.123],[-77.217,3.12],[-77.228,3.111],[-77.23,3.116],[-77.235,3.115],[-77.235,3.113],[-77.232,3.11],[-77.234,3.107],[-77.245,3.116],[-77.243,3.123],[-77.245,3.126],[-77.248,3.125],[-77.249,3.117],[-77.251,3.115],[-77.253,3.115],[-77.254,3.122],[-77.258,3.128],[-77.261,3.134],[-77.263,3.135],[-77.268,3.133],[-77.27,3.14],[-77.273,3.138],[-77.274,3.133],[-77.277,3.13],[-77.279,3.132],[-77.278,3.139],[-77.284,3.137],[-77.288,3.138],[-77.29,3.143],[-77.287,3.148],[-77.278,3.148],[-77.277,3.152],[-77.279,3.159],[-77.282,3.159],[-77.285,3.156],[-77.29,3.157],[-77.301,3.163],[-77.306,3.169],[-77.316,3.174],[-77.32,3.174],[-77.321,3.171],[-77.32,3.165],[-77.321,3.162],[-77.325,3.161],[-77.33,3.164],[-77.331,3.154],[-77.333,3.152],[-77.341,3.148],[-77.345,3.14],[-77.347,3.14],[-77.355,3.145],[-77.363,3.145],[-77.367,3.15],[-77.364,3.164],[-77.371,3.171],[-77.379,3.174],[-77.383,3.178],[-77.381,3.182],[-77.384,3.194],[-77.38,3.198],[-77.38,3.202],[-77.391,3.213],[-77.393,3.214],[-77.403,3.212],[-77.406,3.218],[-77.407,3.225],[-77.413,3.23],[-77.416,3.235],[-77.415,3.242],[-77.429,3.253],[-77.436,3.251],[-77.438,3.247],[-77.444,3.247],[-77.447,3.244],[-77.451,3.243],[-77.454,3.237],[-77.454,3.233],[-77.463,3.238],[-77.468,3.238],[-77.471,3.236],[-77.47,3.232],[-77.463,3.229],[-77.462,3.225],[-77.469,3.225],[-77.469,3.222],[-77.467,3.22],[-77.467,3.216],[-77.476,3.209],[-77.48,3.208],[-77.496,3.221],[-77.498,3.222],[-77.54,3.218],[-77.54,3.225],[-77.544,3.23],[-77.542,3.239],[-77.528,3.26],[-77.493,3.306],[-77.489,3.308],[-77.488,3.305],[-77.486,3.306],[-77.481,3.304],[-77.481,3.309],[-77.483,3.31],[-77.48,3.32],[-77.475,3.325],[-77.462,3.332],[-77.434,3.36],[-77.429,3.363],[-77.433,3.356],[-77.439,3.352],[-77.447,3.343],[-77.435,3.354],[-77.431,3.353],[-77.427,3.356],[-77.418,3.359],[-77.416,3.356],[-77.414,3.358],[-77.415,3.36],[-77.406,3.373],[-77.404,3.373],[-77.408,3.379],[-77.406,3.384],[-77.401,3.388],[-77.392,3.398],[-77.383,3.414],[-77.379,3.417],[-77.379,3.42],[-77.372,3.438],[-77.365,3.45],[-77.364,3.465],[-77.366,3.467],[-77.37,3.476],[-77.37,3.48],[-77.362,3.484],[-77.354,3.494],[-77.342,3.505],[-77.337,3.512],[-77.334,3.513],[-77.328,3.524],[-77.331,3.527],[-77.33,3.53],[-77.302,3.565],[-77.3,3.568],[-77.294,3.57],[-77.272,3.574],[-77.27,3.573],[-77.26,3.578],[-77.248,3.581],[-77.238,3.585],[-77.236,3.584],[-77.236,3.581],[-77.24,3.584],[-77.241,3.583],[-77.241,3.581],[-77.242,3.582],[-77.242,3.581],[-77.243,3.582],[-77.248,3.58],[-77.247,3.579],[-77.24,3.578],[-77.236,3.576],[-77.233,3.577],[-77.218,3.592],[-77.219,3.595],[-77.217,3.597],[-77.212,3.601],[-77.211,3.599],[-77.207,3.607],[-77.204,3.608],[-77.204,3.606],[-77.201,3.603],[-77.195,3.612],[-77.192,3.634],[-77.19,3.638],[-77.187,3.64],[-77.19,3.65],[-77.188,3.655],[-77.183,3.655],[-77.179,3.652],[-77.179,3.65],[-77.178,3.651],[-77.166,3.644],[-77.156,3.643],[-77.151,3.64],[-77.147,3.64],[-77.147,3.643],[-77.149,3.645],[-77.147,3.647],[-77.158,3.651],[-77.166,3.662],[-77.166,3.684],[-77.164,3.684],[-77.163,3.68],[-77.163,3.684],[-77.169,3.685],[-77.17,3.69],[-77.168,3.694],[-77.173,3.698],[-77.186,3.68],[-77.186,3.678],[-77.189,3.678],[-77.196,3.728],[-77.197,3.738],[-77.195,3.748],[-77.193,3.752],[-77.191,3.753],[-77.19,3.75],[-77.185,3.745],[-77.169,3.752],[-77.166,3.758],[-77.164,3.758],[-77.152,3.751],[-77.138,3.752],[-77.142,3.755],[-77.145,3.76],[-77.144,3.761],[-77.14,3.761],[-77.133,3.759],[-77.136,3.762],[-77.134,3.763],[-77.136,3.764],[-77.134,3.765],[-77.143,3.766],[-77.145,3.768],[-77.145,3.77],[-77.138,3.775],[-77.126,3.772],[-77.131,3.774],[-77.131,3.776],[-77.128,3.778],[-77.131,3.778],[-77.135,3.782],[-77.134,3.786],[-77.138,3.79],[-77.14,3.788],[-77.143,3.789],[-77.146,3.794],[-77.146,3.807],[-77.148,3.809],[-77.142,3.81],[-77.139,3.807],[-77.132,3.795],[-77.123,3.793],[-77.123,3.796],[-77.128,3.799],[-77.128,3.8],[-77.13,3.8],[-77.132,3.802],[-77.137,3.81],[-77.124,3.818],[-77.115,3.819],[-77.108,3.816],[-77.108,3.821],[-77.111,3.822],[-77.113,3.836],[-77.108,3.841],[-77.106,3.848],[-77.102,3.849],[-77.098,3.844],[-77.096,3.846],[-77.098,3.85],[-77.097,3.853],[-77.082,3.858],[-77.071,3.856],[-77.071,3.859],[-77.068,3.861],[-77.068,3.864],[-77.065,3.862],[-77.06,3.852],[-77.065,3.865],[-77.063,3.867],[-77.055,3.867],[-77.052,3.881],[-77.055,3.882],[-77.055,3.884],[-77.053,3.883],[-77.053,3.887],[-77.055,3.887],[-77.059,3.893],[-77.051,3.895],[-77.05,3.895],[-77.049,3.891],[-77.047,3.899],[-77.048,3.9],[-77.048,3.901],[-77.045,3.903],[-77.045,3.905],[-77.046,3.909],[-77.053,3.906],[-77.054,3.907],[-77.054,3.909],[-77.058,3.912],[-77.057,3.906],[-77.063,3.901],[-77.065,3.902],[-77.066,3.904],[-77.071,3.903],[-77.073,3.904],[-77.077,3.904],[-77.082,3.902],[-77.085,3.903],[-77.088,3.907],[-77.082,3.907],[-77.079,3.908],[-77.081,3.909],[-77.084,3.908],[-77.086,3.91],[-77.084,3.912],[-77.086,3.914],[-77.087,3.911],[-77.087,3.915],[-77.088,3.915],[-77.089,3.913],[-77.091,3.915],[-77.089,3.911],[-77.09,3.91],[-77.099,3.908],[-77.101,3.906],[-77.107,3.908],[-77.105,3.907],[-77.107,3.904],[-77.105,3.903],[-77.104,3.906],[-77.102,3.905],[-77.103,3.904],[-77.103,3.902],[-77.1,3.904],[-77.099,3.903],[-77.099,3.905],[-77.098,3.903],[-77.095,3.902],[-77.095,3.9],[-77.097,3.901],[-77.099,3.9],[-77.095,3.899],[-77.094,3.895],[-77.097,3.892],[-77.098,3.897],[-77.1,3.897],[-77.103,3.9],[-77.103,3.898],[-77.104,3.899],[-77.105,3.897],[-77.103,3.897],[-77.106,3.895],[-77.107,3.889],[-77.112,3.875],[-77.122,3.875],[-77.124,3.872],[-77.126,3.872],[-77.126,3.871],[-77.135,3.873],[-77.134,3.87],[-77.147,3.86],[-77.149,3.858],[-77.153,3.855],[-77.155,3.856],[-77.158,3.854],[-77.163,3.853],[-77.166,3.846],[-77.168,3.845],[-77.169,3.846],[-77.169,3.849],[-77.172,3.849],[-77.177,3.846],[-77.183,3.848],[-77.183,3.851],[-77.185,3.848],[-77.184,3.847],[-77.178,3.845],[-77.176,3.843],[-77.181,3.831],[-77.185,3.832],[-77.195,3.839],[-77.196,3.838],[-77.202,3.84],[-77.204,3.838],[-77.205,3.834],[-77.213,3.836],[-77.215,3.835],[-77.22,3.837],[-77.22,3.835],[-77.223,3.836],[-77.224,3.834],[-77.223,3.832],[-77.225,3.83],[-77.235,3.836],[-77.245,3.833],[-77.247,3.829],[-77.25,3.828],[-77.25,3.832],[-77.253,3.831],[-77.254,3.832],[-77.255,3.831],[-77.256,3.835],[-77.259,3.836],[-77.261,3.834],[-77.259,3.833],[-77.26,3.831],[-77.265,3.833],[-77.265,3.835],[-77.267,3.835],[-77.268,3.837],[-77.267,3.839],[-77.269,3.84],[-77.271,3.838],[-77.273,3.839],[-77.274,3.841],[-77.275,3.838],[-77.281,3.839],[-77.283,3.846],[-77.285,3.846],[-77.284,3.849],[-77.286,3.851],[-77.289,3.85],[-77.29,3.854],[-77.293,3.856],[-77.293,3.858],[-77.302,3.861],[-77.304,3.866],[-77.303,3.871],[-77.304,3.874],[-77.299,3.874],[-77.297,3.876],[-77.295,3.876],[-77.296,3.873],[-77.294,3.874],[-77.293,3.877],[-77.291,3.878],[-77.293,3.879],[-77.293,3.881],[-77.291,3.883],[-77.288,3.89],[-77.283,3.89],[-77.278,3.897],[-77.275,3.897],[-77.279,3.898],[-77.282,3.901],[-77.28,3.896],[-77.287,3.895],[-77.297,3.901],[-77.298,3.9],[-77.297,3.902],[-77.299,3.901],[-77.298,3.9],[-77.302,3.899],[-77.305,3.904],[-77.308,3.905],[-77.309,3.908],[-77.311,3.906],[-77.313,3.907],[-77.313,3.91],[-77.314,3.904],[-77.317,3.902],[-77.321,3.902],[-77.322,3.911],[-77.319,3.912],[-77.318,3.916],[-77.321,3.925],[-77.317,3.925],[-77.316,3.924],[-77.316,3.925],[-77.312,3.929],[-77.313,3.937],[-77.316,3.944],[-77.317,3.952],[-77.314,3.951],[-77.313,3.955],[-77.312,3.954],[-77.309,3.955],[-77.31,3.958],[-77.303,3.957],[-77.303,3.958],[-77.301,3.959],[-77.298,3.957],[-77.3,3.957],[-77.3,3.955],[-77.302,3.955],[-77.306,3.952],[-77.307,3.948],[-77.305,3.951],[-77.298,3.955],[-77.299,3.951],[-77.298,3.95],[-77.296,3.955],[-77.294,3.956],[-77.296,3.956],[-77.296,3.957],[-77.293,3.958],[-77.296,3.958],[-77.3,3.962],[-77.293,3.967],[-77.291,3.973],[-77.292,3.977],[-77.286,3.981],[-77.285,3.979],[-77.284,3.979],[-77.284,3.974],[-77.282,3.973],[-77.284,3.974],[-77.282,3.975],[-77.283,3.975],[-77.281,3.978],[-77.282,3.981],[-77.279,3.982],[-77.276,3.976],[-77.275,3.976],[-77.276,3.982],[-77.273,3.984],[-77.275,3.986],[-77.273,3.986],[-77.265,3.986],[-77.266,3.984],[-77.265,3.984],[-77.263,3.986],[-77.265,3.983],[-77.264,3.982],[-77.262,3.985],[-77.26,3.985],[-77.259,3.983],[-77.26,3.981],[-77.256,3.982],[-77.257,3.98],[-77.254,3.98],[-77.254,3.979],[-77.255,3.977],[-77.258,3.979],[-77.26,3.977],[-77.256,3.976],[-77.253,3.977],[-77.254,3.973],[-77.256,3.972],[-77.256,3.971],[-77.26,3.971],[-77.262,3.968],[-77.266,3.969],[-77.26,3.967],[-77.263,3.965],[-77.263,3.962],[-77.268,3.963],[-77.269,3.962],[-77.268,3.96],[-77.265,3.963],[-77.261,3.961],[-77.266,3.955],[-77.265,3.951],[-77.265,3.952],[-77.264,3.952],[-77.265,3.955],[-77.261,3.955],[-77.262,3.958],[-77.26,3.959],[-77.257,3.96],[-77.254,3.958],[-77.255,3.96],[-77.256,3.959],[-77.258,3.961],[-77.253,3.963],[-77.253,3.964],[-77.257,3.964],[-77.254,3.97],[-77.252,3.969],[-77.251,3.972],[-77.246,3.975],[-77.246,3.973],[-77.239,3.974],[-77.239,3.97],[-77.238,3.968],[-77.235,3.969],[-77.234,3.971],[-77.235,3.973],[-77.233,3.975],[-77.232,3.978],[-77.234,3.977],[-77.235,3.979],[-77.239,3.978],[-77.24,3.981],[-77.24,3.983],[-77.242,3.983],[-77.242,3.984],[-77.245,3.983],[-77.243,3.983],[-77.244,3.981],[-77.249,3.979],[-77.246,3.984],[-77.247,3.985],[-77.245,3.987],[-77.248,3.986],[-77.25,3.987],[-77.249,3.988],[-77.245,3.99],[-77.242,3.987],[-77.243,3.986],[-77.24,3.985],[-77.24,3.988],[-77.239,3.987],[-77.24,3.989],[-77.241,3.988],[-77.241,3.992],[-77.239,3.991],[-77.234,3.994],[-77.232,3.992],[-77.23,3.996],[-77.225,3.997],[-77.224,4.001],[-77.22,4.003],[-77.216,4.008],[-77.21,4.009],[-77.209,4.01],[-77.21,4.012],[-77.209,4.015],[-77.211,4.015],[-77.211,4.018],[-77.205,4.022],[-77.205,4.024],[-77.203,4.023],[-77.203,4.027],[-77.198,4.029],[-77.197,4.031],[-77.204,4.032],[-77.204,4.035],[-77.201,4.036],[-77.197,4.036],[-77.197,4.038],[-77.193,4.038],[-77.195,4.039],[-77.194,4.04],[-77.199,4.04],[-77.201,4.042],[-77.198,4.041],[-77.196,4.049],[-77.191,4.05],[-77.188,4.049],[-77.188,4.05],[-77.187,4.049],[-77.184,4.05],[-77.184,4.053],[-77.187,4.054],[-77.189,4.057],[-77.195,4.055],[-77.194,4.057],[-77.196,4.058],[-77.201,4.055],[-77.201,4.054],[-77.204,4.056],[-77.21,4.056],[-77.207,4.059],[-77.204,4.059],[-77.205,4.06],[-77.204,4.063],[-77.209,4.06],[-77.209,4.066],[-77.214,4.071],[-77.215,4.069],[-77.212,4.063],[-77.215,4.061],[-77.222,4.061],[-77.229,4.059],[-77.228,4.063],[-77.231,4.065],[-77.231,4.061],[-77.233,4.062],[-77.234,4.059],[-77.237,4.06],[-77.237,4.058],[-77.238,4.056],[-77.242,4.055],[-77.244,4.058],[-77.24,4.065],[-77.246,4.059],[-77.249,4.059],[-77.25,4.055],[-77.253,4.053],[-77.257,4.053],[-77.257,4.059],[-77.257,4.058],[-77.255,4.059],[-77.253,4.063],[-77.251,4.062],[-77.25,4.064],[-77.249,4.063],[-77.249,4.064],[-77.246,4.066],[-77.246,4.067],[-77.249,4.066],[-77.248,4.069],[-77.246,4.069],[-77.244,4.066],[-77.242,4.066],[-77.241,4.07],[-77.243,4.07],[-77.242,4.068],[-77.243,4.068],[-77.243,4.072],[-77.244,4.074],[-77.247,4.076],[-77.251,4.076],[-77.254,4.069],[-77.255,4.068],[-77.257,4.071],[-77.257,4.065],[-77.261,4.061],[-77.263,4.063],[-77.265,4.06],[-77.267,4.06],[-77.269,4.057],[-77.271,4.049],[-77.273,4.049],[-77.275,4.046],[-77.277,4.047],[-77.278,4.049],[-77.278,4.044],[-77.282,4.045],[-77.282,4.048],[-77.284,4.05],[-77.282,4.05],[-77.281,4.053],[-77.277,4.051],[-77.275,4.053],[-77.275,4.055],[-77.275,4.054],[-77.275,4.056],[-77.279,4.055],[-77.278,4.058],[-77.279,4.062],[-77.282,4.062],[-77.28,4.06],[-77.282,4.057],[-77.281,4.055],[-77.285,4.055],[-77.284,4.053],[-77.286,4.05],[-77.288,4.05],[-77.291,4.048],[-77.292,4.049],[-77.292,4.047],[-77.296,4.047],[-77.296,4.046],[-77.295,4.045],[-77.303,4.04],[-77.305,4.04],[-77.305,4.044],[-77.306,4.044],[-77.307,4.039],[-77.309,4.04],[-77.308,4.038],[-77.311,4.035],[-77.308,4.034],[-77.308,4.03],[-77.309,4.028],[-77.314,4.029],[-77.314,4.027],[-77.314,4.025],[-77.312,4.024],[-77.312,4.018],[-77.316,4.018],[-77.314,4.015],[-77.318,4.017],[-77.32,4.011],[-77.316,4.01],[-77.316,4.007],[-77.318,4.005],[-77.321,4.007],[-77.324,3.996],[-77.32,3.995],[-77.321,3.99],[-77.324,3.989],[-77.324,3.987],[-77.323,3.988],[-77.322,3.987],[-77.324,3.984],[-77.324,3.982],[-77.326,3.983],[-77.325,3.981],[-77.326,3.981],[-77.327,3.979],[-77.324,3.977],[-77.325,3.973],[-77.33,3.973],[-77.331,3.975],[-77.333,3.976],[-77.336,3.971],[-77.335,3.969],[-77.338,3.965],[-77.343,3.946],[-77.345,3.943],[-77.346,3.933],[-77.347,3.933],[-77.349,3.931],[-77.352,3.933],[-77.352,3.931],[-77.351,3.932],[-77.35,3.931],[-77.352,3.929],[-77.359,3.927],[-77.362,3.929],[-77.365,3.933],[-77.372,3.952],[-77.383,3.966],[-77.383,3.974],[-77.381,3.975],[-77.38,3.972],[-77.381,3.969],[-77.379,3.967],[-77.374,3.97],[-77.379,3.973],[-77.382,3.982],[-77.386,3.982],[-77.389,3.99],[-77.391,3.988],[-77.392,3.987],[-77.389,3.987],[-77.39,3.984],[-77.394,3.982],[-77.393,3.98],[-77.399,3.981],[-77.402,3.985],[-77.404,3.985],[-77.402,3.986],[-77.407,3.99],[-77.437,4.011],[-77.439,4.027],[-77.438,4.039],[-77.437,4.042],[-77.433,4.044],[-77.429,4.042],[-77.427,4.042],[-77.424,4.052],[-77.424,4.054],[-77.426,4.052],[-77.43,4.064],[-77.431,4.063],[-77.432,4.064],[-77.432,4.075],[-77.433,4.078],[-77.434,4.077],[-77.429,4.092],[-77.428,4.097],[-77.431,4.105],[-77.444,4.125],[-77.442,4.138],[-77.438,4.143],[-77.429,4.145],[-77.417,4.143],[-77.391,4.148],[-77.388,4.152],[-77.39,4.161],[-77.378,4.169],[-77.376,4.173],[-77.375,4.18],[-77.372,4.184],[-77.361,4.194],[-77.352,4.197],[-77.344,4.196],[-77.334,4.191],[-77.316,4.17],[-77.309,4.166],[-77.305,4.166],[-77.288,4.181],[-77.285,4.193],[-77.287,4.206],[-77.281,4.22],[-77.276,4.226],[-77.269,4.231],[-77.265,4.233],[-77.259,4.234],[-77.252,4.232],[-77.249,4.227],[-77.251,4.196],[-77.25,4.188],[-77.246,4.181],[-77.239,4.172],[-77.229,4.164],[-77.224,4.158],[-77.219,4.156],[-77.214,4.157],[-77.209,4.163],[-77.207,4.17],[-77.203,4.173],[-77.188,4.173],[-77.167,4.183],[-77.162,4.184],[-77.157,4.182],[-77.153,4.177],[-77.148,4.167],[-77.141,4.161],[-77.136,4.16],[-77.131,4.153],[-77.125,4.126],[-77.121,4.12],[-77.112,4.112],[-77.11,4.104],[-77.107,4.102],[-77.094,4.102],[-77.086,4.109],[-77.07,4.1],[-77.063,4.099],[-77.055,4.102],[-77.046,4.1],[-77.035,4.101],[-77.02,4.098],[-77.014,4.101],[-77.0,4.1],[-76.993,4.109],[-76.99,4.119],[-76.983,4.117],[-76.976,4.12],[-76.964,4.121],[-76.948,4.118],[-76.941,4.114],[-76.936,4.107],[-76.926,4.104],[-76.902,4.092],[-76.893,4.08],[-76.893,4.073],[-76.889,4.068],[-76.886,4.067],[-76.88,4.066],[-76.876,4.06],[-76.873,4.051],[-76.868,4.046],[-76.868,4.044],[-76.872,4.04],[-76.872,4.038],[-76.867,4.033],[-76.863,4.03],[-76.857,4.031],[-76.849,4.038],[-76.841,4.039],[-76.832,4.036],[-76.828,4.034],[-76.826,4.029],[-76.825,4.021],[-76.821,4.013],[-76.816,4.008],[-76.807,4.006],[-76.795,4.008],[-76.789,4.006],[-76.779,3.999],[-76.775,3.995],[-76.772,3.995],[-76.759,3.998],[-76.751,3.998],[-76.746,3.995],[-76.741,3.989],[-76.717,3.976],[-76.694,3.966],[-76.685,3.965],[-76.678,3.966],[-76.635,4.005],[-76.63,4.009],[-76.624,4.009],[-76.607,4.002],[-76.6,4.0],[-76.596,3.997],[-76.593,3.988],[-76.594,3.973],[-76.591,3.97],[-76.569,3.988],[-76.553,4.005],[-76.539,4.016],[-76.538,4.019],[-76.542,4.025],[-76.541,4.031],[-76.542,4.044],[-76.537,4.045],[-76.536,4.053],[-76.532,4.058],[-76.525,4.062],[-76.524,4.067],[-76.515,4.067],[-76.51,4.063],[-76.505,4.064],[-76.502,4.063],[-76.499,4.064],[-76.494,4.07],[-76.49,4.081],[-76.484,4.09],[-76.48,4.094],[-76.477,4.099],[-76.473,4.104],[-76.467,4.122],[-76.457,4.14],[-76.453,4.145],[-76.445,4.176],[-76.444,4.191],[-76.447,4.205],[-76.451,4.21],[-76.451,4.216],[-76.454,4.22],[-76.454,4.225],[-76.455,4.229],[-76.458,4.231],[-76.465,4.233],[-76.468,4.232],[-76.474,4.234],[-76.496,4.246],[-76.504,4.252],[-76.51,4.271],[-76.522,4.284],[-76.524,4.314],[-76.533,4.328],[-76.541,4.333],[-76.546,4.341],[-76.548,4.349],[-76.551,4.365],[-76.549,4.389],[-76.55,4.393],[-76.554,4.395],[-76.555,4.399],[-76.552,4.401],[-76.547,4.402],[-76.546,4.398],[-76.539,4.396],[-76.537,4.397],[-76.535,4.401],[-76.525,4.404],[-76.516,4.403],[-76.513,4.404],[-76.507,4.41],[-76.504,4.41],[-76.5,4.413],[-76.499,4.412],[-76.496,4.414],[-76.492,4.413],[-76.481,4.415],[-76.474,4.423],[-76.453,4.433],[-76.448,4.441],[-76.434,4.442],[-76.433,4.446],[-76.431,4.448],[-76.426,4.447],[-76.418,4.447],[-76.417,4.455],[-76.411,4.456],[-76.409,4.458],[-76.409,4.466],[-76.401,4.474],[-76.393,4.473],[-76.387,4.481],[-76.386,4.488],[-76.383,4.493],[-76.38,4.493],[-76.371,4.49],[-76.367,4.489],[-76.364,4.491],[-76.366,4.497],[-76.369,4.498],[-76.385,4.521],[-76.392,4.525],[-76.397,4.533],[-76.397,4.539],[-76.388,4.545],[-76.382,4.558],[-76.379,4.559],[-76.364,4.558],[-76.346,4.56],[-76.344,4.562],[-76.344,4.576],[-76.34,4.583],[-76.333,4.587],[-76.327,4.599],[-76.318,4.608],[-76.319,4.621],[-76.318,4.624],[-76.313,4.629],[-76.3,4.654],[-76.301,4.669],[-76.296,4.687],[-76.296,4.697],[-76.291,4.703],[-76.288,4.712],[-76.291,4.723],[-76.302,4.736],[-76.306,4.744],[-76.306,4.754],[-76.305,4.759],[-76.299,4.759],[-76.284,4.77],[-76.273,4.775],[-76.26,4.791],[-76.233,4.808],[-76.223,4.82],[-76.211,4.83],[-76.194,4.829],[-76.182,4.833],[-76.174,4.832],[-76.164,4.835],[-76.153,4.836],[-76.137,4.842],[-76.135,4.852],[-76.131,4.856],[-76.131,4.862],[-76.126,4.875],[-76.121,4.877],[-76.117,4.881],[-76.117,4.886],[-76.114,4.89],[-76.107,4.914],[-76.098,4.922],[-76.094,4.941],[-76.091,4.947],[-76.092,4.984],[-76.098,4.995],[-76.098,5.0],[-76.094,5.011],[-76.097,5.03],[-76.096,5.035],[-76.092,5.037],[-76.079,5.035],[-76.078,5.036],[-76.068,5.024],[-76.066,5.017],[-76.064,5.015],[-76.058,5.014],[-76.054,5.01],[-76.05,5.008],[-76.049,5.0],[-76.045,4.994],[-76.046,4.987],[-76.043,4.984],[-76.039,4.973],[-76.035,4.966],[-76.034,4.957],[-76.032,4.954],[-76.027,4.938],[-76.021,4.936],[-76.013,4.93],[-76.012,4.926],[-76.002,4.921],[-75.992,4.912],[-75.988,4.912],[-75.987,4.903],[-75.99,4.881],[-75.989,4.873],[-75.971,4.859],[-75.956,4.864],[-75.945,4.857],[-75.928,4.863],[-75.925,4.867],[-75.921,4.869],[-75.915,4.875],[-75.912,4.861],[-75.901,4.854],[-75.902,4.849],[-75.906,4.849],[-75.907,4.846],[-75.903,4.837],[-75.911,4.826],[-75.91,4.817],[-75.912,4.815],[-75.918,4.814],[-75.918,4.816],[-75.921,4.817],[-75.927,4.812],[-75.934,4.81],[-75.936,4.807],[-75.931,4.806],[-75.932,4.803],[-75.931,4.8],[-75.927,4.8],[-75.923,4.802],[-75.922,4.798],[-75.918,4.794],[-75.919,4.79],[-75.921,4.788],[-75.927,4.788],[-75.929,4.784],[-75.922,4.781],[-75.922,4.777],[-75.928,4.78],[-75.927,4.774],[-75.929,4.77],[-75.928,4.766],[-75.926,4.767],[-75.925,4.77],[-75.92,4.769],[-75.92,4.768],[-75.924,4.763],[-75.924,4.761],[-75.922,4.76],[-75.92,4.76],[-75.915,4.764],[-75.913,4.761],[-75.917,4.757],[-75.907,4.752],[-75.898,4.759],[-75.889,4.755],[-75.879,4.763],[-75.878,4.769],[-75.87,4.775],[-75.863,4.774],[-75.857,4.778],[-75.851,4.779],[-75.848,4.776],[-75.848,4.774],[-75.847,4.772],[-75.847,4.769],[-75.845,4.766],[-75.845,4.76],[-75.847,4.756],[-75.846,4.748],[-75.849,4.738],[-75.856,4.731],[-75.856,4.728],[-75.851,4.732],[-75.847,4.731],[-75.844,4.728],[-75.843,4.729],[-75.842,4.728],[-75.831,4.737],[-75.823,4.733],[-75.821,4.734],[-75.821,4.732],[-75.819,4.734],[-75.819,4.732],[-75.815,4.73],[-75.811,4.73],[-75.812,4.728],[-75.808,4.73],[-75.808,4.728],[-75.807,4.727],[-75.806,4.728],[-75.803,4.729],[-75.801,4.726],[-75.802,4.725],[-75.802,4.723],[-75.799,4.724],[-75.8,4.721],[-75.797,4.721],[-75.796,4.719],[-75.794,4.72],[-75.792,4.718],[-75.792,4.717],[-75.79,4.717],[-75.79,4.718],[-75.79,4.717],[-75.788,4.719],[-75.786,4.719],[-75.785,4.722],[-75.783,4.719],[-75.78,4.72],[-75.78,4.722],[-75.779,4.721],[-75.777,4.722],[-75.777,4.721],[-75.775,4.721],[-75.775,4.719],[-75.773,4.72],[-75.773,4.718],[-75.771,4.719],[-75.773,4.717],[-75.77,4.714],[-75.764,4.716],[-75.761,4.711],[-75.758,4.712],[-75.758,4.71],[-75.754,4.71],[-75.754,4.712],[-75.753,4.71],[-75.751,4.712],[-75.75,4.711],[-75.747,4.713],[-75.747,4.711],[-75.745,4.712],[-75.744,4.71],[-75.742,4.712],[-75.739,4.711],[-75.739,4.709],[-75.735,4.71],[-75.734,4.708],[-75.733,4.71],[-75.731,4.708],[-75.731,4.711],[-75.73,4.708],[-75.729,4.71],[-75.727,4.709],[-75.725,4.711],[-75.722,4.712],[-75.721,4.711],[-75.72,4.712],[-75.714,4.713],[-75.708,4.678],[-75.705,4.656],[-75.706,4.655],[-75.716,4.652],[-75.723,4.654],[-75.725,4.652],[-75.739,4.655],[-75.758,4.651],[-75.761,4.653],[-75.762,4.652],[-75.763,4.653],[-75.768,4.652],[-75.774,4.655],[-75.774,4.653],[-75.778,4.655],[-75.779,4.653],[-75.78,4.654],[-75.782,4.653],[-75.782,4.657],[-75.784,4.659],[-75.789,4.66],[-75.794,4.66],[-75.796,4.658],[-75.798,4.66],[-75.802,4.66],[-75.807,4.658],[-75.807,4.656],[-75.809,4.659],[-75.814,4.659],[-75.817,4.662],[-75.82,4.661],[-75.823,4.664],[-75.826,4.663],[-75.827,4.655],[-75.829,4.652],[-75.835,4.645],[-75.845,4.641],[-75.849,4.638],[-75.851,4.628],[-75.853,4.624],[-75.86,4.617],[-75.864,4.615],[-75.866,4.608],[-75.861,4.601],[-75.86,4.596],[-75.861,4.593],[-75.869,4.588],[-75.872,4.582],[-75.872,4.579],[-75.866,4.573],[-75.865,4.57],[-75.866,4.563],[-75.868,4.563],[-75.87,4.559],[-75.876,4.556],[-75.876,4.551],[-75.871,4.546],[-75.872,4.544],[-75.879,4.539],[-75.881,4.535],[-75.881,4.531],[-75.879,4.527],[-75.872,4.524],[-75.87,4.519],[-75.873,4.5],[-75.876,4.488],[-75.879,4.487],[-75.879,4.485],[-75.874,4.48],[-75.873,4.473],[-75.874,4.471],[-75.88,4.469],[-75.88,4.465],[-75.875,4.458],[-75.865,4.454],[-75.866,4.453],[-75.872,4.452],[-75.876,4.449],[-75.886,4.447],[-75.887,4.445],[-75.884,4.443],[-75.884,4.441],[-75.888,4.438],[-75.889,4.427],[-75.891,4.426],[-75.894,4.428],[-75.896,4.426],[-75.893,4.42],[-75.895,4.417],[-75.894,4.415],[-75.887,4.412],[-75.88,4.412],[-75.878,4.41],[-75.867,4.41],[-75.862,4.411],[-75.858,4.416],[-75.851,4.411],[-75.853,4.407],[-75.846,4.407],[-75.843,4.403],[-75.835,4.402],[-75.832,4.406],[-75.82,4.406],[-75.819,4.402],[-75.815,4.403],[-75.812,4.403],[-75.809,4.398],[-75.803,4.396],[-75.803,4.393],[-75.801,4.392],[-75.801,4.389],[-75.805,4.381],[-75.803,4.374],[-75.804,4.368],[-75.799,4.365],[-75.796,4.36],[-75.789,4.354],[-75.789,4.351],[-75.791,4.349],[-75.797,4.314],[-75.794,4.31],[-75.794,4.304],[-75.787,4.293],[-75.793,4.289],[-75.794,4.286],[-75.793,4.284],[-75.797,4.278],[-75.796,4.269],[-75.798,4.265],[-75.808,4.256],[-75.812,4.245],[-75.816,4.242],[-75.819,4.233],[-75.824,4.226],[-75.825,4.214],[-75.822,4.204],[-75.823,4.193],[-75.828,4.181],[-75.834,4.172],[-75.837,4.161],[-75.843,4.152],[-75.841,4.133],[-75.842,4.125],[-75.836,4.114],[-75.835,4.111],[-75.837,4.106],[-75.84,4.102],[-75.837,4.099],[-75.827,4.1],[-75.8,4.092],[-75.794,4.088],[-75.783,4.088],[-75.782,4.085],[-75.781,4.075],[-75.78,4.074],[-75.755,4.076],[-75.753,4.077]]]]}},{"type":"Feature","properties":{"name":"Norte de Santander","iso":"CO-NSA"},"geometry":{"type":"MultiPolygon","coordinates":[[[[-73.637,7.749],[-73.632,7.749],[-73.629,7.747],[-73.613,7.743],[-73.588,7.741],[-73.585,7.74],[-73.581,7.739],[-73.572,7.733],[-73.56,7.728],[-73.552,7.713],[-73.548,7.711],[-73.54,7.71],[-73.534,7.706],[-73.531,7.706],[-73.528,7.708],[-73.525,7.708],[-73.522,7.707],[-73.519,7.697],[-73.509,7.685],[-73.49,7.676],[-73.482,7.677],[-73.481,7.681],[-73.469,7.684],[-73.462,7.692],[-73.455,7.695],[-73.441,7.695],[-73.432,7.701],[-73.428,7.708],[-73.423,7.709],[-73.409,7.72],[-73.407,7.726],[-73.405,7.734],[-73.398,7.744],[-73.397,7.749],[-73.385,7.759],[-73.377,7.76],[-73.373,7.77],[-73.37,7.774],[-73.368,7.774],[-73.363,7.777],[-73.359,7.789],[-73.354,7.79],[-73.351,7.795],[-73.348,7.81],[-73.344,7.813],[-73.344,7.818],[-73.347,7.82],[-73.349,7.827],[-73.346,7.83],[-73.348,7.849],[-73.35,7.855],[-73.355,7.86],[-73.353,7.864],[-73.353,7.868],[-73.35,7.87],[-73.35,7.873],[-73.353,7.876],[-73.35,7.88],[-73.352,7.89],[-73.351,7.894],[-73.347,7.899],[-73.334,7.905],[-73.33,7.904],[-73.325,7.908],[-73.32,7.908],[-73.313,7.905],[-73.308,7.908],[-73.305,7.907],[-73.304,7.908],[-73.304,7.914],[-73.302,7.923],[-73.29,7.927],[-73.287,7.933],[-73.28,7.936],[-73.278,7.94],[-73.279,7.941],[-73.276,7.945],[-73.276,7.959],[-73.278,7.986],[-73.281,7.993],[-73.289,7.992],[-73.298,7.984],[-73.299,7.994],[-73.304,7.998],[-73.301,8.004],[-73.302,8.007],[-73.309,8.016],[-73.324,8.015],[-73.33,8.022],[-73.332,8.022],[-73.343,8.017],[-73.352,8.018],[-73.358,8.016],[-73.36,8.013],[-73.366,8.013],[-73.366,8.023],[-73.37,8.032],[-73.372,8.042],[-73.376,8.053],[-73.372,8.068],[-73.373,8.073],[-73.373,8.081],[-73.375,8.085],[-73.375,8.098],[-73.377,8.106],[-73.384,8.111],[-73.39,8.111],[-73.398,8.115],[-73.404,8.113],[-73.408,8.115],[-73.414,8.125],[-73.416,8.132],[-73.426,8.14],[-73.433,8.141],[-73.435,8.147],[-73.434,8.153],[-73.43,8.159],[-73.429,8.182],[-73.418,8.187],[-73.415,8.192],[-73.415,8.2],[-73.41,8.205],[-73.407,8.213],[-73.408,8.219],[-73.406,8.226],[-73.409,8.233],[-73.405,8.238],[-73.404,8.246],[-73.4,8.246],[-73.398,8.25],[-73.394,8.252],[-73.388,8.258],[-73.384,8.258],[-73.376,8.265],[-73.374,8.273],[-73.37,8.277],[-73.377,8.292],[-73.376,8.301],[-73.377,8.303],[-73.377,8.306],[-73.374,8.307],[-73.377,8.315],[-73.375,8.317],[-73.375,8.32],[-73.358,8.33],[-73.354,8.331],[-73.351,8.331],[-73.35,8.333],[-73.353,8.347],[-73.352,8.354],[-73.353,8.366],[-73.348,8.389],[-73.346,8.391],[-73.356,8.405],[-73.356,8.407],[-73.35,8.411],[-73.35,8.414],[-73.353,8.417],[-73.356,8.429],[-73.36,8.432],[-73.362,8.443],[-73.369,8.443],[-73.371,8.445],[-73.373,8.456],[-73.377,8.461],[-73.382,8.459],[-73.391,8.46],[-73.395,8.458],[-73.404,8.456],[-73.414,8.46],[-73.415,8.453],[-73.415,8.443],[-73.411,8.433],[-73.411,8.428],[-73.408,8.424],[-73.402,8.423],[-73.402,8.421],[-73.399,8.418],[-73.404,8.411],[-73.404,8.408],[-73.398,8.395],[-73.398,8.39],[-73.393,8.383],[-73.398,8.376],[-73.401,8.376],[-73.404,8.373],[-73.411,8.371],[-73.409,8.367],[-73.415,8.366],[-73.419,8.368],[-73.421,8.367],[-73.426,8.361],[-73.429,8.367],[-73.433,8.366],[-73.437,8.359],[-73.437,8.353],[-73.442,8.341],[-73.456,8.345],[-73.459,8.348],[-73.461,8.354],[-73.456,8.362],[-73.463,8.363],[-73.47,8.367],[-73.473,8.366],[-73.478,8.366],[-73.48,8.372],[-73.479,8.377],[-73.483,8.381],[-73.494,8.384],[-73.518,8.384],[-73.527,8.383],[-73.524,8.386],[-73.519,8.387],[-73.516,8.396],[-73.51,8.4],[-73.497,8.411],[-73.488,8.436],[-73.472,8.448],[-73.472,8.46],[-73.475,8.468],[-73.48,8.473],[-73.5,8.48],[-73.521,8.482],[-73.527,8.481],[-73.534,8.477],[-73.55,8.473],[-73.552,8.476],[-73.56,8.481],[-73.562,8.491],[-73.575,8.491],[-73.578,8.5],[-73.575,8.506],[-73.555,8.507],[-73.547,8.514],[-73.545,8.518],[-73.532,8.527],[-73.529,8.529],[-73.522,8.526],[-73.517,8.527],[-73.515,8.545],[-73.509,8.553],[-73.511,8.562],[-73.51,8.568],[-73.515,8.571],[-73.517,8.578],[-73.517,8.585],[-73.51,8.597],[-73.513,8.605],[-73.512,8.615],[-73.51,8.62],[-73.51,8.626],[-73.508,8.631],[-73.51,8.634],[-73.52,8.636],[-73.522,8.643],[-73.522,8.658],[-73.515,8.663],[-73.515,8.672],[-73.508,8.679],[-73.505,8.687],[-73.495,8.69],[-73.489,8.697],[-73.477,8.704],[-73.472,8.709],[-73.474,8.711],[-73.474,8.718],[-73.471,8.728],[-73.464,8.742],[-73.458,8.75],[-73.447,8.754],[-73.439,8.761],[-73.419,8.764],[-73.414,8.767],[-73.415,8.775],[-73.412,8.782],[-73.418,8.788],[-73.423,8.799],[-73.428,8.822],[-73.429,8.834],[-73.445,8.854],[-73.448,8.863],[-73.448,8.871],[-73.44,8.87],[-73.434,8.871],[-73.433,8.873],[-73.426,8.898],[-73.431,8.926],[-73.432,8.941],[-73.439,8.975],[-73.436,9.0],[-73.433,9.001],[-73.426,9.009],[-73.422,9.019],[-73.423,9.025],[-73.417,9.032],[-73.415,9.057],[-73.416,9.085],[-73.421,9.094],[-73.428,9.1],[-73.428,9.107],[-73.424,9.124],[-73.417,9.131],[-73.411,9.155],[-73.407,9.161],[-73.402,9.163],[-73.399,9.162],[-73.393,9.157],[-73.389,9.154],[-73.38,9.153],[-73.368,9.161],[-73.364,9.177],[-73.36,9.187],[-73.36,9.193],[-73.357,9.202],[-73.353,9.211],[-73.349,9.213],[-73.347,9.211],[-73.346,9.206],[-73.35,9.2],[-73.351,9.188],[-73.348,9.184],[-73.348,9.179],[-73.349,9.177],[-73.347,9.173],[-73.338,9.173],[-73.328,9.17],[-73.317,9.169],[-73.301,9.171],[-73.28,9.163],[-73.277,9.163],[-73.276,9.165],[-73.272,9.163],[-73.267,9.164],[-73.263,9.161],[-73.257,9.163],[-73.255,9.16],[-73.253,9.163],[-73.253,9.159],[-73.25,9.158],[-73.248,9.16],[-73.244,9.167],[-73.242,9.167],[-73.241,9.165],[-73.239,9.166],[-73.239,9.168],[-73.235,9.174],[-73.229,9.176],[-73.225,9.175],[-73.222,9.179],[-73.215,9.18],[-73.214,9.184],[-73.213,9.181],[-73.21,9.18],[-73.21,9.178],[-73.207,9.179],[-73.207,9.181],[-73.205,9.18],[-73.205,9.177],[-73.203,9.18],[-73.201,9.178],[-73.196,9.178],[-73.193,9.174],[-73.188,9.176],[-73.185,9.175],[-73.181,9.177],[-73.177,9.177],[-73.172,9.18],[-73.172,9.183],[-73.169,9.184],[-73.168,9.187],[-73.167,9.186],[-73.163,9.192],[-73.158,9.192],[-73.159,9.195],[-73.15,9.199],[-73.153,9.205],[-73.153,9.21],[-73.148,9.209],[-73.147,9.212],[-73.145,9.211],[-73.144,9.213],[-73.142,9.213],[-73.14,9.216],[-73.137,9.215],[-73.136,9.218],[-73.132,9.219],[-73.133,9.223],[-73.13,9.225],[-73.132,9.226],[-73.131,9.228],[-73.123,9.227],[-73.117,9.232],[-73.114,9.229],[-73.111,9.23],[-73.109,9.228],[-73.107,9.231],[-73.103,9.229],[-73.102,9.229],[-73.099,9.227],[-73.096,9.227],[-73.09,9.226],[-73.088,9.227],[-73.089,9.23],[-73.086,9.236],[-73.082,9.24],[-73.079,9.239],[-73.074,9.243],[-73.077,9.246],[-73.078,9.251],[-73.076,9.257],[-73.073,9.263],[-73.07,9.265],[-73.064,9.259],[-73.064,9.263],[-73.058,9.263],[-73.056,9.261],[-73.054,9.261],[-73.054,9.259],[-73.051,9.258],[-73.046,9.263],[-73.045,9.261],[-73.043,9.262],[-73.044,9.269],[-73.04,9.271],[-73.036,9.282],[-73.033,9.283],[-73.032,9.286],[-73.029,9.281],[-73.027,9.28],[-73.026,9.282],[-73.026,9.286],[-73.011,9.291],[-73.003,9.286],[-73.006,9.275],[-72.997,9.274],[-72.994,9.271],[-72.994,9.266],[-72.997,9.261],[-72.996,9.259],[-72.994,9.256],[-72.987,9.255],[-72.986,9.253],[-72.986,9.248],[-72.989,9.244],[-72.988,9.238],[-72.988,9.229],[-72.996,9.227],[-72.996,9.221],[-72.994,9.22],[-72.986,9.223],[-72.983,9.221],[-72.98,9.216],[-72.971,9.213],[-72.969,9.207],[-72.964,9.199],[-72.962,9.184],[-72.959,9.182],[-72.956,9.181],[-72.959,9.175],[-72.963,9.172],[-72.963,9.166],[-72.966,9.155],[-72.974,9.154],[-72.987,9.145],[-72.987,9.142],[-72.972,9.136],[-72.969,9.128],[-72.965,9.126],[-72.958,9.111],[-72.953,9.107],[-72.95,9.107],[-72.948,9.106],[-72.947,9.102],[-72.951,9.097],[-72.948,9.092],[-72.938,9.09],[-72.936,9.085],[-72.932,9.083],[-72.921,9.088],[-72.919,9.094],[-72.916,9.093],[-72.908,9.097],[-72.897,9.098],[-72.894,9.104],[-72.887,9.103],[-72.884,9.111],[-72.887,9.115],[-72.885,9.117],[-72.884,9.128],[-72.881,9.133],[-72.867,9.129],[-72.846,9.13],[-72.835,9.122],[-72.824,9.122],[-72.822,9.125],[-72.824,9.136],[-72.823,9.14],[-72.822,9.141],[-72.812,9.135],[-72.809,9.131],[-72.808,9.127],[-72.811,9.122],[-72.811,9.121],[-72.802,9.122],[-72.797,9.12],[-72.798,9.108],[-72.796,9.103],[-72.794,9.103],[-72.791,9.105],[-72.788,9.113],[-72.785,9.115],[-72.776,9.114],[-72.777,9.106],[-72.775,9.103],[-72.769,9.106],[-72.766,9.106],[-72.763,9.093],[-72.772,9.09],[-72.773,9.086],[-72.771,9.084],[-72.764,9.085],[-72.761,9.082],[-72.763,9.077],[-72.747,9.014],[-72.719,8.935],[-72.698,8.806],[-72.655,8.615],[-72.645,8.611],[-72.643,8.609],[-72.639,8.608],[-72.636,8.601],[-72.634,8.601],[-72.635,8.604],[-72.634,8.607],[-72.629,8.606],[-72.626,8.601],[-72.632,8.601],[-72.633,8.598],[-72.632,8.597],[-72.628,8.598],[-72.617,8.595],[-72.613,8.59],[-72.612,8.587],[-72.613,8.586],[-72.616,8.588],[-72.618,8.588],[-72.616,8.583],[-72.619,8.578],[-72.614,8.58],[-72.61,8.579],[-72.428,8.381],[-72.424,8.383],[-72.42,8.383],[-72.409,8.376],[-72.408,8.371],[-72.411,8.368],[-72.416,8.368],[-72.415,8.364],[-72.411,8.364],[-72.407,8.367],[-72.403,8.365],[-72.405,8.363],[-72.403,8.355],[-72.401,8.355],[-72.401,8.36],[-72.4,8.361],[-72.392,8.357],[-72.394,8.351],[-72.389,8.35],[-72.388,8.346],[-72.389,8.344],[-72.393,8.345],[-72.395,8.344],[-72.392,8.339],[-72.395,8.332],[-72.391,8.329],[-72.395,8.326],[-72.393,8.321],[-72.389,8.32],[-72.385,8.316],[-72.382,8.316],[-72.382,8.312],[-72.38,8.31],[-72.382,8.305],[-72.38,8.306],[-72.38,8.305],[-72.386,8.304],[-72.384,8.302],[-72.386,8.299],[-72.386,8.296],[-72.383,8.295],[-72.384,8.294],[-72.387,8.293],[-72.387,8.291],[-72.384,8.29],[-72.388,8.29],[-72.389,8.287],[-72.387,8.287],[-72.388,8.285],[-72.386,8.283],[-72.388,8.28],[-72.384,8.278],[-72.389,8.269],[-72.39,8.26],[-72.393,8.259],[-72.391,8.255],[-72.394,8.252],[-72.392,8.251],[-72.391,8.254],[-72.386,8.253],[-72.386,8.252],[-72.388,8.251],[-72.386,8.246],[-72.384,8.245],[-72.382,8.247],[-72.38,8.247],[-72.387,8.242],[-72.384,8.236],[-72.381,8.235],[-72.384,8.232],[-72.381,8.225],[-72.378,8.224],[-72.377,8.22],[-72.38,8.219],[-72.375,8.215],[-72.377,8.21],[-72.375,8.205],[-72.373,8.203],[-72.372,8.204],[-72.372,8.201],[-72.369,8.201],[-72.369,8.199],[-72.373,8.198],[-72.374,8.195],[-72.373,8.194],[-72.368,8.196],[-72.367,8.192],[-72.369,8.193],[-72.37,8.192],[-72.368,8.19],[-72.362,8.191],[-72.364,8.19],[-72.364,8.188],[-72.366,8.188],[-72.367,8.184],[-72.364,8.185],[-72.364,8.182],[-72.361,8.182],[-72.362,8.18],[-72.36,8.179],[-72.362,8.178],[-72.357,8.174],[-72.36,8.173],[-72.358,8.173],[-72.359,8.171],[-72.357,8.168],[-72.354,8.166],[-72.356,8.163],[-72.354,8.162],[-72.354,8.157],[-72.352,8.157],[-72.355,8.157],[-72.354,8.155],[-72.359,8.153],[-72.359,8.151],[-72.364,8.151],[-72.366,8.149],[-72.364,8.146],[-72.367,8.142],[-72.366,8.14],[-72.362,8.14],[-72.365,8.136],[-72.363,8.134],[-72.361,8.134],[-72.362,8.132],[-72.364,8.132],[-72.365,8.13],[-72.364,8.128],[-72.362,8.128],[-72.362,8.126],[-72.361,8.126],[-72.362,8.124],[-72.359,8.12],[-72.36,8.119],[-72.362,8.12],[-72.362,8.119],[-72.365,8.119],[-72.366,8.118],[-72.368,8.117],[-72.368,8.114],[-72.371,8.114],[-72.37,8.112],[-72.372,8.111],[-72.373,8.106],[-72.374,8.106],[-72.372,8.105],[-72.373,8.102],[-72.371,8.094],[-72.366,8.091],[-72.358,8.089],[-72.351,8.08],[-72.352,8.072],[-72.348,8.058],[-72.348,8.046],[-72.346,8.038],[-72.35,8.033],[-72.354,8.032],[-72.354,8.028],[-72.355,8.027],[-72.347,8.018],[-72.347,8.016],[-72.351,8.012],[-72.349,8.005],[-72.352,8.005],[-72.354,8.007],[-72.362,8.01],[-72.365,8.018],[-72.377,8.026],[-72.378,8.03],[-72.383,8.034],[-72.389,8.035],[-72.395,8.032],[-72.398,8.032],[-72.403,8.035],[-72.416,8.034],[-72.412,8.021],[-72.418,8.016],[-72.417,8.011],[-72.421,8.009],[-72.42,8.003],[-72.417,8.0],[-72.419,7.995],[-72.427,7.989],[-72.429,7.989],[-72.433,7.992],[-72.438,7.99],[-72.44,7.985],[-72.443,7.983],[-72.44,7.98],[-72.441,7.975],[-72.446,7.973],[-72.446,7.968],[-72.45,7.966],[-72.456,7.966],[-72.463,7.963],[-72.467,7.963],[-72.47,7.961],[-72.473,7.961],[-72.476,7.959],[-72.475,7.955],[-72.483,7.951],[-72.483,7.948],[-72.488,7.944],[-72.486,7.94],[-72.487,7.937],[-72.484,7.934],[-72.484,7.931],[-72.481,7.929],[-72.479,7.926],[-72.476,7.93],[-72.474,7.929],[-72.477,7.923],[-72.474,7.923],[-72.473,7.924],[-72.466,7.922],[-72.467,7.918],[-72.464,7.918],[-72.461,7.912],[-72.458,7.91],[-72.458,7.908],[-72.462,7.908],[-72.461,7.905],[-72.461,7.903],[-72.459,7.901],[-72.459,7.891],[-72.457,7.89],[-72.458,7.888],[-72.456,7.885],[-72.457,7.882],[-72.453,7.878],[-72.451,7.872],[-72.448,7.871],[-72.449,7.865],[-72.444,7.858],[-72.446,7.85],[-72.447,7.848],[-72.446,7.846],[-72.45,7.838],[-72.448,7.834],[-72.45,7.832],[-72.447,7.828],[-72.449,7.827],[-72.449,7.822],[-72.452,7.819],[-72.451,7.816],[-72.454,7.814],[-72.455,7.809],[-72.459,7.806],[-72.462,7.801],[-72.465,7.8],[-72.468,7.795],[-72.47,7.789],[-72.468,7.777],[-72.471,7.767],[-72.471,7.762],[-72.474,7.759],[-72.473,7.754],[-72.474,7.752],[-72.472,7.746],[-72.471,7.734],[-72.473,7.718],[-72.471,7.714],[-72.472,7.712],[-72.469,7.706],[-72.474,7.698],[-72.475,7.681],[-72.472,7.67],[-72.475,7.663],[-72.474,7.658],[-72.476,7.656],[-72.473,7.652],[-72.475,7.648],[-72.477,7.647],[-72.474,7.641],[-72.476,7.633],[-72.476,7.629],[-72.473,7.626],[-72.473,7.625],[-72.472,7.623],[-72.467,7.609],[-72.468,7.607],[-72.466,7.601],[-72.467,7.599],[-72.465,7.596],[-72.465,7.592],[-72.461,7.589],[-72.46,7.587],[-72.456,7.582],[-72.457,7.58],[-72.454,7.572],[-72.453,7.56],[-72.456,7.553],[-72.457,7.545],[-72.459,7.543],[-72.461,7.538],[-72.465,7.537],[-72.468,7.533],[-72.467,7.53],[-72.472,7.525],[-72.471,7.523],[-72.474,7.52],[-72.473,7.518],[-72.474,7.514],[-72.473,7.513],[-72.474,7.512],[-72.475,7.503],[-72.473,7.497],[-72.476,7.488],[-72.474,7.486],[-72.471,7.485],[-72.47,7.483],[-72.461,7.482],[-72.456,7.473],[-72.455,7.47],[-72.45,7.466],[-72.447,7.462],[-72.445,7.455],[-72.445,7.449],[-72.442,7.446],[-72.442,7.442],[-72.443,7.44],[-72.441,7.432],[-72.442,7.421],[-72.437,7.411],[-72.439,7.403],[-72.386,7.395],[-72.38,7.398],[-72.373,7.398],[-72.372,7.396],[-72.36,7.394],[-72.354,7.397],[-72.346,7.393],[-72.341,7.388],[-72.338,7.388],[-72.326,7.376],[-72.32,7.377],[-72.314,7.381],[-72.312,7.381],[-72.311,7.385],[-72.304,7.39],[-72.294,7.391],[-72.278,7.384],[-72.269,7.382],[-72.266,7.384],[-72.262,7.381],[-72.252,7.38],[-72.247,7.388],[-72.242,7.392],[-72.22,7.395],[-72.215,7.393],[-72.214,7.391],[-72.211,7.391],[-72.21,7.39],[-72.206,7.388],[-72.203,7.388],[-72.202,7.386],[-72.196,7.384],[-72.197,7.381],[-72.194,7.378],[-72.189,7.375],[-72.188,7.371],[-72.184,7.367],[-72.184,7.363],[-72.179,7.354],[-72.175,7.349],[-72.173,7.348],[-72.172,7.345],[-72.154,7.327],[-72.156,7.322],[-72.16,7.32],[-72.16,7.31],[-72.165,7.303],[-72.172,7.288],[-72.168,7.277],[-72.169,7.271],[-72.171,7.269],[-72.175,7.258],[-72.171,7.255],[-72.171,7.252],[-72.174,7.252],[-72.048,7.039],[-72.048,7.038],[-72.058,7.038],[-72.073,7.044],[-72.079,7.045],[-72.082,7.045],[-72.088,7.04],[-72.095,7.037],[-72.116,7.034],[-72.121,7.031],[-72.132,7.031],[-72.139,7.034],[-72.154,7.035],[-72.155,7.041],[-72.16,7.043],[-72.159,7.047],[-72.165,7.049],[-72.175,7.055],[-72.185,7.053],[-72.19,7.047],[-72.198,7.043],[-72.198,7.032],[-72.204,7.024],[-72.203,7.013],[-72.201,7.011],[-72.2,7.007],[-72.203,7.004],[-72.21,7.003],[-72.213,7.001],[-72.218,6.992],[-72.219,6.986],[-72.232,6.984],[-72.237,6.98],[-72.246,6.977],[-72.255,6.983],[-72.255,6.985],[-72.253,7.001],[-72.25,7.005],[-72.256,7.009],[-72.268,7.01],[-72.272,7.015],[-72.276,7.015],[-72.281,7.011],[-72.294,6.992],[-72.294,6.986],[-72.302,6.972],[-72.302,6.963],[-72.307,6.945],[-72.321,6.924],[-72.327,6.92],[-72.328,6.917],[-72.333,6.915],[-72.337,6.91],[-72.349,6.901],[-72.349,6.893],[-72.352,6.89],[-72.358,6.893],[-72.362,6.894],[-72.379,6.883],[-72.384,6.877],[-72.392,6.873],[-72.406,6.873],[-72.41,6.875],[-72.419,6.879],[-72.431,6.883],[-72.442,6.892],[-72.462,6.901],[-72.472,6.912],[-72.485,6.922],[-72.485,6.926],[-72.483,6.93],[-72.488,6.929],[-72.492,6.922],[-72.496,6.921],[-72.5,6.914],[-72.501,6.909],[-72.504,6.909],[-72.507,6.906],[-72.508,6.886],[-72.513,6.887],[-72.516,6.882],[-72.53,6.884],[-72.537,6.889],[-72.544,6.889],[-72.546,6.891],[-72.549,6.897],[-72.547,6.903],[-72.551,6.912],[-72.551,6.916],[-72.552,6.923],[-72.542,6.935],[-72.543,6.953],[-72.549,6.961],[-72.553,6.969],[-72.552,6.987],[-72.562,6.998],[-72.563,7.001],[-72.574,7.002],[-72.585,6.997],[-72.589,6.999],[-72.595,6.991],[-72.599,6.99],[-72.612,6.994],[-72.618,6.988],[-72.621,6.987],[-72.638,6.989],[-72.649,6.997],[-72.652,6.997],[-72.657,6.992],[-72.657,6.985],[-72.66,6.981],[-72.665,6.977],[-72.666,6.972],[-72.671,6.979],[-72.674,6.989],[-72.679,6.997],[-72.677,7.008],[-72.681,7.007],[-72.685,7.01],[-72.689,7.009],[-72.694,7.007],[-72.698,7.0],[-72.703,7.005],[-72.71,7.006],[-72.722,7.006],[-72.726,6.994],[-72.734,6.988],[-72.742,6.997],[-72.743,7.012],[-72.752,7.027],[-72.751,7.035],[-72.756,7.041],[-72.757,7.048],[-72.75,7.06],[-72.758,7.059],[-72.764,7.061],[-72.775,7.059],[-72.779,7.056],[-72.78,7.052],[-72.784,7.05],[-72.786,7.049],[-72.79,7.049],[-72.793,7.053],[-72.794,7.063],[-72.8,7.072],[-72.811,7.075],[-72.819,7.072],[-72.822,7.077],[-72.819,7.09],[-72.826,7.094],[-72.835,7.095],[-72.838,7.099],[-72.838,7.102],[-72.835,7.106],[-72.836,7.117],[-72.843,7.122],[-72.844,7.125],[-72.85,7.13],[-72.851,7.136],[-72.853,7.139],[-72.856,7.14],[-72.855,7.148],[-72.859,7.155],[-72.848,7.163],[-72.842,7.17],[-72.841,7.173],[-72.843,7.188],[-72.84,7.191],[-72.842,7.193],[-72.837,7.198],[-72.832,7.199],[-72.832,7.208],[-72.842,7.206],[-72.851,7.215],[-72.856,7.217],[-72.858,7.222],[-72.858,7.227],[-72.866,7.234],[-72.867,7.24],[-72.865,7.246],[-72.868,7.251],[-72.868,7.257],[-72.877,7.266],[-72.872,7.27],[-72.87,7.273],[-72.871,7.277],[-72.863,7.283],[-72.856,7.285],[-72.854,7.288],[-72.847,7.295],[-72.84,7.298],[-72.834,7.303],[-72.835,7.306],[-72.838,7.307],[-72.842,7.316],[-72.84,7.321],[-72.841,7.327],[-72.84,7.331],[-72.84,7.342],[-72.842,7.344],[-72.84,7.35],[-72.837,7.355],[-72.838,7.359],[-72.841,7.362],[-72.855,7.362],[-72.855,7.365],[-72.852,7.368],[-72.852,7.373],[-72.865,7.386],[-72.874,7.392],[-72.877,7.401],[-72.877,7.406],[-72.883,7.41],[-72.884,7.415],[-72.892,7.42],[-72.893,7.427],[-72.896,7.428],[-72.9,7.435],[-72.902,7.446],[-72.894,7.472],[-72.896,7.48],[-72.899,7.481],[-72.902,7.477],[-72.908,7.482],[-72.91,7.488],[-72.915,7.491],[-72.922,7.492],[-72.928,7.495],[-72.931,7.504],[-72.937,7.506],[-72.939,7.513],[-72.945,7.515],[-72.954,7.516],[-72.957,7.519],[-72.962,7.519],[-72.97,7.523],[-72.978,7.529],[-72.977,7.539],[-72.985,7.55],[-72.984,7.557],[-72.987,7.563],[-72.989,7.586],[-72.989,7.597],[-72.985,7.606],[-72.981,7.609],[-72.98,7.612],[-72.983,7.62],[-72.988,7.618],[-72.998,7.618],[-73.01,7.623],[-73.024,7.621],[-73.028,7.623],[-73.035,7.623],[-73.039,7.621],[-73.041,7.614],[-73.048,7.607],[-73.057,7.606],[-73.064,7.61],[-73.069,7.609],[-73.078,7.612],[-73.085,7.609],[-73.089,7.61],[-73.1,7.62],[-73.108,7.614],[-73.116,7.612],[-73.117,7.61],[-73.123,7.607],[-73.131,7.614],[-73.157,7.62],[-73.165,7.626],[-73.174,7.621],[-73.181,7.62],[-73.191,7.623],[-73.195,7.628],[-73.197,7.627],[-73.204,7.629],[-73.21,7.627],[-73.213,7.627],[-73.216,7.632],[-73.221,7.633],[-73.228,7.629],[-73.229,7.626],[-73.234,7.621],[-73.241,7.611],[-73.246,7.599],[-73.259,7.588],[-73.258,7.579],[-73.25,7.567],[-73.248,7.56],[-73.252,7.543],[-73.253,7.536],[-73.256,7.531],[-73.261,7.529],[-73.266,7.535],[-73.269,7.54],[-73.277,7.543],[-73.283,7.55],[-73.288,7.55],[-73.297,7.547],[-73.311,7.546],[-73.32,7.548],[-73.355,7.544],[-73.362,7.546],[-73.364,7.554],[-73.369,7.56],[-73.367,7.565],[-73.375,7.569],[-73.385,7.58],[-73.391,7.578],[-73.393,7.579],[-73.397,7.578],[-73.397,7.575],[-73.396,7.571],[-73.397,7.568],[-73.406,7.566],[-73.413,7.566],[-73.417,7.57],[-73.421,7.57],[-73.422,7.572],[-73.428,7.569],[-73.441,7.574],[-73.465,7.575],[-73.474,7.58],[-73.476,7.585],[-73.484,7.589],[-73.484,7.593],[-73.488,7.593],[-73.49,7.592],[-73.492,7.594],[-73.491,7.602],[-73.498,7.608],[-73.5,7.615],[-73.503,7.62],[-73.515,7.633],[-73.517,7.637],[-73.518,7.655],[-73.525,7.666],[-73.53,7.667],[-73.545,7.665],[-73.555,7.672],[-73.556,7.675],[-73.555,7.678],[-73.55,7.679],[-73.548,7.681],[-73.547,7.689],[-73.557,7.706],[-73.566,7.713],[-73.575,7.726],[-73.593,7.727],[-73.608,7.729],[-73.613,7.732],[-73.622,7.74],[-73.628,7.741],[-73.634,7.748],[-73.637,7.749]]]]}},{"type":"Feature","properties":{"name":"Quindío","iso":"CO-QUI"},"geometry":{"type":"MultiPolygon","coordinates":[[[[-75.388,4.716],[-75.385,4.709],[-75.385,4.702],[-75.389,4.698],[-75.398,4.693],[-75.404,4.686],[-75.409,4.677],[-75.418,4.667],[-75.423,4.656],[-75.418,4.639],[-75.416,4.625],[-75.421,4.61],[-75.428,4.609],[-75.431,4.606],[-75.432,4.603],[-75.45,4.603],[-75.468,4.599],[-75.471,4.589],[-75.475,4.586],[-75.484,4.581],[-75.488,4.576],[-75.488,4.572],[-75.492,4.568],[-75.5,4.564],[-75.505,4.559],[-75.515,4.556],[-75.518,4.551],[-75.519,4.547],[-75.522,4.544],[-75.523,4.535],[-75.522,4.528],[-75.527,4.516],[-75.524,4.502],[-75.525,4.496],[-75.535,4.495],[-75.547,4.48],[-75.555,4.473],[-75.559,4.473],[-75.569,4.462],[-75.571,4.457],[-75.578,4.454],[-75.576,4.445],[-75.577,4.438],[-75.578,4.433],[-75.583,4.429],[-75.583,4.427],[-75.583,4.424],[-75.58,4.422],[-75.579,4.417],[-75.58,4.412],[-75.579,4.406],[-75.583,4.394],[-75.583,4.387],[-75.591,4.377],[-75.589,4.375],[-75.588,4.372],[-75.591,4.364],[-75.595,4.361],[-75.594,4.353],[-75.591,4.349],[-75.595,4.346],[-75.598,4.337],[-75.6,4.335],[-75.597,4.326],[-75.594,4.325],[-75.596,4.322],[-75.595,4.317],[-75.598,4.313],[-75.597,4.307],[-75.596,4.305],[-75.601,4.302],[-75.603,4.298],[-75.604,4.29],[-75.602,4.287],[-75.597,4.284],[-75.597,4.279],[-75.6,4.276],[-75.608,4.273],[-75.616,4.272],[-75.62,4.269],[-75.623,4.258],[-75.629,4.254],[-75.63,4.243],[-75.638,4.231],[-75.654,4.229],[-75.658,4.225],[-75.66,4.217],[-75.654,4.213],[-75.656,4.204],[-75.659,4.199],[-75.662,4.199],[-75.666,4.195],[-75.671,4.184],[-75.676,4.181],[-75.684,4.171],[-75.688,4.168],[-75.692,4.161],[-75.693,4.152],[-75.692,4.142],[-75.693,4.136],[-75.697,4.132],[-75.702,4.132],[-75.706,4.127],[-75.715,4.126],[-75.719,4.121],[-75.719,4.113],[-75.726,4.112],[-75.731,4.114],[-75.734,4.113],[-75.733,4.103],[-75.744,4.098],[-75.747,4.095],[-75.751,4.086],[-75.751,4.081],[-75.753,4.077],[-75.755,4.076],[-75.78,4.074],[-75.781,4.075],[-75.782,4.085],[-75.783,4.088],[-75.794,4.088],[-75.8,4.092],[-75.827,4.1],[-75.837,4.099],[-75.84,4.102],[-75.837,4.106],[-75.835,4.111],[-75.836,4.114],[-75.842,4.125],[-75.841,4.133],[-75.843,4.152],[-75.837,4.161],[-75.834,4.172],[-75.828,4.181],[-75.823,4.193],[-75.822,4.204],[-75.825,4.214],[-75.824,4.226],[-75.819,4.233],[-75.816,4.242],[-75.812,4.245],[-75.808,4.256],[-75.798,4.265],[-75.796,4.269],[-75.797,4.278],[-75.793,4.284],[-75.794,4.286],[-75.793,4.289],[-75.787,4.293],[-75.794,4.304],[-75.794,4.31],[-75.797,4.314],[-75.791,4.349],[-75.789,4.351],[-75.789,4.354],[-75.796,4.36],[-75.799,4.365],[-75.804,4.368],[-75.803,4.374],[-75.805,4.381],[-75.801,4.389],[-75.801,4.392],[-75.803,4.393],[-75.803,4.396],[-75.809,4.398],[-75.812,4.403],[-75.815,4.403],[-75.819,4.402],[-75.82,4.406],[-75.832,4.406],[-75.835,4.402],[-75.843,4.403],[-75.846,4.407],[-75.853,4.407],[-75.851,4.411],[-75.858,4.416],[-75.862,4.411],[-75.867,4.41],[-75.878,4.41],[-75.88,4.412],[-75.887,4.412],[-75.894,4.415],[-75.895,4.417],[-75.893,4.42],[-75.896,4.426],[-75.894,4.428],[-75.891,4.426],[-75.889,4.427],[-75.888,4.438],[-75.884,4.441],[-75.884,4.443],[-75.887,4.445],[-75.886,4.447],[-75.876,4.449],[-75.872,4.452],[-75.866,4.453],[-75.865,4.454],[-75.875,4.458],[-75.88,4.465],[-75.88,4.469],[-75.874,4.471],[-75.873,4.473],[-75.874,4.48],[-75.879,4.485],[-75.879,4.487],[-75.876,4.488],[-75.873,4.5],[-75.87,4.519],[-75.872,4.524],[-75.879,4.527],[-75.881,4.531],[-75.881,4.535],[-75.879,4.539],[-75.872,4.544],[-75.871,4.546],[-75.876,4.551],[-75.876,4.556],[-75.87,4.559],[-75.868,4.563],[-75.866,4.563],[-75.865,4.57],[-75.866,4.573],[-75.872,4.579],[-75.872,4.582],[-75.869,4.588],[-75.861,4.593],[-75.86,4.596],[-75.861,4.601],[-75.866,4.608],[-75.864,4.615],[-75.86,4.617],[-75.853,4.624],[-75.851,4.628],[-75.849,4.638],[-75.845,4.641],[-75.835,4.645],[-75.829,4.652],[-75.827,4.655],[-75.826,4.663],[-75.823,4.664],[-75.82,4.661],[-75.817,4.662],[-75.814,4.659],[-75.809,4.659],[-75.807,4.656],[-75.807,4.658],[-75.802,4.66],[-75.798,4.66],[-75.796,4.658],[-75.794,4.66],[-75.789,4.66],[-75.784,4.659],[-75.782,4.657],[-75.782,4.653],[-75.78,4.654],[-75.779,4.653],[-75.778,4.655],[-75.774,4.653],[-75.774,4.655],[-75.768,4.652],[-75.763,4.653],[-75.762,4.652],[-75.761,4.653],[-75.758,4.651],[-75.739,4.655],[-75.725,4.652],[-75.723,4.654],[-75.716,4.652],[-75.706,4.655],[-75.705,4.656],[-75.708,4.678],[-75.714,4.713],[-75.712,4.717],[-75.709,4.716],[-75.703,4.721],[-75.7,4.72],[-75.697,4.721],[-75.696,4.719],[-75.693,4.72],[-75.693,4.718],[-75.692,4.719],[-75.688,4.714],[-75.684,4.715],[-75.676,4.708],[-75.67,4.707],[-75.67,4.705],[-75.668,4.702],[-75.66,4.7],[-75.657,4.7],[-75.653,4.706],[-75.647,4.708],[-75.647,4.71],[-75.641,4.706],[-75.64,4.706],[-75.639,4.703],[-75.635,4.705],[-75.63,4.703],[-75.626,4.705],[-75.621,4.701],[-75.615,4.701],[-75.611,4.706],[-75.608,4.707],[-75.607,4.709],[-75.604,4.708],[-75.603,4.709],[-75.602,4.707],[-75.595,4.703],[-75.587,4.705],[-75.586,4.7],[-75.582,4.699],[-75.567,4.701],[-75.562,4.7],[-75.552,4.703],[-75.537,4.697],[-75.533,4.695],[-75.526,4.693],[-75.521,4.694],[-75.504,4.682],[-75.499,4.673],[-75.495,4.67],[-75.484,4.665],[-75.48,4.665],[-75.476,4.667],[-75.472,4.674],[-75.466,4.68],[-75.457,4.681],[-75.448,4.68],[-75.442,4.682],[-75.44,4.685],[-75.439,4.696],[-75.437,4.697],[-75.432,4.698],[-75.425,4.694],[-75.421,4.696],[-75.413,4.698],[-75.409,4.703],[-75.407,4.71],[-75.401,4.711],[-75.395,4.717],[-75.388,4.716]]]]}},{"type":"Feature","properties":{"name":"Vichada","iso":"CO-VID"},"geometry":{"type":"MultiPolygon","coordinates":[[[[-71.077,2.882],[-71.078,3.356],[-71.078,3.577],[-71.077,4.123],[-71.078,4.582],[-71.078,4.925],[-71.068,4.918],[-71.064,4.919],[-71.061,4.922],[-71.059,4.929],[-71.055,4.933],[-71.043,4.938],[-71.032,4.946],[-71.016,4.96],[-71.007,4.97],[-71.002,4.98],[-70.999,4.998],[-70.983,5.04],[-70.985,5.047],[-70.979,5.052],[-70.979,5.056],[-70.971,5.06],[-70.97,5.063],[-70.972,5.067],[-70.97,5.07],[-70.973,5.073],[-70.973,5.076],[-70.969,5.084],[-70.96,5.093],[-70.954,5.11],[-70.94,5.13],[-70.938,5.132],[-70.924,5.137],[-70.915,5.137],[-70.896,5.147],[-70.868,5.152],[-70.856,5.154],[-70.845,5.158],[-70.839,5.165],[-70.826,5.174],[-70.824,5.176],[-70.82,5.188],[-70.798,5.204],[-70.77,5.22],[-70.745,5.245],[-70.724,5.258],[-70.716,5.268],[-70.691,5.289],[-70.677,5.32],[-70.676,5.325],[-70.678,5.332],[-70.684,5.339],[-70.681,5.35],[-70.68,5.36],[-70.69,5.371],[-70.691,5.374],[-70.689,5.382],[-70.686,5.385],[-70.677,5.388],[-70.666,5.387],[-70.652,5.387],[-70.646,5.39],[-70.636,5.401],[-70.625,5.4],[-70.618,5.403],[-70.611,5.412],[-70.606,5.421],[-70.592,5.427],[-70.577,5.428],[-70.571,5.436],[-70.567,5.449],[-70.564,5.452],[-70.557,5.452],[-70.552,5.455],[-70.529,5.473],[-70.516,5.475],[-70.513,5.479],[-70.507,5.491],[-70.491,5.499],[-70.476,5.512],[-70.461,5.518],[-70.441,5.53],[-70.424,5.533],[-70.41,5.55],[-70.396,5.56],[-70.383,5.563],[-70.378,5.568],[-70.373,5.572],[-70.366,5.584],[-70.356,5.592],[-70.349,5.589],[-70.331,5.577],[-70.315,5.568],[-70.293,5.561],[-70.287,5.561],[-70.272,5.567],[-70.257,5.568],[-70.242,5.571],[-70.226,5.586],[-70.216,5.59],[-70.194,5.592],[-70.186,5.599],[-70.174,5.604],[-70.166,5.607],[-70.157,5.609],[-70.13,5.621],[-70.124,5.635],[-70.116,5.648],[-70.1,5.658],[-70.089,5.674],[-70.073,5.689],[-70.066,5.698],[-70.06,5.704],[-70.057,5.71],[-70.051,5.715],[-70.046,5.729],[-70.044,5.747],[-70.035,5.751],[-70.03,5.757],[-70.025,5.755],[-70.022,5.757],[-70.022,5.764],[-70.018,5.768],[-70.013,5.779],[-69.995,5.791],[-69.987,5.798],[-69.968,5.827],[-69.967,5.832],[-69.97,5.844],[-69.965,5.855],[-69.959,5.862],[-69.946,5.871],[-69.935,5.887],[-69.93,5.902],[-69.918,5.915],[-69.913,5.916],[-69.892,5.951],[-69.878,5.965],[-69.862,5.975],[-69.847,6.003],[-69.846,6.023],[-69.843,6.03],[-69.839,6.035],[-69.826,6.044],[-69.823,6.048],[-69.806,6.058],[-69.8,6.061],[-69.794,6.061],[-69.782,6.06],[-69.777,6.059],[-69.77,6.053],[-69.765,6.052],[-69.717,6.042],[-69.689,6.045],[-69.642,6.039],[-69.616,6.038],[-69.6,6.041],[-69.588,6.041],[-69.571,6.044],[-69.558,6.046],[-69.542,6.044],[-69.536,6.045],[-69.528,6.05],[-69.514,6.054],[-69.486,6.07],[-69.469,6.076],[-69.452,6.083],[-69.445,6.09],[-69.436,6.105],[-69.43,6.108],[-69.428,6.107],[-69.417,6.112],[-69.412,6.12],[-69.404,6.126],[-69.393,6.127],[-69.383,6.124],[-69.375,6.127],[-69.36,6.138],[-69.35,6.14],[-69.342,6.14],[-69.335,6.138],[-69.329,6.132],[-69.316,6.098],[-69.312,6.091],[-69.309,6.089],[-69.291,6.088],[-69.278,6.082],[-69.27,6.081],[-69.26,6.083],[-69.25,6.08],[-69.239,6.08],[-69.233,6.084],[-69.217,6.102],[-69.212,6.118],[-69.178,6.147],[-69.173,6.149],[-69.153,6.15],[-69.15,6.151],[-69.143,6.163],[-69.139,6.175],[-69.133,6.184],[-69.124,6.191],[-69.102,6.194],[-69.097,6.197],[-69.093,6.205],[-69.089,6.21],[-69.068,6.217],[-69.046,6.222],[-69.031,6.217],[-69.023,6.201],[-69.018,6.195],[-69.014,6.193],[-69.005,6.192],[-68.984,6.196],[-68.973,6.196],[-68.961,6.189],[-68.934,6.177],[-68.918,6.177],[-68.882,6.167],[-68.875,6.167],[-68.868,6.169],[-68.855,6.178],[-68.83,6.18],[-68.824,6.178],[-68.809,6.17],[-68.798,6.157],[-68.795,6.149],[-68.793,6.147],[-68.767,6.152],[-68.752,6.157],[-68.746,6.157],[-68.728,6.152],[-68.707,6.152],[-68.701,6.151],[-68.696,6.147],[-68.693,6.138],[-68.687,6.132],[-68.679,6.131],[-68.666,6.132],[-68.645,6.129],[-68.63,6.136],[-68.622,6.142],[-68.615,6.151],[-68.597,6.163],[-68.588,6.166],[-68.577,6.167],[-68.551,6.15],[-68.542,6.149],[-68.533,6.152],[-68.522,6.16],[-68.519,6.164],[-68.514,6.176],[-68.51,6.179],[-68.503,6.18],[-68.488,6.18],[-68.477,6.184],[-68.463,6.184],[-68.449,6.188],[-68.427,6.182],[-68.413,6.185],[-68.403,6.183],[-68.394,6.182],[-68.381,6.186],[-68.374,6.186],[-68.355,6.179],[-68.328,6.164],[-68.315,6.162],[-68.307,6.163],[-68.296,6.166],[-68.284,6.173],[-68.269,6.184],[-68.263,6.192],[-68.257,6.197],[-68.241,6.197],[-68.214,6.208],[-68.187,6.21],[-68.176,6.214],[-68.168,6.221],[-68.142,6.229],[-68.136,6.228],[-68.128,6.225],[-68.12,6.225],[-68.113,6.227],[-68.105,6.231],[-68.098,6.232],[-68.078,6.227],[-68.064,6.22],[-68.05,6.204],[-68.043,6.199],[-68.037,6.196],[-68.028,6.196],[-68.002,6.208],[-67.995,6.209],[-67.986,6.207],[-67.978,6.208],[-67.966,6.218],[-67.955,6.226],[-67.93,6.236],[-67.923,6.242],[-67.903,6.267],[-67.861,6.295],[-67.853,6.302],[-67.845,6.312],[-67.835,6.318],[-67.81,6.324],[-67.803,6.324],[-67.798,6.321],[-67.77,6.295],[-67.762,6.291],[-67.757,6.291],[-67.736,6.297],[-67.719,6.3],[-67.7,6.294],[-67.679,6.293],[-67.665,6.29],[-67.641,6.289],[-67.625,6.291],[-67.618,6.289],[-67.611,6.285],[-67.597,6.268],[-67.587,6.263],[-67.577,6.263],[-67.554,6.267],[-67.547,6.266],[-67.535,6.26],[-67.522,6.243],[-67.515,6.24],[-67.508,6.227],[-67.492,6.223],[-67.489,6.22],[-67.477,6.216],[-67.467,6.209],[-67.463,6.201],[-67.457,6.193],[-67.468,6.179],[-67.482,6.169],[-67.491,6.16],[-67.494,6.152],[-67.495,6.131],[-67.487,6.114],[-67.476,6.099],[-67.472,6.081],[-67.46,6.063],[-67.442,6.047],[-67.428,6.039],[-67.428,6.026],[-67.423,6.021],[-67.412,6.012],[-67.41,6.005],[-67.41,5.994],[-67.412,5.989],[-67.416,5.984],[-67.441,5.974],[-67.464,5.958],[-67.47,5.95],[-67.475,5.94],[-67.479,5.936],[-67.501,5.922],[-67.523,5.912],[-67.532,5.904],[-67.54,5.896],[-67.557,5.873],[-67.563,5.859],[-67.587,5.84],[-67.597,5.828],[-67.601,5.807],[-67.609,5.795],[-67.611,5.777],[-67.619,5.748],[-67.631,5.733],[-67.633,5.721],[-67.635,5.688],[-67.638,5.675],[-67.637,5.646],[-67.631,5.634],[-67.627,5.605],[-67.62,5.588],[-67.62,5.566],[-67.616,5.56],[-67.603,5.551],[-67.599,5.544],[-67.6,5.538],[-67.605,5.525],[-67.608,5.522],[-67.614,5.519],[-67.619,5.513],[-67.623,5.498],[-67.623,5.484],[-67.625,5.476],[-67.634,5.466],[-67.651,5.455],[-67.665,5.44],[-67.681,5.428],[-67.701,5.423],[-67.706,5.42],[-67.717,5.411],[-67.727,5.397],[-67.753,5.386],[-67.775,5.369],[-67.8,5.358],[-67.807,5.351],[-67.82,5.335],[-67.838,5.32],[-67.85,5.304],[-67.851,5.281],[-67.849,5.274],[-67.847,5.27],[-67.831,5.262],[-67.824,5.251],[-67.824,5.247],[-67.831,5.224],[-67.829,5.209],[-67.825,5.202],[-67.824,5.196],[-67.826,5.191],[-67.838,5.178],[-67.843,5.161],[-67.854,5.141],[-67.854,5.135],[-67.851,5.126],[-67.839,5.113],[-67.827,5.09],[-67.822,5.084],[-67.823,5.072],[-67.822,5.066],[-67.817,5.062],[-67.809,5.058],[-67.806,5.054],[-67.81,5.042],[-67.82,5.029],[-67.821,5.022],[-67.82,5.0],[-67.823,4.977],[-67.83,4.956],[-67.836,4.95],[-67.839,4.943],[-67.835,4.906],[-67.836,4.882],[-67.826,4.858],[-67.823,4.84],[-67.822,4.806],[-67.826,4.787],[-67.826,4.768],[-67.824,4.734],[-67.819,4.722],[-67.818,4.707],[-67.823,4.692],[-67.839,4.662],[-67.845,4.645],[-67.845,4.63],[-67.844,4.615],[-67.846,4.594],[-67.84,4.569],[-67.839,4.557],[-67.841,4.555],[-67.855,4.539],[-67.858,4.531],[-67.857,4.525],[-67.854,4.518],[-67.84,4.505],[-67.81,4.494],[-67.801,4.487],[-67.795,4.476],[-67.792,4.467],[-67.793,4.456],[-67.796,4.45],[-67.798,4.437],[-67.787,4.425],[-67.773,4.419],[-67.772,4.412],[-67.775,4.4],[-67.779,4.392],[-67.78,4.384],[-67.779,4.379],[-67.771,4.373],[-67.766,4.367],[-67.764,4.362],[-67.762,4.349],[-67.764,4.341],[-67.773,4.338],[-67.782,4.34],[-67.791,4.34],[-67.799,4.335],[-67.804,4.327],[-67.806,4.315],[-67.802,4.303],[-67.791,4.277],[-67.795,4.261],[-67.798,4.237],[-67.797,4.23],[-67.781,4.199],[-67.779,4.178],[-67.777,4.172],[-67.773,4.166],[-67.742,4.139],[-67.736,4.128],[-67.729,4.104],[-67.725,4.098],[-67.719,4.081],[-67.72,4.075],[-67.719,4.063],[-67.714,4.052],[-67.71,4.047],[-67.718,4.036],[-67.751,4.022],[-67.778,4.007],[-67.797,3.995],[-67.815,3.979],[-67.833,3.968],[-67.857,3.934],[-67.871,3.923],[-67.883,3.915],[-67.913,3.907],[-67.917,3.91],[-67.921,3.934],[-67.928,3.954],[-67.935,3.961],[-67.944,3.964],[-67.965,3.963],[-67.976,3.966],[-67.981,3.969],[-67.985,3.974],[-67.991,3.98],[-67.998,3.98],[-68.007,3.976],[-68.016,3.974],[-68.026,3.977],[-68.03,3.982],[-68.03,3.987],[-68.026,4.001],[-68.028,4.007],[-68.033,4.011],[-68.039,4.011],[-68.045,4.009],[-68.049,4.002],[-68.057,3.973],[-68.072,3.941],[-68.075,3.937],[-68.077,3.937],[-68.081,3.937],[-68.084,3.943],[-68.082,3.947],[-68.074,3.954],[-68.071,3.961],[-68.07,3.971],[-68.074,3.978],[-68.082,3.981],[-68.091,3.981],[-68.095,3.98],[-68.098,3.976],[-68.104,3.951],[-68.107,3.946],[-68.113,3.942],[-68.12,3.939],[-68.131,3.944],[-68.134,3.949],[-68.135,3.954],[-68.134,3.959],[-68.123,3.972],[-68.12,3.985],[-68.122,3.992],[-68.127,3.996],[-68.134,3.998],[-68.141,3.999],[-68.149,3.996],[-68.164,3.988],[-68.177,3.985],[-68.183,3.985],[-68.189,3.988],[-68.194,3.991],[-68.197,3.994],[-68.205,3.995],[-68.206,3.993],[-68.198,3.98],[-68.198,3.973],[-68.2,3.967],[-68.209,3.961],[-68.22,3.964],[-68.228,3.968],[-68.243,3.974],[-68.255,3.976],[-68.271,3.976],[-68.286,3.978],[-68.305,3.974],[-68.313,3.977],[-68.336,3.993],[-68.343,3.992],[-68.347,3.989],[-68.349,3.983],[-68.347,3.974],[-68.353,3.957],[-68.353,3.95],[-68.351,3.943],[-68.345,3.938],[-68.343,3.934],[-68.344,3.928],[-68.347,3.923],[-68.352,3.921],[-68.362,3.921],[-68.37,3.914],[-68.376,3.912],[-68.384,3.912],[-68.392,3.915],[-68.405,3.924],[-68.417,3.926],[-68.423,3.925],[-68.429,3.922],[-68.437,3.91],[-68.436,3.902],[-68.432,3.898],[-68.398,3.877],[-68.393,3.873],[-68.389,3.863],[-68.39,3.856],[-68.392,3.852],[-68.396,3.849],[-68.406,3.848],[-68.41,3.851],[-68.431,3.881],[-68.438,3.885],[-68.444,3.885],[-68.45,3.877],[-68.45,3.871],[-68.442,3.859],[-68.439,3.85],[-68.439,3.844],[-68.442,3.84],[-68.449,3.836],[-68.453,3.838],[-68.461,3.847],[-68.466,3.85],[-68.472,3.852],[-68.48,3.851],[-68.504,3.832],[-68.513,3.822],[-68.515,3.817],[-68.513,3.807],[-68.504,3.797],[-68.502,3.791],[-68.502,3.785],[-68.509,3.778],[-68.515,3.779],[-68.526,3.785],[-68.547,3.81],[-68.555,3.818],[-68.561,3.819],[-68.567,3.819],[-68.572,3.816],[-68.575,3.809],[-68.573,3.801],[-68.567,3.794],[-68.556,3.785],[-68.549,3.776],[-68.547,3.765],[-68.551,3.763],[-68.555,3.765],[-68.562,3.781],[-68.57,3.788],[-68.576,3.79],[-68.58,3.79],[-68.585,3.777],[-68.59,3.777],[-68.598,3.784],[-68.604,3.785],[-68.628,3.772],[-68.632,3.774],[-68.643,3.782],[-68.65,3.799],[-68.656,3.806],[-68.664,3.81],[-68.671,3.811],[-68.677,3.809],[-68.682,3.803],[-68.681,3.794],[-68.676,3.79],[-68.658,3.784],[-68.648,3.777],[-68.645,3.774],[-68.644,3.769],[-68.645,3.763],[-68.649,3.761],[-68.652,3.761],[-68.668,3.777],[-68.678,3.776],[-68.696,3.769],[-68.715,3.768],[-68.721,3.768],[-68.73,3.771],[-68.747,3.783],[-68.753,3.783],[-68.758,3.781],[-68.766,3.775],[-68.768,3.766],[-68.769,3.746],[-68.773,3.737],[-68.779,3.729],[-68.797,3.72],[-68.806,3.718],[-68.812,3.721],[-68.819,3.725],[-68.828,3.737],[-68.835,3.742],[-68.841,3.743],[-68.845,3.743],[-68.851,3.739],[-68.855,3.734],[-68.854,3.727],[-68.851,3.718],[-68.841,3.704],[-68.834,3.689],[-68.828,3.68],[-68.829,3.671],[-68.831,3.669],[-68.835,3.669],[-68.838,3.671],[-68.844,3.687],[-68.852,3.701],[-68.856,3.704],[-68.863,3.706],[-68.871,3.707],[-68.88,3.704],[-68.891,3.694],[-68.895,3.688],[-68.903,3.683],[-68.916,3.682],[-68.922,3.686],[-68.928,3.691],[-68.93,3.699],[-68.925,3.724],[-68.926,3.734],[-68.934,3.742],[-68.943,3.741],[-68.947,3.737],[-68.948,3.733],[-68.947,3.728],[-68.939,3.715],[-68.934,3.699],[-68.936,3.691],[-68.94,3.682],[-68.944,3.679],[-68.954,3.678],[-68.96,3.681],[-68.97,3.692],[-68.978,3.696],[-68.994,3.693],[-69.012,3.681],[-69.024,3.669],[-69.032,3.665],[-69.045,3.643],[-69.058,3.637],[-69.062,3.639],[-69.069,3.652],[-69.075,3.656],[-69.08,3.655],[-69.084,3.65],[-69.084,3.643],[-69.09,3.637],[-69.094,3.636],[-69.1,3.639],[-69.107,3.651],[-69.109,3.666],[-69.111,3.672],[-69.118,3.676],[-69.125,3.674],[-69.128,3.671],[-69.143,3.65],[-69.163,3.635],[-69.174,3.631],[-69.185,3.632],[-69.188,3.635],[-69.188,3.64],[-69.17,3.656],[-69.168,3.662],[-69.17,3.673],[-69.175,3.677],[-69.186,3.669],[-69.194,3.666],[-69.2,3.668],[-69.203,3.677],[-69.197,3.689],[-69.197,3.696],[-69.201,3.702],[-69.207,3.703],[-69.211,3.701],[-69.214,3.698],[-69.22,3.679],[-69.224,3.675],[-69.229,3.672],[-69.234,3.674],[-69.24,3.68],[-69.24,3.701],[-69.246,3.713],[-69.247,3.718],[-69.255,3.721],[-69.282,3.725],[-69.288,3.723],[-69.289,3.72],[-69.288,3.712],[-69.282,3.704],[-69.272,3.696],[-69.269,3.686],[-69.269,3.679],[-69.273,3.667],[-69.282,3.652],[-69.287,3.647],[-69.294,3.644],[-69.301,3.645],[-69.304,3.647],[-69.306,3.654],[-69.304,3.667],[-69.291,3.692],[-69.291,3.703],[-69.295,3.711],[-69.3,3.715],[-69.304,3.717],[-69.31,3.715],[-69.314,3.711],[-69.316,3.702],[-69.322,3.695],[-69.332,3.692],[-69.352,3.68],[-69.357,3.676],[-69.363,3.667],[-69.37,3.665],[-69.375,3.666],[-69.377,3.67],[-69.378,3.676],[-69.381,3.684],[-69.387,3.684],[-69.391,3.683],[-69.396,3.679],[-69.4,3.663],[-69.406,3.661],[-69.413,3.661],[-69.419,3.663],[-69.427,3.675],[-69.437,3.701],[-69.453,3.71],[-69.46,3.709],[-69.467,3.705],[-69.479,3.693],[-69.487,3.672],[-69.486,3.659],[-69.487,3.655],[-69.489,3.652],[-69.493,3.65],[-69.495,3.65],[-69.498,3.652],[-69.496,3.661],[-69.497,3.671],[-69.5,3.675],[-69.505,3.678],[-69.51,3.678],[-69.536,3.674],[-69.581,3.684],[-69.59,3.682],[-69.595,3.675],[-69.594,3.672],[-69.59,3.672],[-69.579,3.678],[-69.575,3.677],[-69.571,3.675],[-69.569,3.671],[-69.571,3.666],[-69.575,3.664],[-69.581,3.657],[-69.582,3.651],[-69.582,3.642],[-69.576,3.629],[-69.575,3.606],[-69.585,3.583],[-69.587,3.576],[-69.591,3.568],[-69.593,3.569],[-69.604,3.594],[-69.608,3.596],[-69.616,3.593],[-69.618,3.59],[-69.621,3.575],[-69.624,3.571],[-69.628,3.569],[-69.637,3.57],[-69.649,3.58],[-69.66,3.586],[-69.671,3.581],[-69.678,3.559],[-69.693,3.539],[-69.697,3.539],[-69.699,3.541],[-69.701,3.558],[-69.705,3.572],[-69.713,3.581],[-69.728,3.592],[-69.739,3.591],[-69.743,3.588],[-69.744,3.583],[-69.742,3.577],[-69.739,3.573],[-69.729,3.572],[-69.718,3.568],[-69.715,3.562],[-69.712,3.553],[-69.715,3.547],[-69.728,3.542],[-69.736,3.545],[-69.747,3.556],[-69.754,3.56],[-69.773,3.565],[-69.783,3.563],[-69.788,3.552],[-69.789,3.544],[-69.785,3.526],[-69.788,3.517],[-69.799,3.507],[-69.806,3.506],[-69.81,3.508],[-69.813,3.511],[-69.815,3.517],[-69.815,3.524],[-69.812,3.528],[-69.811,3.535],[-69.812,3.546],[-69.82,3.557],[-69.83,3.557],[-69.835,3.556],[-69.841,3.552],[-69.843,3.548],[-69.845,3.537],[-69.842,3.527],[-69.837,3.516],[-69.828,3.502],[-69.815,3.487],[-69.813,3.484],[-69.814,3.479],[-69.816,3.476],[-69.82,3.476],[-69.835,3.48],[-69.844,3.485],[-69.851,3.491],[-69.859,3.504],[-69.865,3.524],[-69.871,3.536],[-69.882,3.54],[-69.886,3.54],[-69.894,3.535],[-69.898,3.53],[-69.895,3.518],[-69.892,3.514],[-69.885,3.511],[-69.871,3.488],[-69.862,3.484],[-69.86,3.48],[-69.861,3.476],[-69.87,3.466],[-69.871,3.457],[-69.869,3.446],[-69.87,3.438],[-69.875,3.432],[-69.885,3.426],[-69.901,3.424],[-69.904,3.427],[-69.907,3.436],[-69.915,3.445],[-69.945,3.459],[-69.956,3.459],[-69.96,3.456],[-69.963,3.451],[-69.964,3.446],[-69.963,3.439],[-69.94,3.418],[-69.939,3.412],[-69.939,3.4],[-69.941,3.396],[-69.947,3.393],[-69.969,3.388],[-69.976,3.386],[-69.996,3.373],[-70.005,3.372],[-70.011,3.374],[-70.015,3.378],[-70.016,3.382],[-70.014,3.4],[-70.015,3.406],[-70.021,3.414],[-70.031,3.418],[-70.037,3.418],[-70.047,3.402],[-70.058,3.393],[-70.078,3.387],[-70.109,3.383],[-70.112,3.386],[-70.114,3.389],[-70.113,3.398],[-70.115,3.403],[-70.119,3.404],[-70.126,3.4],[-70.13,3.395],[-70.127,3.379],[-70.128,3.37],[-70.131,3.365],[-70.136,3.362],[-70.169,3.354],[-70.172,3.35],[-70.171,3.345],[-70.164,3.338],[-70.159,3.33],[-70.15,3.324],[-70.143,3.321],[-70.12,3.303],[-70.115,3.302],[-70.11,3.296],[-70.108,3.289],[-70.11,3.282],[-70.115,3.279],[-70.119,3.279],[-70.125,3.288],[-70.131,3.293],[-70.14,3.294],[-70.148,3.291],[-70.154,3.285],[-70.157,3.274],[-70.157,3.263],[-70.153,3.254],[-70.137,3.25],[-70.132,3.245],[-70.129,3.236],[-70.127,3.222],[-70.126,3.208],[-70.129,3.199],[-70.137,3.191],[-70.149,3.191],[-70.151,3.197],[-70.151,3.212],[-70.153,3.22],[-70.156,3.227],[-70.161,3.233],[-70.168,3.236],[-70.175,3.235],[-70.18,3.231],[-70.181,3.224],[-70.177,3.216],[-70.167,3.206],[-70.159,3.196],[-70.157,3.192],[-70.159,3.187],[-70.165,3.181],[-70.179,3.172],[-70.191,3.172],[-70.196,3.176],[-70.198,3.182],[-70.2,3.196],[-70.203,3.202],[-70.208,3.207],[-70.214,3.208],[-70.22,3.203],[-70.221,3.198],[-70.218,3.193],[-70.209,3.188],[-70.205,3.18],[-70.207,3.172],[-70.211,3.167],[-70.216,3.167],[-70.22,3.17],[-70.228,3.182],[-70.234,3.183],[-70.24,3.182],[-70.247,3.177],[-70.25,3.171],[-70.25,3.165],[-70.247,3.159],[-70.247,3.153],[-70.251,3.147],[-70.28,3.133],[-70.285,3.125],[-70.287,3.121],[-70.278,3.105],[-70.278,3.097],[-70.281,3.09],[-70.296,3.09],[-70.306,3.091],[-70.316,3.089],[-70.321,3.082],[-70.318,3.073],[-70.312,3.07],[-70.297,3.072],[-70.282,3.071],[-70.271,3.064],[-70.254,3.045],[-70.256,3.036],[-70.263,3.032],[-70.272,3.03],[-70.296,3.036],[-70.302,3.034],[-70.302,3.029],[-70.296,3.019],[-70.289,3.011],[-70.281,2.987],[-70.278,2.959],[-70.278,2.934],[-70.293,2.932],[-70.313,2.919],[-70.322,2.914],[-70.336,2.915],[-70.346,2.917],[-70.353,2.915],[-70.356,2.91],[-70.356,2.904],[-70.349,2.883],[-70.348,2.874],[-70.352,2.858],[-70.355,2.853],[-70.363,2.851],[-70.373,2.85],[-70.397,2.834],[-70.41,2.828],[-70.436,2.824],[-70.486,2.811],[-70.493,2.813],[-70.498,2.807],[-70.496,2.787],[-70.497,2.786],[-70.503,2.785],[-70.507,2.786],[-70.53,2.806],[-70.551,2.815],[-70.558,2.82],[-70.564,2.829],[-70.585,2.841],[-70.599,2.834],[-70.6,2.819],[-70.606,2.803],[-70.611,2.796],[-70.618,2.792],[-70.622,2.794],[-70.63,2.806],[-70.632,2.811],[-70.632,2.84],[-70.635,2.847],[-70.641,2.853],[-70.651,2.856],[-70.658,2.856],[-70.662,2.852],[-70.663,2.844],[-70.64,2.821],[-70.638,2.816],[-70.637,2.809],[-70.64,2.801],[-70.656,2.782],[-70.664,2.78],[-70.676,2.781],[-70.68,2.78],[-70.685,2.762],[-70.696,2.749],[-70.701,2.74],[-70.706,2.737],[-70.711,2.737],[-70.716,2.74],[-70.719,2.745],[-70.72,2.753],[-70.716,2.775],[-70.718,2.788],[-70.721,2.794],[-70.728,2.793],[-70.735,2.788],[-70.743,2.778],[-70.756,2.768],[-70.762,2.767],[-70.777,2.768],[-70.803,2.758],[-70.811,2.759],[-70.814,2.762],[-70.815,2.767],[-70.812,2.77],[-70.8,2.773],[-70.797,2.777],[-70.795,2.784],[-70.796,2.791],[-70.803,2.806],[-70.81,2.812],[-70.819,2.813],[-70.834,2.804],[-70.842,2.803],[-70.851,2.792],[-70.856,2.779],[-70.861,2.775],[-70.868,2.775],[-70.872,2.778],[-70.875,2.782],[-70.874,2.785],[-70.869,2.788],[-70.868,2.794],[-70.871,2.795],[-70.881,2.792],[-70.887,2.794],[-70.892,2.798],[-70.899,2.809],[-70.911,2.846],[-70.916,2.852],[-70.932,2.858],[-70.939,2.857],[-70.941,2.848],[-70.942,2.84],[-70.94,2.834],[-70.928,2.823],[-70.926,2.811],[-70.93,2.798],[-70.935,2.79],[-70.943,2.786],[-70.949,2.787],[-70.953,2.789],[-70.962,2.801],[-70.96,2.806],[-70.951,2.815],[-70.948,2.822],[-70.949,2.835],[-70.952,2.84],[-70.958,2.842],[-70.978,2.83],[-70.989,2.828],[-70.993,2.83],[-71.0,2.839],[-71.007,2.854],[-71.013,2.856],[-71.017,2.855],[-71.02,2.851],[-71.026,2.846],[-71.031,2.846],[-71.043,2.85],[-71.06,2.853],[-71.064,2.857],[-71.066,2.861],[-71.066,2.87],[-71.074,2.88],[-71.077,2.882]]]]}},{"type":"Feature","properties":{"name":"Vaupés","iso":"CO-VAU"},"geometry":{"type":"MultiPolygon","coordinates":[[[[-69.433,-1.071],[-69.441,-1.07],[-69.448,-1.07],[-69.459,-1.075],[-69.464,-1.08],[-69.469,-1.089],[-69.47,-1.102],[-69.461,-1.124],[-69.459,-1.133],[-69.46,-1.136],[-69.464,-1.143],[-69.467,-1.146],[-69.471,-1.146],[-69.483,-1.144],[-69.487,-1.146],[-69.489,-1.15],[-69.488,-1.155],[-69.476,-1.158],[-69.472,-1.161],[-69.467,-1.17],[-69.465,-1.177],[-69.465,-1.19],[-69.467,-1.198],[-69.472,-1.206],[-69.478,-1.212],[-69.49,-1.217],[-69.508,-1.217],[-69.534,-1.194],[-69.546,-1.19],[-69.551,-1.192],[-69.552,-1.196],[-69.557,-1.192],[-69.561,-1.195],[-69.564,-1.194],[-69.57,-1.185],[-69.572,-1.175],[-69.576,-1.166],[-69.578,-1.158],[-69.581,-1.151],[-69.586,-1.148],[-69.594,-1.146],[-69.603,-1.152],[-69.609,-1.158],[-69.616,-1.163],[-69.623,-1.165],[-69.631,-1.165],[-69.636,-1.168],[-69.638,-1.175],[-69.635,-1.198],[-69.64,-1.218],[-69.643,-1.222],[-69.648,-1.226],[-69.654,-1.228],[-69.661,-1.227],[-69.675,-1.214],[-69.681,-1.199],[-69.681,-1.182],[-69.678,-1.137],[-69.681,-1.122],[-69.68,-1.118],[-69.673,-1.115],[-69.661,-1.117],[-69.658,-1.127],[-69.655,-1.132],[-69.652,-1.133],[-69.65,-1.131],[-69.649,-1.118],[-69.659,-1.103],[-69.672,-1.092],[-69.679,-1.084],[-69.7,-1.052],[-69.712,-1.043],[-69.722,-1.039],[-69.729,-1.037],[-69.734,-1.041],[-69.738,-1.042],[-69.742,-1.038],[-69.747,-1.029],[-69.75,-1.027],[-69.752,-1.028],[-69.756,-1.032],[-69.771,-1.036],[-69.775,-1.04],[-69.77,-1.045],[-69.765,-1.063],[-69.759,-1.07],[-69.755,-1.075],[-69.752,-1.076],[-69.742,-1.076],[-69.739,-1.077],[-69.736,-1.078],[-69.734,-1.084],[-69.737,-1.092],[-69.742,-1.095],[-69.752,-1.098],[-69.759,-1.097],[-69.776,-1.093],[-69.785,-1.085],[-69.818,-1.031],[-69.824,-1.028],[-69.835,-1.028],[-69.845,-1.03],[-69.853,-1.039],[-69.86,-1.049],[-69.866,-1.065],[-69.871,-1.074],[-69.879,-1.079],[-69.892,-1.081],[-69.911,-1.081],[-69.917,-1.083],[-69.931,-1.093],[-69.939,-1.096],[-69.951,-1.097],[-69.958,-1.095],[-69.967,-1.088],[-69.971,-1.08],[-69.972,-1.074],[-69.971,-1.065],[-69.967,-1.06],[-69.959,-1.049],[-69.944,-1.038],[-69.942,-1.031],[-69.943,-1.023],[-69.954,-1.006],[-69.956,-1.0],[-69.954,-0.995],[-69.951,-0.992],[-69.934,-0.982],[-69.919,-0.971],[-69.916,-0.972],[-69.91,-0.979],[-69.905,-0.979],[-69.903,-0.977],[-69.902,-0.973],[-69.903,-0.969],[-69.913,-0.96],[-69.931,-0.949],[-69.94,-0.946],[-69.946,-0.948],[-69.956,-0.964],[-69.964,-0.969],[-69.99,-0.976],[-70.001,-0.974],[-70.005,-0.971],[-70.008,-0.963],[-70.006,-0.957],[-70.0,-0.95],[-70.0,-0.945],[-70.003,-0.941],[-70.008,-0.937],[-70.017,-0.936],[-70.021,-0.936],[-70.025,-0.941],[-70.026,-0.952],[-70.023,-0.967],[-70.024,-0.971],[-70.029,-0.976],[-70.034,-0.978],[-70.044,-0.979],[-70.051,-0.975],[-70.056,-0.965],[-70.067,-0.951],[-70.073,-0.946],[-70.083,-0.946],[-70.099,-0.951],[-70.126,-0.976],[-70.137,-0.99],[-70.139,-0.995],[-70.139,-1.005],[-70.134,-1.016],[-70.129,-1.02],[-70.122,-1.021],[-70.112,-1.013],[-70.104,-1.009],[-70.089,-1.011],[-70.084,-1.013],[-70.08,-1.02],[-70.078,-1.029],[-70.078,-1.036],[-70.082,-1.044],[-70.114,-1.077],[-70.121,-1.102],[-70.127,-1.108],[-70.131,-1.111],[-70.151,-1.116],[-70.168,-1.113],[-70.173,-1.109],[-70.177,-1.101],[-70.178,-1.091],[-70.176,-1.079],[-70.178,-1.074],[-70.182,-1.072],[-70.206,-1.069],[-70.213,-1.067],[-70.222,-1.059],[-70.228,-1.047],[-70.228,-1.042],[-70.225,-1.032],[-70.22,-1.026],[-70.202,-1.011],[-70.199,-1.006],[-70.195,-0.993],[-70.195,-0.988],[-70.197,-0.985],[-70.199,-0.983],[-70.208,-0.981],[-70.219,-0.983],[-70.224,-0.988],[-70.227,-0.993],[-70.23,-1.01],[-70.233,-1.015],[-70.241,-1.019],[-70.253,-1.019],[-70.26,-1.017],[-70.279,-1.004],[-70.301,-0.979],[-70.307,-0.966],[-70.307,-0.96],[-70.305,-0.952],[-70.295,-0.935],[-70.29,-0.932],[-70.285,-0.932],[-70.27,-0.939],[-70.262,-0.937],[-70.258,-0.934],[-70.254,-0.926],[-70.253,-0.916],[-70.251,-0.91],[-70.248,-0.907],[-70.243,-0.903],[-70.225,-0.895],[-70.221,-0.889],[-70.221,-0.883],[-70.224,-0.878],[-70.231,-0.873],[-70.237,-0.866],[-70.258,-0.832],[-70.263,-0.827],[-70.275,-0.821],[-70.289,-0.81],[-70.296,-0.793],[-70.297,-0.787],[-70.294,-0.762],[-70.29,-0.751],[-70.283,-0.746],[-70.278,-0.744],[-70.264,-0.746],[-70.254,-0.745],[-70.251,-0.742],[-70.249,-0.737],[-70.249,-0.732],[-70.252,-0.727],[-70.26,-0.719],[-70.263,-0.71],[-70.263,-0.702],[-70.26,-0.693],[-70.254,-0.676],[-70.254,-0.668],[-70.261,-0.651],[-70.257,-0.646],[-70.255,-0.627],[-70.261,-0.615],[-70.259,-0.602],[-70.264,-0.582],[-70.269,-0.573],[-70.275,-0.567],[-70.281,-0.557],[-70.294,-0.555],[-70.301,-0.557],[-70.304,-0.563],[-70.301,-0.578],[-70.303,-0.584],[-70.309,-0.588],[-70.312,-0.588],[-70.323,-0.582],[-70.326,-0.578],[-70.327,-0.573],[-70.327,-0.564],[-70.325,-0.556],[-70.319,-0.547],[-70.308,-0.533],[-70.294,-0.512],[-70.283,-0.504],[-70.265,-0.496],[-70.255,-0.487],[-70.245,-0.469],[-70.242,-0.467],[-70.235,-0.466],[-70.209,-0.477],[-70.203,-0.472],[-70.2,-0.464],[-70.201,-0.459],[-70.212,-0.44],[-70.217,-0.436],[-70.223,-0.435],[-70.229,-0.436],[-70.241,-0.444],[-70.244,-0.445],[-70.249,-0.443],[-70.251,-0.442],[-70.256,-0.432],[-70.269,-0.417],[-70.278,-0.413],[-70.289,-0.412],[-70.298,-0.417],[-70.302,-0.43],[-70.307,-0.44],[-70.319,-0.442],[-70.331,-0.437],[-70.337,-0.439],[-70.349,-0.449],[-70.359,-0.45],[-70.366,-0.454],[-70.367,-0.457],[-70.366,-0.462],[-70.363,-0.466],[-70.352,-0.472],[-70.344,-0.473],[-70.338,-0.472],[-70.328,-0.466],[-70.324,-0.467],[-70.322,-0.47],[-70.32,-0.478],[-70.323,-0.489],[-70.335,-0.498],[-70.343,-0.499],[-70.367,-0.496],[-70.375,-0.498],[-70.379,-0.497],[-70.381,-0.493],[-70.387,-0.47],[-70.393,-0.464],[-70.398,-0.462],[-70.407,-0.463],[-70.413,-0.465],[-70.439,-0.478],[-70.451,-0.494],[-70.457,-0.495],[-70.463,-0.491],[-70.465,-0.48],[-70.46,-0.471],[-70.453,-0.465],[-70.45,-0.461],[-70.449,-0.453],[-70.454,-0.437],[-70.472,-0.411],[-70.479,-0.398],[-70.496,-0.388],[-70.509,-0.374],[-70.514,-0.368],[-70.518,-0.359],[-70.52,-0.357],[-70.526,-0.356],[-70.53,-0.359],[-70.531,-0.362],[-70.53,-0.372],[-70.531,-0.374],[-70.535,-0.374],[-70.54,-0.368],[-70.548,-0.362],[-70.554,-0.362],[-70.56,-0.364],[-70.564,-0.369],[-70.568,-0.386],[-70.569,-0.389],[-70.572,-0.391],[-70.581,-0.391],[-70.588,-0.387],[-70.59,-0.384],[-70.6,-0.366],[-70.606,-0.347],[-70.61,-0.34],[-70.616,-0.338],[-70.627,-0.322],[-70.634,-0.319],[-70.637,-0.319],[-70.658,-0.335],[-70.661,-0.339],[-70.664,-0.347],[-70.671,-0.351],[-70.676,-0.351],[-70.68,-0.35],[-70.685,-0.345],[-70.69,-0.331],[-70.693,-0.328],[-70.71,-0.314],[-70.72,-0.302],[-70.726,-0.298],[-70.729,-0.29],[-70.736,-0.287],[-70.741,-0.287],[-70.744,-0.287],[-70.746,-0.29],[-70.765,-0.294],[-70.775,-0.302],[-70.781,-0.312],[-70.779,-0.317],[-70.761,-0.317],[-70.758,-0.322],[-70.759,-0.328],[-70.768,-0.334],[-70.797,-0.344],[-70.805,-0.346],[-70.808,-0.35],[-70.808,-0.359],[-70.811,-0.364],[-70.822,-0.366],[-70.826,-0.364],[-70.83,-0.361],[-70.833,-0.345],[-70.839,-0.341],[-70.842,-0.335],[-70.842,-0.328],[-70.865,-0.31],[-70.867,-0.291],[-70.878,-0.283],[-70.879,-0.277],[-70.873,-0.263],[-70.873,-0.247],[-70.874,-0.242],[-70.886,-0.224],[-70.883,-0.216],[-70.884,-0.213],[-70.889,-0.208],[-70.91,-0.204],[-70.915,-0.202],[-70.917,-0.198],[-70.916,-0.188],[-70.918,-0.183],[-70.933,-0.175],[-70.943,-0.164],[-70.947,-0.154],[-70.945,-0.143],[-70.943,-0.14],[-70.933,-0.13],[-70.925,-0.126],[-70.914,-0.123],[-70.905,-0.133],[-70.9,-0.133],[-70.892,-0.116],[-70.892,-0.112],[-70.897,-0.103],[-70.901,-0.101],[-70.918,-0.099],[-70.927,-0.087],[-70.923,-0.083],[-70.923,-0.081],[-70.931,-0.076],[-70.926,-0.071],[-70.929,-0.067],[-70.928,-0.061],[-70.925,-0.057],[-70.927,-0.05],[-70.934,-0.052],[-70.944,-0.041],[-70.96,-0.04],[-70.973,-0.026],[-70.969,-0.015],[-70.969,-0.008],[-70.982,-0.003],[-70.995,-0.002],[-71.001,-0.004],[-71.016,-0.013],[-71.018,-0.018],[-71.018,-0.025],[-71.012,-0.039],[-71.013,-0.043],[-71.02,-0.048],[-71.027,-0.049],[-71.036,-0.044],[-71.051,-0.034],[-71.053,-0.025],[-71.05,-0.022],[-71.041,-0.02],[-71.035,-0.011],[-71.035,-0.007],[-71.038,-0.005],[-71.045,-0.004],[-71.061,-0.01],[-71.065,-0.01],[-71.068,-0.008],[-71.073,0.0],[-71.079,0.002],[-71.083,0.001],[-71.09,-0.007],[-71.096,-0.007],[-71.099,-0.001],[-71.097,0.008],[-71.1,0.023],[-71.104,0.027],[-71.109,0.026],[-71.113,0.024],[-71.116,0.011],[-71.125,0.003],[-71.132,0.004],[-71.137,0.01],[-71.142,0.028],[-71.149,0.04],[-71.149,0.046],[-71.144,0.054],[-71.145,0.063],[-71.147,0.066],[-71.151,0.069],[-71.157,0.072],[-71.168,0.088],[-71.178,0.095],[-71.187,0.098],[-71.191,0.096],[-71.191,0.093],[-71.186,0.086],[-71.187,0.082],[-71.197,0.079],[-71.201,0.074],[-71.211,0.071],[-71.22,0.063],[-71.225,0.055],[-71.227,0.055],[-71.23,0.064],[-71.236,0.067],[-71.248,0.059],[-71.253,0.059],[-71.258,0.067],[-71.263,0.071],[-71.281,0.066],[-71.295,0.071],[-71.297,0.074],[-71.289,0.087],[-71.289,0.095],[-71.291,0.098],[-71.308,0.103],[-71.323,0.112],[-71.328,0.114],[-71.329,0.117],[-71.321,0.125],[-71.32,0.137],[-71.323,0.142],[-71.329,0.145],[-71.333,0.154],[-71.338,0.156],[-71.342,0.154],[-71.344,0.15],[-71.339,0.144],[-71.339,0.14],[-71.343,0.138],[-71.35,0.145],[-71.361,0.144],[-71.367,0.147],[-71.369,0.15],[-71.368,0.162],[-71.369,0.166],[-71.374,0.174],[-71.39,0.179],[-71.398,0.186],[-71.401,0.187],[-71.403,0.17],[-71.401,0.164],[-71.402,0.158],[-71.409,0.15],[-71.419,0.143],[-71.429,0.14],[-71.438,0.143],[-71.445,0.14],[-71.451,0.14],[-71.462,0.151],[-71.466,0.15],[-71.468,0.152],[-71.469,0.157],[-71.466,0.16],[-71.46,0.16],[-71.456,0.164],[-71.454,0.17],[-71.454,0.175],[-71.464,0.183],[-71.472,0.185],[-71.474,0.184],[-71.476,0.173],[-71.481,0.164],[-71.481,0.151],[-71.491,0.148],[-71.494,0.145],[-71.494,0.134],[-71.502,0.13],[-71.511,0.134],[-71.515,0.133],[-71.525,0.122],[-71.533,0.121],[-71.542,0.129],[-71.543,0.132],[-71.541,0.136],[-71.532,0.141],[-71.525,0.153],[-71.525,0.158],[-71.53,0.166],[-71.546,0.174],[-71.549,0.174],[-71.553,0.172],[-71.565,0.172],[-71.578,0.165],[-71.586,0.165],[-71.588,0.166],[-71.587,0.171],[-71.578,0.178],[-71.577,0.181],[-71.575,0.199],[-71.569,0.205],[-71.562,0.207],[-71.56,0.21],[-71.559,0.217],[-71.564,0.217],[-71.569,0.216],[-71.578,0.206],[-71.594,0.196],[-71.606,0.183],[-71.611,0.182],[-71.622,0.185],[-71.636,0.184],[-71.637,0.186],[-71.629,0.192],[-71.619,0.192],[-71.616,0.195],[-71.617,0.198],[-71.626,0.204],[-71.626,0.208],[-71.623,0.215],[-71.626,0.216],[-71.64,0.209],[-71.645,0.21],[-71.657,0.22],[-71.697,0.237],[-71.711,0.259],[-71.723,0.274],[-71.726,0.282],[-71.724,0.288],[-71.716,0.292],[-71.704,0.295],[-71.701,0.297],[-71.699,0.306],[-71.703,0.317],[-71.706,0.319],[-71.712,0.314],[-71.726,0.309],[-71.732,0.299],[-71.734,0.287],[-71.738,0.286],[-71.747,0.291],[-71.752,0.3],[-71.754,0.319],[-71.752,0.329],[-71.753,0.332],[-71.756,0.332],[-71.76,0.329],[-71.768,0.327],[-71.776,0.331],[-71.787,0.334],[-71.789,0.338],[-71.788,0.342],[-71.785,0.345],[-71.776,0.346],[-71.773,0.348],[-71.772,0.359],[-71.767,0.365],[-71.766,0.37],[-71.779,0.365],[-71.789,0.364],[-71.812,0.373],[-71.815,0.373],[-71.816,0.369],[-71.815,0.367],[-71.804,0.364],[-71.802,0.361],[-71.802,0.353],[-71.806,0.347],[-71.824,0.339],[-71.833,0.339],[-71.841,0.345],[-71.851,0.349],[-71.853,0.352],[-71.853,0.355],[-71.841,0.36],[-71.834,0.366],[-71.833,0.373],[-71.836,0.396],[-71.825,0.4],[-71.824,0.406],[-71.833,0.406],[-71.84,0.408],[-71.845,0.411],[-71.847,0.415],[-71.845,0.429],[-71.846,0.436],[-71.853,0.448],[-71.855,0.455],[-71.869,0.46],[-71.884,0.468],[-71.887,0.468],[-71.887,0.466],[-71.885,0.455],[-71.886,0.45],[-71.89,0.446],[-71.898,0.443],[-71.905,0.443],[-71.911,0.444],[-71.919,0.451],[-71.921,0.454],[-71.921,0.458],[-71.919,0.46],[-71.905,0.466],[-71.901,0.471],[-71.902,0.475],[-71.907,0.479],[-71.918,0.477],[-71.923,0.479],[-71.928,0.486],[-71.929,0.494],[-71.927,0.498],[-71.921,0.506],[-71.916,0.51],[-71.913,0.514],[-71.918,0.527],[-71.923,0.533],[-71.929,0.545],[-71.93,0.553],[-71.936,0.562],[-71.939,0.57],[-71.942,0.57],[-71.944,0.568],[-71.944,0.563],[-71.942,0.551],[-71.949,0.54],[-71.953,0.539],[-71.955,0.542],[-71.96,0.552],[-71.963,0.555],[-71.974,0.559],[-71.987,0.56],[-71.99,0.563],[-71.991,0.571],[-71.989,0.586],[-71.995,0.591],[-72.006,0.593],[-72.01,0.594],[-72.012,0.597],[-72.0,0.602],[-71.996,0.605],[-71.989,0.614],[-71.981,0.632],[-71.993,0.631],[-71.995,0.633],[-71.994,0.644],[-71.998,0.658],[-72.0,0.659],[-72.011,0.653],[-72.014,0.653],[-72.018,0.656],[-72.021,0.662],[-72.025,0.664],[-72.033,0.664],[-72.033,0.668],[-71.803,0.888],[-71.793,0.893],[-71.787,0.899],[-71.779,0.904],[-71.773,0.917],[-71.769,0.919],[-71.769,0.924],[-71.767,0.931],[-71.77,0.94],[-71.768,0.946],[-71.77,0.961],[-71.765,0.964],[-71.759,0.963],[-71.755,0.965],[-71.748,0.972],[-71.747,0.977],[-71.742,0.986],[-71.737,0.987],[-71.726,0.985],[-71.718,0.989],[-71.71,0.988],[-71.704,0.986],[-71.7,0.982],[-71.694,0.982],[-71.692,0.977],[-71.686,0.977],[-71.682,0.972],[-71.678,0.972],[-71.673,0.975],[-71.663,0.973],[-71.658,0.976],[-71.658,0.981],[-71.65,0.986],[-71.645,0.992],[-71.644,0.999],[-71.638,1.001],[-71.639,1.008],[-71.635,1.01],[-71.634,1.015],[-71.631,1.017],[-71.631,1.022],[-71.628,1.025],[-71.621,1.027],[-71.618,1.036],[-71.615,1.038],[-71.609,1.038],[-71.603,1.043],[-71.586,1.046],[-71.586,1.049],[-71.59,1.051],[-71.586,1.053],[-71.589,1.06],[-71.585,1.061],[-71.584,1.065],[-71.589,1.072],[-71.581,1.074],[-71.581,1.08],[-71.577,1.081],[-71.578,1.087],[-71.574,1.088],[-71.573,1.091],[-71.574,1.096],[-71.582,1.097],[-71.578,1.106],[-71.585,1.11],[-71.577,1.113],[-71.575,1.117],[-71.577,1.12],[-71.584,1.12],[-71.584,1.127],[-71.581,1.128],[-71.57,1.126],[-71.565,1.129],[-71.563,1.131],[-71.559,1.122],[-71.552,1.113],[-71.544,1.113],[-71.54,1.115],[-71.541,1.121],[-71.558,1.146],[-71.558,1.151],[-71.556,1.157],[-71.54,1.164],[-71.536,1.164],[-71.531,1.16],[-71.531,1.147],[-71.535,1.136],[-71.537,1.127],[-71.536,1.125],[-71.524,1.115],[-71.503,1.104],[-71.493,1.106],[-71.485,1.11],[-71.484,1.113],[-71.485,1.116],[-71.495,1.134],[-71.508,1.138],[-71.509,1.143],[-71.502,1.148],[-71.512,1.15],[-71.508,1.153],[-71.509,1.155],[-71.511,1.154],[-71.511,1.164],[-71.515,1.166],[-71.517,1.162],[-71.518,1.164],[-71.518,1.166],[-71.514,1.166],[-71.516,1.169],[-71.513,1.173],[-71.518,1.172],[-71.519,1.175],[-71.523,1.175],[-71.525,1.177],[-71.528,1.175],[-71.528,1.178],[-71.532,1.18],[-71.529,1.183],[-71.527,1.192],[-71.53,1.192],[-71.53,1.194],[-71.533,1.194],[-71.531,1.2],[-71.534,1.206],[-71.54,1.208],[-71.538,1.203],[-71.544,1.202],[-71.543,1.205],[-71.545,1.208],[-71.549,1.205],[-71.553,1.208],[-71.552,1.212],[-71.553,1.214],[-71.551,1.216],[-71.551,1.221],[-71.544,1.223],[-71.54,1.227],[-71.539,1.23],[-71.54,1.232],[-71.542,1.229],[-71.544,1.23],[-71.542,1.231],[-71.543,1.234],[-71.541,1.234],[-71.54,1.236],[-71.541,1.24],[-71.543,1.239],[-71.545,1.24],[-71.545,1.243],[-71.542,1.246],[-71.544,1.247],[-71.544,1.25],[-71.546,1.251],[-71.551,1.251],[-71.549,1.254],[-71.543,1.256],[-71.541,1.26],[-71.543,1.262],[-71.546,1.259],[-71.548,1.259],[-71.547,1.266],[-71.546,1.268],[-71.553,1.277],[-71.551,1.28],[-71.549,1.28],[-71.549,1.275],[-71.549,1.279],[-71.547,1.279],[-71.544,1.276],[-71.54,1.275],[-71.536,1.275],[-71.532,1.278],[-71.526,1.278],[-71.524,1.284],[-71.525,1.285],[-71.528,1.282],[-71.531,1.283],[-71.533,1.29],[-71.53,1.293],[-71.531,1.296],[-71.524,1.292],[-71.523,1.293],[-71.523,1.296],[-71.526,1.296],[-71.527,1.297],[-71.527,1.303],[-71.525,1.304],[-71.522,1.299],[-71.521,1.303],[-71.523,1.307],[-71.523,1.311],[-71.519,1.305],[-71.518,1.307],[-71.518,1.311],[-71.523,1.317],[-71.52,1.319],[-71.519,1.319],[-71.519,1.316],[-71.516,1.317],[-71.52,1.321],[-71.513,1.327],[-71.514,1.329],[-71.511,1.333],[-71.512,1.337],[-71.51,1.337],[-71.51,1.333],[-71.507,1.335],[-71.51,1.341],[-71.505,1.343],[-71.505,1.348],[-71.508,1.347],[-71.505,1.352],[-71.507,1.354],[-71.504,1.357],[-71.505,1.359],[-71.502,1.364],[-71.496,1.365],[-71.495,1.372],[-71.49,1.374],[-71.49,1.386],[-71.478,1.404],[-71.476,1.419],[-71.477,1.426],[-71.48,1.434],[-71.489,1.442],[-71.49,1.444],[-71.49,1.447],[-71.478,1.452],[-71.471,1.46],[-71.456,1.471],[-71.454,1.484],[-71.442,1.51],[-71.438,1.532],[-71.43,1.54],[-71.431,1.544],[-71.436,1.551],[-71.436,1.556],[-71.423,1.583],[-71.42,1.586],[-71.415,1.586],[-71.41,1.585],[-71.407,1.581],[-71.403,1.581],[-71.401,1.587],[-71.398,1.589],[-71.398,1.594],[-71.393,1.595],[-71.39,1.599],[-71.39,1.602],[-71.394,1.605],[-71.395,1.61],[-71.398,1.614],[-71.393,1.624],[-71.395,1.632],[-71.392,1.644],[-71.387,1.653],[-71.387,1.659],[-71.397,1.709],[-71.389,1.72],[-71.388,1.727],[-71.39,1.735],[-71.384,1.733],[-71.383,1.728],[-71.38,1.723],[-71.367,1.71],[-71.361,1.702],[-71.346,1.706],[-71.336,1.704],[-71.323,1.707],[-71.315,1.714],[-71.309,1.704],[-71.305,1.701],[-71.296,1.697],[-71.285,1.685],[-71.268,1.68],[-71.261,1.669],[-71.254,1.668],[-71.245,1.673],[-71.239,1.684],[-71.234,1.69],[-71.208,1.707],[-71.205,1.712],[-71.2,1.726],[-71.196,1.731],[-71.18,1.746],[-71.155,1.763],[-71.151,1.763],[-71.145,1.759],[-71.143,1.759],[-71.137,1.769],[-71.128,1.772],[-71.125,1.782],[-71.118,1.78],[-71.114,1.784],[-71.111,1.785],[-71.098,1.779],[-71.094,1.779],[-71.094,1.79],[-71.09,1.788],[-71.087,1.792],[-71.094,1.801],[-71.082,1.797],[-71.07,1.807],[-71.064,1.798],[-71.059,1.806],[-71.048,1.804],[-71.043,1.817],[-71.036,1.811],[-71.026,1.81],[-71.018,1.814],[-71.02,1.821],[-71.014,1.815],[-71.011,1.814],[-71.009,1.818],[-71.013,1.823],[-71.008,1.825],[-71.004,1.824],[-71.0,1.815],[-70.993,1.822],[-70.987,1.825],[-70.99,1.834],[-70.985,1.831],[-70.982,1.832],[-70.98,1.834],[-70.98,1.841],[-70.975,1.839],[-70.974,1.843],[-70.969,1.84],[-70.963,1.841],[-70.962,1.843],[-70.963,1.846],[-70.954,1.848],[-70.947,1.856],[-70.943,1.858],[-70.942,1.86],[-70.945,1.865],[-70.942,1.866],[-70.942,1.868],[-70.937,1.867],[-70.931,1.874],[-70.925,1.877],[-70.926,1.879],[-70.924,1.881],[-70.907,1.891],[-70.899,1.903],[-70.893,1.918],[-70.892,1.918],[-70.89,1.92],[-70.89,1.922],[-70.894,1.925],[-70.894,1.928],[-70.891,1.928],[-70.89,1.925],[-70.888,1.922],[-70.884,1.922],[-70.882,1.924],[-70.881,1.931],[-70.879,1.933],[-70.877,1.933],[-70.876,1.93],[-70.877,1.922],[-70.874,1.92],[-70.87,1.92],[-70.869,1.913],[-70.866,1.909],[-70.862,1.91],[-70.862,1.915],[-70.86,1.917],[-70.857,1.912],[-70.853,1.911],[-70.852,1.917],[-70.847,1.921],[-70.84,1.914],[-70.834,1.91],[-70.832,1.91],[-70.831,1.912],[-70.835,1.917],[-70.832,1.919],[-70.828,1.917],[-70.825,1.912],[-70.821,1.909],[-70.815,1.91],[-70.81,1.914],[-70.808,1.907],[-70.804,1.91],[-70.803,1.906],[-70.801,1.905],[-70.799,1.908],[-70.795,1.909],[-70.795,1.913],[-70.797,1.915],[-70.795,1.917],[-70.791,1.915],[-70.786,1.915],[-70.779,1.912],[-70.777,1.917],[-70.781,1.921],[-70.779,1.922],[-70.775,1.92],[-70.773,1.92],[-70.771,1.922],[-70.774,1.925],[-70.77,1.927],[-70.76,1.919],[-70.765,1.914],[-70.761,1.91],[-70.756,1.912],[-70.751,1.91],[-70.747,1.913],[-70.746,1.908],[-70.742,1.908],[-70.741,1.915],[-70.743,1.918],[-70.746,1.918],[-70.745,1.921],[-70.742,1.922],[-70.738,1.921],[-70.733,1.924],[-70.731,1.92],[-70.729,1.923],[-70.727,1.92],[-70.721,1.919],[-70.722,1.917],[-70.724,1.915],[-70.722,1.914],[-70.718,1.916],[-70.721,1.912],[-70.719,1.91],[-70.717,1.912],[-70.717,1.919],[-70.715,1.918],[-70.714,1.914],[-70.713,1.913],[-70.71,1.913],[-70.711,1.916],[-70.709,1.917],[-70.707,1.916],[-70.706,1.912],[-70.7,1.913],[-70.699,1.912],[-70.7,1.91],[-70.703,1.912],[-70.705,1.911],[-70.705,1.906],[-70.701,1.907],[-70.699,1.903],[-70.696,1.905],[-70.695,1.909],[-70.693,1.905],[-70.695,1.903],[-70.692,1.902],[-70.692,1.899],[-70.69,1.897],[-70.685,1.903],[-70.683,1.909],[-70.68,1.907],[-70.681,1.901],[-70.677,1.903],[-70.679,1.906],[-70.677,1.908],[-70.668,1.902],[-70.663,1.908],[-70.663,1.912],[-70.662,1.914],[-70.66,1.911],[-70.656,1.912],[-70.653,1.911],[-70.649,1.904],[-70.647,1.905],[-70.646,1.908],[-70.642,1.904],[-70.637,1.903],[-70.635,1.905],[-70.638,1.907],[-70.638,1.908],[-70.634,1.908],[-70.632,1.91],[-70.636,1.913],[-70.634,1.919],[-70.629,1.921],[-70.623,1.918],[-70.617,1.92],[-70.617,1.922],[-70.62,1.923],[-70.622,1.926],[-70.621,1.93],[-70.617,1.93],[-70.614,1.929],[-70.611,1.925],[-70.611,1.922],[-70.61,1.922],[-70.608,1.923],[-70.609,1.928],[-70.607,1.927],[-70.606,1.924],[-70.605,1.924],[-70.602,1.927],[-70.602,1.931],[-70.601,1.934],[-70.598,1.935],[-70.596,1.933],[-70.596,1.937],[-70.592,1.936],[-70.59,1.939],[-70.587,1.935],[-70.583,1.935],[-70.583,1.931],[-70.579,1.928],[-70.578,1.932],[-70.573,1.933],[-70.572,1.936],[-70.569,1.932],[-70.565,1.933],[-70.561,1.941],[-70.56,1.938],[-70.556,1.941],[-70.549,1.938],[-70.547,1.941],[-70.545,1.947],[-70.539,1.947],[-70.536,1.954],[-70.532,1.957],[-70.529,1.957],[-70.528,1.95],[-70.524,1.947],[-70.52,1.951],[-70.523,1.954],[-70.514,1.957],[-70.514,1.952],[-70.509,1.949],[-70.51,1.945],[-70.512,1.943],[-70.51,1.94],[-70.504,1.942],[-70.504,1.948],[-70.502,1.95],[-70.496,1.948],[-70.491,1.948],[-70.487,1.946],[-70.487,1.949],[-70.49,1.953],[-70.488,1.954],[-70.483,1.954],[-70.482,1.956],[-70.483,1.959],[-70.479,1.959],[-70.481,1.963],[-70.485,1.96],[-70.485,1.963],[-70.477,1.967],[-70.468,1.963],[-70.464,1.963],[-70.464,1.966],[-70.468,1.968],[-70.467,1.971],[-70.466,1.972],[-70.464,1.971],[-70.462,1.967],[-70.459,1.968],[-70.458,1.971],[-70.464,1.976],[-70.461,1.981],[-70.465,1.978],[-70.466,1.979],[-70.464,1.984],[-70.457,1.988],[-70.451,1.983],[-70.447,1.984],[-70.444,1.987],[-70.441,1.986],[-70.442,1.993],[-70.439,1.995],[-70.435,1.999],[-70.432,1.998],[-70.431,1.99],[-70.425,1.99],[-70.422,1.987],[-70.417,1.986],[-70.415,1.986],[-70.413,1.99],[-70.41,1.992],[-70.407,1.992],[-70.405,1.989],[-70.404,1.996],[-70.398,1.998],[-70.395,1.996],[-70.391,1.995],[-70.392,1.991],[-70.389,1.989],[-70.39,1.986],[-70.387,1.985],[-70.383,1.986],[-70.379,1.985],[-70.376,1.988],[-70.377,1.991],[-70.382,1.996],[-70.38,2.004],[-70.377,2.005],[-70.372,2.002],[-70.368,2.004],[-70.367,2.0],[-70.364,1.996],[-70.365,1.991],[-70.361,1.988],[-70.364,1.985],[-70.358,1.985],[-70.356,1.989],[-70.351,1.983],[-70.348,1.992],[-70.346,1.992],[-70.345,1.988],[-70.341,1.988],[-70.344,1.996],[-70.34,2.0],[-70.337,1.999],[-70.336,1.996],[-70.333,1.996],[-70.33,1.994],[-70.331,1.997],[-70.33,1.999],[-70.323,1.997],[-70.323,2.006],[-70.32,2.007],[-70.317,2.004],[-70.319,2.01],[-70.318,2.013],[-70.315,2.011],[-70.31,2.011],[-70.306,2.007],[-70.307,2.012],[-70.305,2.014],[-70.301,2.013],[-70.299,2.015],[-70.297,2.016],[-70.293,2.013],[-70.283,2.015],[-70.275,2.02],[-70.275,2.018],[-70.277,2.015],[-70.275,2.014],[-70.271,2.021],[-70.266,2.023],[-70.263,2.022],[-70.264,2.017],[-70.263,2.015],[-70.259,2.014],[-70.253,2.019],[-70.255,2.026],[-70.249,2.03],[-70.245,2.029],[-70.246,2.025],[-70.245,2.023],[-70.242,2.023],[-70.238,2.024],[-70.237,2.031],[-70.233,2.031],[-70.23,2.034],[-70.226,2.034],[-70.221,2.032],[-70.219,2.028],[-70.221,2.024],[-70.216,2.025],[-70.215,2.021],[-70.212,2.02],[-70.211,2.02],[-70.212,2.025],[-70.209,2.025],[-70.208,2.02],[-70.205,2.018],[-70.203,2.019],[-70.205,2.023],[-70.204,2.027],[-70.201,2.027],[-70.199,2.024],[-70.195,2.024],[-70.192,2.026],[-70.195,2.029],[-70.193,2.03],[-70.189,2.027],[-70.19,2.023],[-70.187,2.024],[-70.184,2.027],[-70.181,2.024],[-70.18,2.03],[-70.175,2.034],[-70.176,2.04],[-70.173,2.041],[-70.171,2.038],[-70.173,2.044],[-70.171,2.046],[-70.167,2.042],[-70.163,2.045],[-70.16,2.049],[-70.162,2.054],[-70.161,2.058],[-70.159,2.062],[-70.153,2.065],[-70.151,2.071],[-70.15,2.072],[-70.148,2.07],[-70.147,2.065],[-70.141,2.067],[-70.139,2.064],[-70.137,2.068],[-70.129,2.07],[-70.115,2.08],[-70.11,2.08],[-70.109,2.076],[-70.112,2.074],[-70.113,2.069],[-70.118,2.06],[-70.119,2.046],[-70.122,2.04],[-70.119,2.03],[-70.119,2.024],[-70.114,2.018],[-70.113,2.013],[-70.115,2.009],[-70.115,2.007],[-70.112,2.004],[-70.112,2.003],[-70.122,1.994],[-70.127,1.992],[-70.14,1.978],[-70.14,1.97],[-70.138,1.965],[-70.139,1.961],[-70.139,1.955],[-70.142,1.952],[-70.142,1.947],[-70.138,1.939],[-70.138,1.935],[-70.139,1.934],[-70.146,1.934],[-70.153,1.937],[-70.158,1.937],[-70.16,1.932],[-70.164,1.931],[-70.163,1.922],[-70.169,1.913],[-70.17,1.899],[-70.181,1.885],[-70.179,1.876],[-70.176,1.873],[-70.178,1.871],[-70.176,1.869],[-70.173,1.867],[-70.171,1.869],[-70.168,1.867],[-70.165,1.869],[-70.162,1.867],[-70.16,1.868],[-70.158,1.868],[-70.155,1.87],[-70.149,1.867],[-70.142,1.857],[-70.136,1.855],[-70.135,1.849],[-70.129,1.846],[-70.128,1.841],[-70.125,1.839],[-70.122,1.836],[-70.115,1.837],[-70.111,1.835],[-70.11,1.833],[-70.112,1.831],[-70.111,1.829],[-70.109,1.828],[-70.107,1.829],[-70.106,1.826],[-70.101,1.824],[-70.098,1.82],[-70.095,1.81],[-70.093,1.809],[-70.093,1.811],[-70.092,1.812],[-70.091,1.809],[-70.088,1.808],[-70.088,1.806],[-70.085,1.807],[-70.085,1.804],[-70.082,1.804],[-70.081,1.8],[-70.078,1.802],[-70.075,1.8],[-70.071,1.802],[-70.068,1.801],[-70.067,1.799],[-70.069,1.796],[-70.065,1.793],[-70.065,1.789],[-70.063,1.789],[-70.062,1.787],[-70.06,1.787],[-70.06,1.782],[-70.057,1.782],[-70.057,1.78],[-70.055,1.781],[-70.054,1.777],[-70.051,1.774],[-70.048,1.773],[-70.044,1.774],[-70.045,1.772],[-70.043,1.772],[-70.043,1.77],[-70.04,1.772],[-70.039,1.77],[-70.036,1.77],[-70.034,1.768],[-70.029,1.769],[-70.027,1.767],[-70.024,1.767],[-70.023,1.763],[-70.02,1.763],[-70.018,1.761],[-70.011,1.763],[-70.01,1.761],[-70.008,1.761],[-70.003,1.763],[-70.002,1.76],[-69.999,1.76],[-69.998,1.757],[-69.996,1.756],[-69.997,1.754],[-69.995,1.751],[-69.99,1.749],[-69.985,1.75],[-69.983,1.748],[-69.978,1.748],[-69.975,1.742],[-69.971,1.743],[-69.966,1.747],[-69.964,1.744],[-69.96,1.746],[-69.958,1.745],[-69.956,1.746],[-69.953,1.744],[-69.95,1.748],[-69.948,1.747],[-69.946,1.748],[-69.946,1.746],[-69.944,1.747],[-69.943,1.746],[-69.942,1.748],[-69.94,1.745],[-69.94,1.748],[-69.938,1.744],[-69.935,1.746],[-69.932,1.745],[-69.933,1.747],[-69.931,1.748],[-69.926,1.746],[-69.924,1.75],[-69.922,1.748],[-69.92,1.749],[-69.92,1.746],[-69.919,1.747],[-69.912,1.742],[-69.905,1.742],[-69.899,1.74],[-69.892,1.735],[-69.888,1.729],[-69.878,1.727],[-69.87,1.718],[-69.866,1.719],[-69.865,1.716],[-69.866,1.714],[-69.864,1.714],[-69.862,1.716],[-69.86,1.708],[-69.857,1.712],[-69.854,1.708],[-69.851,1.708],[-69.85,1.71],[-69.847,1.709],[-69.846,1.713],[-69.843,1.715],[-69.843,1.073],[-69.839,1.08],[-69.833,1.08],[-69.82,1.066],[-69.816,1.063],[-69.806,1.064],[-69.798,1.071],[-69.791,1.089],[-69.774,1.103],[-69.746,1.114],[-69.735,1.114],[-69.727,1.108],[-69.721,1.109],[-69.715,1.117],[-69.71,1.118],[-69.702,1.117],[-69.701,1.115],[-69.705,1.103],[-69.706,1.091],[-69.704,1.075],[-69.692,1.076],[-69.686,1.072],[-69.677,1.07],[-69.673,1.071],[-69.668,1.081],[-69.652,1.084],[-69.646,1.089],[-69.642,1.089],[-69.634,1.084],[-69.63,1.086],[-69.624,1.095],[-69.61,1.098],[-69.598,1.094],[-69.574,1.073],[-69.562,1.071],[-69.553,1.074],[-69.527,1.07],[-69.486,1.079],[-69.478,1.076],[-69.475,1.073],[-69.467,1.077],[-69.46,1.077],[-69.448,1.072],[-69.439,1.074],[-69.434,1.071],[-69.432,1.066],[-69.436,1.062],[-69.43,1.046],[-69.423,1.043],[-69.409,1.044],[-69.404,1.048],[-69.404,1.052],[-69.399,1.059],[-69.382,1.074],[-69.376,1.088],[-69.375,1.088],[-69.371,1.08],[-69.37,1.08],[-69.365,1.084],[-69.363,1.084],[-69.361,1.08],[-69.356,1.079],[-69.349,1.081],[-69.346,1.084],[-69.342,1.082],[-69.341,1.08],[-69.338,1.08],[-69.328,1.086],[-69.32,1.089],[-69.312,1.077],[-69.306,1.074],[-69.304,1.062],[-69.289,1.061],[-69.287,1.058],[-69.289,1.055],[-69.287,1.052],[-69.274,1.055],[-69.267,1.053],[-69.258,1.053],[-69.252,1.057],[-69.245,1.057],[-69.244,1.055],[-69.246,1.046],[-69.239,1.038],[-69.233,1.038],[-69.228,1.03],[-69.221,1.023],[-69.213,1.018],[-69.206,1.009],[-69.204,1.004],[-69.198,1.0],[-69.198,0.996],[-69.216,0.981],[-69.218,0.976],[-69.217,0.972],[-69.208,0.971],[-69.207,0.965],[-69.203,0.961],[-69.196,0.961],[-69.171,0.95],[-69.17,0.945],[-69.165,0.942],[-69.164,0.938],[-69.168,0.934],[-69.173,0.934],[-69.182,0.937],[-69.189,0.933],[-69.192,0.926],[-69.192,0.921],[-69.188,0.913],[-69.182,0.907],[-69.181,0.902],[-69.166,0.892],[-69.157,0.881],[-69.149,0.88],[-69.143,0.882],[-69.139,0.88],[-69.136,0.872],[-69.137,0.858],[-69.142,0.848],[-69.147,0.846],[-69.155,0.848],[-69.16,0.848],[-69.165,0.847],[-69.166,0.843],[-69.165,0.836],[-69.168,0.821],[-69.155,0.806],[-69.153,0.794],[-69.147,0.781],[-69.149,0.768],[-69.155,0.76],[-69.162,0.755],[-69.172,0.76],[-69.175,0.759],[-69.177,0.754],[-69.185,0.749],[-69.19,0.741],[-69.183,0.718],[-69.178,0.714],[-69.169,0.715],[-69.159,0.711],[-69.153,0.705],[-69.135,0.68],[-69.131,0.671],[-69.118,0.655],[-69.116,0.645],[-69.118,0.638],[-69.122,0.633],[-69.128,0.635],[-69.129,0.64],[-69.135,0.644],[-69.144,0.643],[-69.154,0.646],[-69.158,0.653],[-69.166,0.65],[-69.181,0.653],[-69.194,0.65],[-69.196,0.648],[-69.201,0.635],[-69.204,0.632],[-69.201,0.621],[-69.2,0.606],[-69.209,0.608],[-69.213,0.61],[-69.217,0.608],[-69.221,0.608],[-69.226,0.607],[-69.233,0.602],[-69.238,0.603],[-69.242,0.609],[-69.254,0.605],[-69.256,0.607],[-69.262,0.606],[-69.268,0.607],[-69.271,0.602],[-69.282,0.604],[-69.286,0.606],[-69.289,0.604],[-69.295,0.604],[-69.295,0.607],[-69.293,0.61],[-69.287,0.614],[-69.284,0.62],[-69.285,0.626],[-69.29,0.635],[-69.287,0.645],[-69.285,0.648],[-69.285,0.649],[-69.289,0.65],[-69.298,0.649],[-69.306,0.643],[-69.31,0.637],[-69.317,0.632],[-69.318,0.627],[-69.32,0.626],[-69.321,0.628],[-69.321,0.633],[-69.322,0.641],[-69.324,0.64],[-69.325,0.637],[-69.327,0.637],[-69.332,0.643],[-69.336,0.643],[-69.337,0.642],[-69.337,0.634],[-69.345,0.625],[-69.346,0.622],[-69.349,0.618],[-69.349,0.615],[-69.351,0.614],[-69.356,0.615],[-69.369,0.634],[-69.384,0.647],[-69.391,0.655],[-69.396,0.658],[-69.403,0.663],[-69.406,0.676],[-69.41,0.678],[-69.412,0.685],[-69.416,0.689],[-69.421,0.689],[-69.422,0.691],[-69.431,0.694],[-69.436,0.699],[-69.436,0.703],[-69.434,0.707],[-69.433,0.713],[-69.44,0.716],[-69.447,0.715],[-69.456,0.719],[-69.459,0.724],[-69.459,0.731],[-69.463,0.736],[-69.47,0.735],[-69.48,0.736],[-69.487,0.728],[-69.5,0.723],[-69.503,0.72],[-69.506,0.713],[-69.514,0.714],[-69.532,0.702],[-69.532,0.696],[-69.531,0.691],[-69.535,0.679],[-69.558,0.681],[-69.562,0.684],[-69.566,0.68],[-69.567,0.674],[-69.574,0.669],[-69.58,0.662],[-69.584,0.663],[-69.586,0.66],[-69.597,0.654],[-69.597,0.649],[-69.593,0.647],[-69.587,0.64],[-69.589,0.638],[-69.604,0.636],[-69.606,0.634],[-69.607,0.619],[-69.604,0.614],[-69.605,0.613],[-69.608,0.613],[-69.612,0.623],[-69.616,0.627],[-69.62,0.634],[-69.626,0.635],[-69.627,0.629],[-69.628,0.628],[-69.629,0.628],[-69.634,0.636],[-69.637,0.638],[-69.64,0.642],[-69.639,0.648],[-69.642,0.653],[-69.643,0.656],[-69.645,0.659],[-69.648,0.66],[-69.649,0.663],[-69.664,0.665],[-69.667,0.664],[-69.671,0.668],[-69.687,0.664],[-69.686,0.654],[-69.691,0.648],[-69.695,0.655],[-69.698,0.651],[-69.7,0.651],[-69.702,0.652],[-69.707,0.646],[-69.709,0.647],[-69.71,0.64],[-69.716,0.641],[-69.715,0.633],[-69.718,0.63],[-69.717,0.628],[-69.723,0.615],[-69.731,0.612],[-69.735,0.612],[-69.739,0.609],[-69.747,0.619],[-69.749,0.619],[-69.75,0.616],[-69.762,0.608],[-69.762,0.604],[-69.767,0.603],[-69.774,0.599],[-69.778,0.599],[-69.779,0.596],[-69.782,0.595],[-69.785,0.59],[-69.787,0.59],[-69.788,0.585],[-69.794,0.584],[-69.795,0.579],[-69.797,0.578],[-69.802,0.578],[-69.803,0.572],[-69.809,0.576],[-69.813,0.586],[-69.821,0.589],[-69.823,0.591],[-69.833,0.591],[-69.835,0.586],[-69.838,0.585],[-69.844,0.587],[-69.849,0.586],[-69.851,0.588],[-69.856,0.586],[-69.859,0.578],[-69.86,0.578],[-69.867,0.579],[-69.869,0.583],[-69.88,0.578],[-69.887,0.577],[-69.892,0.58],[-69.894,0.585],[-69.898,0.585],[-69.899,0.582],[-69.903,0.581],[-69.909,0.585],[-69.912,0.585],[-69.916,0.59],[-69.918,0.586],[-69.914,0.581],[-69.916,0.58],[-69.92,0.57],[-69.929,0.564],[-69.929,0.559],[-69.936,0.553],[-69.941,0.557],[-69.946,0.556],[-69.956,0.561],[-69.961,0.561],[-69.963,0.567],[-69.963,0.571],[-69.978,0.578],[-69.985,0.574],[-69.988,0.576],[-69.988,0.571],[-69.985,0.571],[-69.985,0.567],[-69.989,0.569],[-69.996,0.575],[-70.0,0.574],[-70.0,0.571],[-69.994,0.567],[-69.992,0.562],[-69.996,0.559],[-69.996,0.55],[-70.006,0.544],[-70.009,0.548],[-70.013,0.545],[-70.021,0.544],[-70.023,0.548],[-70.021,0.556],[-70.027,0.562],[-70.038,0.566],[-70.047,0.563],[-70.047,0.26],[-70.043,0.069],[-70.043,-0.19],[-69.999,-0.223],[-69.993,-0.233],[-69.993,-0.242],[-69.988,-0.245],[-69.988,-0.243],[-69.983,-0.245],[-69.978,-0.253],[-69.977,-0.258],[-69.97,-0.268],[-69.967,-0.271],[-69.963,-0.272],[-69.963,-0.274],[-69.958,-0.277],[-69.956,-0.277],[-69.95,-0.28],[-69.952,-0.283],[-69.946,-0.293],[-69.942,-0.295],[-69.939,-0.293],[-69.935,-0.294],[-69.936,-0.299],[-69.935,-0.305],[-69.932,-0.305],[-69.933,-0.309],[-69.932,-0.308],[-69.93,-0.311],[-69.929,-0.31],[-69.929,-0.313],[-69.928,-0.314],[-69.929,-0.316],[-69.925,-0.317],[-69.926,-0.318],[-69.924,-0.317],[-69.921,-0.326],[-69.917,-0.327],[-69.916,-0.328],[-69.916,-0.326],[-69.914,-0.327],[-69.912,-0.331],[-69.907,-0.332],[-69.908,-0.333],[-69.905,-0.335],[-69.903,-0.335],[-69.901,-0.338],[-69.898,-0.338],[-69.897,-0.337],[-69.895,-0.34],[-69.893,-0.338],[-69.891,-0.339],[-69.889,-0.342],[-69.887,-0.34],[-69.888,-0.339],[-69.886,-0.338],[-69.887,-0.336],[-69.884,-0.337],[-69.884,-0.335],[-69.882,-0.334],[-69.88,-0.335],[-69.881,-0.337],[-69.875,-0.337],[-69.874,-0.339],[-69.869,-0.34],[-69.864,-0.339],[-69.863,-0.34],[-69.863,-0.339],[-69.861,-0.34],[-69.859,-0.338],[-69.859,-0.341],[-69.857,-0.34],[-69.856,-0.341],[-69.855,-0.339],[-69.854,-0.34],[-69.854,-0.338],[-69.852,-0.338],[-69.852,-0.34],[-69.849,-0.339],[-69.848,-0.337],[-69.847,-0.338],[-69.845,-0.337],[-69.842,-0.343],[-69.839,-0.343],[-69.839,-0.341],[-69.837,-0.343],[-69.836,-0.347],[-69.838,-0.348],[-69.835,-0.349],[-69.836,-0.351],[-69.833,-0.354],[-69.832,-0.354],[-69.833,-0.357],[-69.829,-0.363],[-69.829,-0.369],[-69.83,-0.372],[-69.828,-0.374],[-69.828,-0.376],[-69.825,-0.373],[-69.824,-0.374],[-69.817,-0.373],[-69.816,-0.372],[-69.813,-0.374],[-69.811,-0.373],[-69.801,-0.382],[-69.792,-0.384],[-69.793,-0.386],[-69.793,-0.388],[-69.79,-0.393],[-69.788,-0.392],[-69.785,-0.395],[-69.783,-0.393],[-69.78,-0.396],[-69.777,-0.393],[-69.778,-0.392],[-69.775,-0.392],[-69.774,-0.393],[-69.774,-0.391],[-69.773,-0.394],[-69.775,-0.395],[-69.771,-0.395],[-69.771,-0.398],[-69.769,-0.398],[-69.766,-0.4],[-69.765,-0.404],[-69.764,-0.405],[-69.763,-0.403],[-69.761,-0.403],[-69.757,-0.407],[-69.756,-0.406],[-69.755,-0.408],[-69.753,-0.408],[-69.755,-0.411],[-69.755,-0.414],[-69.752,-0.411],[-69.752,-0.415],[-69.751,-0.414],[-69.75,-0.416],[-69.748,-0.415],[-69.749,-0.417],[-69.748,-0.419],[-69.749,-0.42],[-69.746,-0.42],[-69.746,-0.423],[-69.744,-0.42],[-69.744,-0.425],[-69.742,-0.422],[-69.741,-0.422],[-69.741,-0.427],[-69.742,-0.428],[-69.739,-0.43],[-69.74,-0.434],[-69.738,-0.432],[-69.738,-0.435],[-69.736,-0.438],[-69.735,-0.437],[-69.733,-0.439],[-69.731,-0.438],[-69.73,-0.44],[-69.727,-0.441],[-69.728,-0.443],[-69.725,-0.442],[-69.724,-0.445],[-69.726,-0.446],[-69.723,-0.446],[-69.724,-0.444],[-69.722,-0.442],[-69.722,-0.447],[-69.72,-0.443],[-69.719,-0.444],[-69.719,-0.449],[-69.716,-0.448],[-69.714,-0.451],[-69.712,-0.45],[-69.713,-0.448],[-69.711,-0.448],[-69.711,-0.451],[-69.709,-0.454],[-69.706,-0.45],[-69.704,-0.455],[-69.699,-0.454],[-69.7,-0.451],[-69.696,-0.451],[-69.697,-0.455],[-69.695,-0.455],[-69.696,-0.458],[-69.693,-0.457],[-69.694,-0.46],[-69.692,-0.455],[-69.683,-0.462],[-69.681,-0.461],[-69.68,-0.462],[-69.682,-0.464],[-69.68,-0.465],[-69.679,-0.467],[-69.676,-0.464],[-69.675,-0.467],[-69.674,-0.466],[-69.674,-0.464],[-69.673,-0.467],[-69.67,-0.467],[-69.669,-0.468],[-69.668,-0.465],[-69.667,-0.467],[-69.665,-0.466],[-69.666,-0.465],[-69.665,-0.465],[-69.664,-0.467],[-69.666,-0.468],[-69.664,-0.47],[-69.663,-0.47],[-69.662,-0.467],[-69.658,-0.472],[-69.655,-0.471],[-69.656,-0.474],[-69.653,-0.474],[-69.653,-0.476],[-69.646,-0.478],[-69.645,-0.48],[-69.642,-0.481],[-69.644,-0.482],[-69.644,-0.484],[-69.643,-0.487],[-69.64,-0.487],[-69.643,-0.49],[-69.641,-0.491],[-69.641,-0.494],[-69.639,-0.492],[-69.637,-0.493],[-69.636,-0.491],[-69.634,-0.496],[-69.632,-0.494],[-69.632,-0.492],[-69.629,-0.495],[-69.625,-0.494],[-69.627,-0.496],[-69.626,-0.498],[-69.623,-0.498],[-69.624,-0.5],[-69.622,-0.498],[-69.619,-0.499],[-69.62,-0.496],[-69.617,-0.497],[-69.616,-0.5],[-69.614,-0.499],[-69.614,-0.501],[-69.611,-0.5],[-69.612,-0.498],[-69.608,-0.501],[-69.611,-0.503],[-69.607,-0.505],[-69.609,-0.506],[-69.606,-0.509],[-69.609,-0.509],[-69.608,-0.511],[-69.61,-0.512],[-69.61,-0.514],[-69.608,-0.514],[-69.608,-0.515],[-69.61,-0.515],[-69.611,-0.518],[-69.613,-0.517],[-69.612,-0.519],[-69.614,-0.52],[-69.612,-0.522],[-69.615,-0.523],[-69.612,-0.525],[-69.614,-0.529],[-69.612,-0.531],[-69.614,-0.534],[-69.611,-0.535],[-69.61,-0.538],[-69.609,-0.538],[-69.608,-0.54],[-69.605,-0.54],[-69.605,-0.542],[-69.602,-0.542],[-69.599,-0.544],[-69.603,-0.548],[-69.601,-0.549],[-69.598,-0.548],[-69.599,-0.552],[-69.597,-0.552],[-69.597,-0.554],[-69.596,-0.551],[-69.594,-0.551],[-69.592,-0.554],[-69.596,-0.558],[-69.592,-0.557],[-69.592,-0.559],[-69.593,-0.56],[-69.591,-0.561],[-69.593,-0.563],[-69.593,-0.565],[-69.596,-0.566],[-69.594,-0.575],[-69.597,-0.578],[-69.595,-0.579],[-69.595,-0.58],[-69.601,-0.59],[-69.603,-0.59],[-69.603,-0.595],[-69.602,-0.597],[-69.599,-0.595],[-69.597,-0.599],[-69.594,-0.599],[-69.593,-0.602],[-69.588,-0.602],[-69.59,-0.607],[-69.584,-0.611],[-69.582,-0.615],[-69.586,-0.616],[-69.586,-0.618],[-69.582,-0.619],[-69.579,-0.617],[-69.578,-0.614],[-69.573,-0.618],[-69.572,-0.622],[-69.57,-0.621],[-69.569,-0.623],[-69.573,-0.625],[-69.572,-0.628],[-69.574,-0.628],[-69.575,-0.629],[-69.571,-0.633],[-69.567,-0.631],[-69.562,-0.637],[-69.564,-0.641],[-69.566,-0.643],[-69.569,-0.642],[-69.573,-0.646],[-69.572,-0.65],[-69.575,-0.65],[-69.573,-0.653],[-69.574,-0.657],[-69.577,-0.66],[-69.575,-0.661],[-69.573,-0.66],[-69.573,-0.662],[-69.577,-0.662],[-69.58,-0.661],[-69.581,-0.661],[-69.58,-0.667],[-69.577,-0.665],[-69.575,-0.667],[-69.579,-0.673],[-69.582,-0.671],[-69.585,-0.671],[-69.582,-0.681],[-69.587,-0.682],[-69.591,-0.687],[-69.595,-0.686],[-69.594,-0.688],[-69.592,-0.689],[-69.592,-0.692],[-69.595,-0.691],[-69.598,-0.688],[-69.599,-0.688],[-69.599,-0.692],[-69.596,-0.692],[-69.595,-0.694],[-69.597,-0.696],[-69.602,-0.696],[-69.602,-0.699],[-69.599,-0.698],[-69.598,-0.7],[-69.602,-0.701],[-69.602,-0.703],[-69.6,-0.704],[-69.603,-0.709],[-69.601,-0.713],[-69.606,-0.71],[-69.608,-0.711],[-69.608,-0.713],[-69.603,-0.716],[-69.606,-0.721],[-69.608,-0.722],[-69.61,-0.717],[-69.616,-0.719],[-69.61,-0.724],[-69.608,-0.724],[-69.608,-0.726],[-69.616,-0.728],[-69.618,-0.732],[-69.62,-0.732],[-69.622,-0.728],[-69.623,-0.729],[-69.622,-0.734],[-69.623,-0.737],[-69.621,-0.738],[-69.617,-0.736],[-69.616,-0.737],[-69.622,-0.742],[-69.625,-0.744],[-69.625,-0.747],[-69.622,-0.747],[-69.618,-0.743],[-69.615,-0.746],[-69.616,-0.749],[-69.616,-0.754],[-69.619,-0.756],[-69.619,-0.757],[-69.616,-0.757],[-69.612,-0.755],[-69.609,-0.757],[-69.608,-0.754],[-69.606,-0.755],[-69.606,-0.757],[-69.61,-0.759],[-69.609,-0.762],[-69.612,-0.765],[-69.61,-0.767],[-69.606,-0.768],[-69.606,-0.771],[-69.603,-0.768],[-69.602,-0.772],[-69.6,-0.773],[-69.602,-0.776],[-69.601,-0.779],[-69.599,-0.78],[-69.598,-0.778],[-69.596,-0.779],[-69.598,-0.783],[-69.602,-0.782],[-69.601,-0.785],[-69.594,-0.785],[-69.592,-0.782],[-69.59,-0.784],[-69.586,-0.782],[-69.586,-0.786],[-69.584,-0.788],[-69.588,-0.788],[-69.589,-0.79],[-69.586,-0.792],[-69.586,-0.794],[-69.583,-0.795],[-69.583,-0.8],[-69.578,-0.799],[-69.58,-0.803],[-69.578,-0.803],[-69.576,-0.799],[-69.574,-0.799],[-69.575,-0.81],[-69.569,-0.809],[-69.57,-0.804],[-69.564,-0.807],[-69.564,-0.809],[-69.565,-0.81],[-69.559,-0.815],[-69.558,-0.819],[-69.562,-0.827],[-69.567,-0.833],[-69.572,-0.832],[-69.573,-0.839],[-69.57,-0.84],[-69.567,-0.845],[-69.564,-0.847],[-69.556,-0.845],[-69.556,-0.852],[-69.551,-0.85],[-69.549,-0.851],[-69.548,-0.853],[-69.55,-0.856],[-69.545,-0.862],[-69.543,-0.862],[-69.541,-0.858],[-69.539,-0.858],[-69.538,-0.86],[-69.539,-0.862],[-69.536,-0.867],[-69.534,-0.863],[-69.535,-0.859],[-69.534,-0.858],[-69.531,-0.862],[-69.531,-0.867],[-69.526,-0.868],[-69.526,-0.874],[-69.529,-0.873],[-69.531,-0.871],[-69.532,-0.873],[-69.53,-0.875],[-69.523,-0.875],[-69.53,-0.879],[-69.526,-0.882],[-69.522,-0.886],[-69.525,-0.891],[-69.522,-0.893],[-69.527,-0.895],[-69.53,-0.893],[-69.531,-0.895],[-69.528,-0.898],[-69.521,-0.898],[-69.521,-0.9],[-69.522,-0.902],[-69.531,-0.9],[-69.535,-0.905],[-69.533,-0.906],[-69.529,-0.905],[-69.527,-0.909],[-69.529,-0.912],[-69.529,-0.918],[-69.524,-0.921],[-69.525,-0.923],[-69.528,-0.923],[-69.528,-0.925],[-69.524,-0.927],[-69.521,-0.924],[-69.519,-0.925],[-69.517,-0.926],[-69.518,-0.931],[-69.516,-0.932],[-69.513,-0.932],[-69.512,-0.927],[-69.51,-0.928],[-69.511,-0.933],[-69.507,-0.936],[-69.509,-0.939],[-69.503,-0.939],[-69.501,-0.942],[-69.496,-0.944],[-69.498,-0.946],[-69.5,-0.947],[-69.5,-0.949],[-69.497,-0.949],[-69.494,-0.945],[-69.492,-0.945],[-69.49,-0.947],[-69.492,-0.952],[-69.49,-0.953],[-69.488,-0.948],[-69.486,-0.948],[-69.48,-0.952],[-69.48,-0.956],[-69.477,-0.956],[-69.475,-0.96],[-69.474,-0.96],[-69.472,-0.957],[-69.471,-0.957],[-69.469,-0.965],[-69.462,-0.968],[-69.465,-0.975],[-69.464,-0.979],[-69.467,-0.98],[-69.467,-0.982],[-69.464,-0.987],[-69.459,-0.988],[-69.459,-0.994],[-69.456,-0.991],[-69.455,-0.991],[-69.451,-0.996],[-69.449,-0.997],[-69.44,-0.991],[-69.438,-0.991],[-69.435,-0.998],[-69.436,-1.003],[-69.434,-1.004],[-69.432,-1.003],[-69.43,-1.0],[-69.425,-1.003],[-69.42,-0.998],[-69.419,-0.998],[-69.419,-1.005],[-69.42,-1.007],[-69.425,-1.007],[-69.429,-1.004],[-69.432,-1.006],[-69.432,-1.009],[-69.43,-1.011],[-69.427,-1.012],[-69.423,-1.01],[-69.42,-1.011],[-69.423,-1.014],[-69.427,-1.014],[-69.43,-1.015],[-69.435,-1.014],[-69.435,-1.017],[-69.432,-1.018],[-69.431,-1.02],[-69.433,-1.022],[-69.439,-1.024],[-69.437,-1.029],[-69.44,-1.028],[-69.443,-1.023],[-69.445,-1.023],[-69.442,-1.034],[-69.437,-1.034],[-69.435,-1.036],[-69.432,-1.036],[-69.434,-1.04],[-69.433,-1.041],[-69.431,-1.04],[-69.43,-1.036],[-69.429,-1.035],[-69.429,-1.043],[-69.424,-1.046],[-69.42,-1.043],[-69.418,-1.045],[-69.423,-1.049],[-69.426,-1.056],[-69.425,-1.061],[-69.427,-1.061],[-69.429,-1.06],[-69.431,-1.061],[-69.426,-1.067],[-69.42,-1.068],[-69.42,-1.069],[-69.422,-1.072],[-69.425,-1.072],[-69.432,-1.066],[-69.433,-1.071]]]]}},{"type":"Feature","properties":{"name":"Santander","iso":"CO-SAN"},"geometry":{"type":"MultiPolygon","coordinates":[[[[-74.521,6.276],[-74.509,6.279],[-74.511,6.284],[-74.502,6.283],[-74.497,6.286],[-74.487,6.296],[-74.482,6.304],[-74.474,6.308],[-74.466,6.313],[-74.453,6.332],[-74.449,6.336],[-74.44,6.37],[-74.432,6.386],[-74.428,6.389],[-74.422,6.393],[-74.405,6.392],[-74.392,6.394],[-74.384,6.397],[-74.376,6.404],[-74.368,6.409],[-74.366,6.42],[-74.368,6.427],[-74.37,6.43],[-74.382,6.436],[-74.389,6.446],[-74.399,6.459],[-74.405,6.469],[-74.405,6.477],[-74.4,6.482],[-74.395,6.492],[-74.394,6.505],[-74.401,6.523],[-74.41,6.53],[-74.412,6.544],[-74.406,6.564],[-74.403,6.585],[-74.4,6.591],[-74.384,6.604],[-74.361,6.633],[-74.342,6.635],[-74.33,6.63],[-74.308,6.656],[-74.278,6.663],[-74.264,6.67],[-74.254,6.68],[-74.243,6.696],[-74.23,6.712],[-74.22,6.717],[-74.201,6.718],[-74.185,6.722],[-74.17,6.729],[-74.148,6.751],[-74.132,6.764],[-74.12,6.778],[-74.107,6.787],[-74.097,6.796],[-74.088,6.811],[-74.08,6.82],[-74.074,6.837],[-74.067,6.852],[-74.047,6.867],[-74.032,6.883],[-74.005,6.913],[-73.985,6.929],[-73.949,6.953],[-73.937,6.956],[-73.928,6.961],[-73.919,6.971],[-73.906,6.982],[-73.898,6.992],[-73.884,7.004],[-73.88,7.015],[-73.88,7.025],[-73.882,7.029],[-73.886,7.048],[-73.886,7.064],[-73.888,7.07],[-73.895,7.081],[-73.911,7.096],[-73.92,7.11],[-73.925,7.124],[-73.927,7.152],[-73.939,7.174],[-73.938,7.183],[-73.924,7.213],[-73.922,7.243],[-73.925,7.256],[-73.924,7.271],[-73.922,7.282],[-73.917,7.287],[-73.913,7.298],[-73.914,7.32],[-73.91,7.333],[-73.912,7.341],[-73.909,7.369],[-73.903,7.393],[-73.895,7.414],[-73.895,7.419],[-73.898,7.437],[-73.904,7.451],[-73.91,7.468],[-73.915,7.477],[-73.916,7.487],[-73.911,7.497],[-73.906,7.501],[-73.884,7.504],[-73.881,7.506],[-73.878,7.522],[-73.873,7.53],[-73.865,7.532],[-73.857,7.531],[-73.849,7.538],[-73.843,7.562],[-73.832,7.577],[-73.831,7.59],[-73.829,7.598],[-73.825,7.603],[-73.817,7.607],[-73.814,7.611],[-73.811,7.618],[-73.812,7.624],[-73.819,7.638],[-73.818,7.642],[-73.814,7.647],[-73.805,7.645],[-73.802,7.645],[-73.799,7.652],[-73.802,7.66],[-73.807,7.668],[-73.815,7.688],[-73.816,7.69],[-73.811,7.701],[-73.812,7.709],[-73.817,7.717],[-73.831,7.725],[-73.832,7.728],[-73.83,7.736],[-73.819,7.745],[-73.803,7.762],[-73.799,7.769],[-73.799,7.774],[-73.801,7.78],[-73.805,7.787],[-73.811,7.809],[-73.817,7.819],[-73.822,7.855],[-73.822,7.868],[-73.825,7.876],[-73.832,7.888],[-73.835,7.898],[-73.835,7.906],[-73.831,7.918],[-73.831,7.926],[-73.837,7.948],[-73.843,7.956],[-73.855,7.966],[-73.862,7.974],[-73.864,7.98],[-73.866,7.986],[-73.863,8.0],[-73.867,8.02],[-73.867,8.041],[-73.866,8.049],[-73.857,8.064],[-73.85,8.084],[-73.842,8.093],[-73.818,8.111],[-73.81,8.126],[-73.805,8.131],[-73.796,8.134],[-73.782,8.136],[-73.778,8.138],[-73.775,8.143],[-73.774,8.14],[-73.775,8.121],[-73.77,8.112],[-73.763,8.105],[-73.765,8.097],[-73.765,8.088],[-73.763,8.083],[-73.757,8.075],[-73.757,8.072],[-73.755,8.066],[-73.75,8.062],[-73.746,8.061],[-73.74,8.053],[-73.741,8.042],[-73.738,8.026],[-73.723,8.013],[-73.718,8.005],[-73.717,7.997],[-73.718,7.985],[-73.723,7.978],[-73.723,7.97],[-73.721,7.968],[-73.712,7.969],[-73.707,7.968],[-73.696,7.951],[-73.688,7.951],[-73.685,7.948],[-73.684,7.941],[-73.677,7.943],[-73.676,7.942],[-73.676,7.935],[-73.672,7.928],[-73.677,7.92],[-73.678,7.914],[-73.674,7.909],[-73.672,7.892],[-73.676,7.888],[-73.685,7.887],[-73.689,7.884],[-73.695,7.873],[-73.698,7.872],[-73.702,7.866],[-73.71,7.863],[-73.71,7.857],[-73.723,7.849],[-73.723,7.842],[-73.726,7.834],[-73.736,7.834],[-73.744,7.831],[-73.751,7.825],[-73.752,7.808],[-73.746,7.798],[-73.742,7.797],[-73.742,7.79],[-73.738,7.787],[-73.737,7.783],[-73.74,7.778],[-73.745,7.777],[-73.749,7.774],[-73.76,7.773],[-73.762,7.771],[-73.762,7.764],[-73.753,7.751],[-73.637,7.749],[-73.634,7.748],[-73.628,7.741],[-73.622,7.74],[-73.613,7.732],[-73.608,7.729],[-73.593,7.727],[-73.575,7.726],[-73.566,7.713],[-73.557,7.706],[-73.547,7.689],[-73.548,7.681],[-73.55,7.679],[-73.555,7.678],[-73.556,7.675],[-73.555,7.672],[-73.545,7.665],[-73.53,7.667],[-73.525,7.666],[-73.518,7.655],[-73.517,7.637],[-73.515,7.633],[-73.503,7.62],[-73.5,7.615],[-73.498,7.608],[-73.491,7.602],[-73.492,7.594],[-73.49,7.592],[-73.488,7.593],[-73.484,7.593],[-73.484,7.589],[-73.476,7.585],[-73.474,7.58],[-73.465,7.575],[-73.441,7.574],[-73.428,7.569],[-73.422,7.572],[-73.421,7.57],[-73.417,7.57],[-73.413,7.566],[-73.406,7.566],[-73.397,7.568],[-73.396,7.571],[-73.397,7.575],[-73.397,7.578],[-73.393,7.579],[-73.391,7.578],[-73.385,7.58],[-73.375,7.569],[-73.367,7.565],[-73.369,7.56],[-73.364,7.554],[-73.362,7.546],[-73.355,7.544],[-73.32,7.548],[-73.311,7.546],[-73.297,7.547],[-73.288,7.55],[-73.283,7.55],[-73.277,7.543],[-73.269,7.54],[-73.266,7.535],[-73.261,7.529],[-73.256,7.531],[-73.253,7.536],[-73.252,7.543],[-73.248,7.56],[-73.25,7.567],[-73.258,7.579],[-73.259,7.588],[-73.246,7.599],[-73.241,7.611],[-73.234,7.621],[-73.229,7.626],[-73.228,7.629],[-73.221,7.633],[-73.216,7.632],[-73.213,7.627],[-73.21,7.627],[-73.204,7.629],[-73.197,7.627],[-73.195,7.628],[-73.191,7.623],[-73.181,7.62],[-73.174,7.621],[-73.165,7.626],[-73.157,7.62],[-73.131,7.614],[-73.123,7.607],[-73.117,7.61],[-73.116,7.612],[-73.108,7.614],[-73.1,7.62],[-73.089,7.61],[-73.085,7.609],[-73.078,7.612],[-73.069,7.609],[-73.064,7.61],[-73.057,7.606],[-73.048,7.607],[-73.041,7.614],[-73.039,7.621],[-73.035,7.623],[-73.028,7.623],[-73.024,7.621],[-73.01,7.623],[-72.998,7.618],[-72.988,7.618],[-72.983,7.62],[-72.98,7.612],[-72.981,7.609],[-72.985,7.606],[-72.989,7.597],[-72.989,7.586],[-72.987,7.563],[-72.984,7.557],[-72.985,7.55],[-72.977,7.539],[-72.978,7.529],[-72.97,7.523],[-72.962,7.519],[-72.957,7.519],[-72.954,7.516],[-72.945,7.515],[-72.939,7.513],[-72.937,7.506],[-72.931,7.504],[-72.928,7.495],[-72.922,7.492],[-72.915,7.491],[-72.91,7.488],[-72.908,7.482],[-72.902,7.477],[-72.899,7.481],[-72.896,7.48],[-72.894,7.472],[-72.902,7.446],[-72.9,7.435],[-72.896,7.428],[-72.893,7.427],[-72.892,7.42],[-72.884,7.415],[-72.883,7.41],[-72.877,7.406],[-72.877,7.401],[-72.874,7.392],[-72.865,7.386],[-72.852,7.373],[-72.852,7.368],[-72.855,7.365],[-72.855,7.362],[-72.841,7.362],[-72.838,7.359],[-72.837,7.355],[-72.84,7.35],[-72.842,7.344],[-72.84,7.342],[-72.84,7.331],[-72.841,7.327],[-72.84,7.321],[-72.842,7.316],[-72.838,7.307],[-72.835,7.306],[-72.834,7.303],[-72.84,7.298],[-72.847,7.295],[-72.854,7.288],[-72.856,7.285],[-72.863,7.283],[-72.871,7.277],[-72.87,7.273],[-72.872,7.27],[-72.877,7.266],[-72.868,7.257],[-72.868,7.251],[-72.865,7.246],[-72.867,7.24],[-72.866,7.234],[-72.858,7.227],[-72.858,7.222],[-72.856,7.217],[-72.851,7.215],[-72.842,7.206],[-72.832,7.208],[-72.832,7.199],[-72.837,7.198],[-72.842,7.193],[-72.84,7.191],[-72.843,7.188],[-72.841,7.173],[-72.842,7.17],[-72.848,7.163],[-72.859,7.155],[-72.855,7.148],[-72.856,7.14],[-72.853,7.139],[-72.851,7.136],[-72.85,7.13],[-72.844,7.125],[-72.843,7.122],[-72.836,7.117],[-72.835,7.106],[-72.838,7.102],[-72.838,7.099],[-72.835,7.095],[-72.826,7.094],[-72.819,7.09],[-72.822,7.077],[-72.819,7.072],[-72.811,7.075],[-72.8,7.072],[-72.794,7.063],[-72.793,7.053],[-72.79,7.049],[-72.786,7.049],[-72.784,7.05],[-72.78,7.052],[-72.779,7.056],[-72.775,7.059],[-72.764,7.061],[-72.758,7.059],[-72.75,7.06],[-72.757,7.048],[-72.756,7.041],[-72.751,7.035],[-72.752,7.027],[-72.743,7.012],[-72.742,6.997],[-72.734,6.988],[-72.726,6.994],[-72.722,7.006],[-72.71,7.006],[-72.703,7.005],[-72.698,7.0],[-72.694,7.007],[-72.689,7.009],[-72.685,7.01],[-72.681,7.007],[-72.677,7.008],[-72.679,6.997],[-72.674,6.989],[-72.671,6.979],[-72.666,6.972],[-72.665,6.977],[-72.66,6.981],[-72.657,6.985],[-72.657,6.992],[-72.652,6.997],[-72.649,6.997],[-72.638,6.989],[-72.621,6.987],[-72.618,6.988],[-72.612,6.994],[-72.599,6.99],[-72.595,6.991],[-72.589,6.999],[-72.585,6.997],[-72.574,7.002],[-72.563,7.001],[-72.562,6.998],[-72.552,6.987],[-72.553,6.969],[-72.549,6.961],[-72.543,6.953],[-72.542,6.935],[-72.552,6.923],[-72.551,6.916],[-72.551,6.912],[-72.547,6.903],[-72.549,6.897],[-72.546,6.891],[-72.544,6.889],[-72.537,6.889],[-72.53,6.884],[-72.516,6.882],[-72.513,6.887],[-72.508,6.886],[-72.507,6.906],[-72.504,6.909],[-72.501,6.909],[-72.497,6.896],[-72.497,6.885],[-72.502,6.882],[-72.502,6.873],[-72.499,6.869],[-72.491,6.866],[-72.487,6.853],[-72.484,6.85],[-72.483,6.846],[-72.481,6.844],[-72.476,6.842],[-72.478,6.837],[-72.48,6.834],[-72.484,6.821],[-72.484,6.815],[-72.483,6.811],[-72.484,6.809],[-72.49,6.806],[-72.492,6.803],[-72.498,6.799],[-72.499,6.797],[-72.498,6.793],[-72.495,6.79],[-72.497,6.766],[-72.493,6.763],[-72.489,6.742],[-72.497,6.733],[-72.498,6.729],[-72.496,6.724],[-72.489,6.714],[-72.486,6.703],[-72.486,6.694],[-72.49,6.679],[-72.486,6.674],[-72.486,6.659],[-72.487,6.655],[-72.49,6.651],[-72.492,6.644],[-72.505,6.632],[-72.511,6.629],[-72.519,6.619],[-72.521,6.604],[-72.528,6.593],[-72.536,6.59],[-72.543,6.583],[-72.546,6.566],[-72.54,6.557],[-72.538,6.542],[-72.539,6.538],[-72.543,6.534],[-72.544,6.53],[-72.548,6.524],[-72.549,6.52],[-72.546,6.516],[-72.532,6.505],[-72.534,6.503],[-72.535,6.496],[-72.538,6.49],[-72.54,6.488],[-72.562,6.486],[-72.569,6.483],[-72.574,6.478],[-72.583,6.476],[-72.589,6.469],[-72.591,6.464],[-72.596,6.463],[-72.601,6.459],[-72.602,6.452],[-72.606,6.449],[-72.609,6.448],[-72.62,6.442],[-72.624,6.44],[-72.629,6.44],[-72.632,6.438],[-72.648,6.436],[-72.663,6.447],[-72.666,6.457],[-72.672,6.465],[-72.673,6.473],[-72.68,6.485],[-72.68,6.489],[-72.683,6.498],[-72.687,6.504],[-72.685,6.507],[-72.694,6.515],[-72.696,6.525],[-72.702,6.53],[-72.705,6.54],[-72.708,6.542],[-72.711,6.542],[-72.713,6.546],[-72.719,6.553],[-72.723,6.554],[-72.729,6.551],[-72.739,6.557],[-72.742,6.559],[-72.744,6.565],[-72.742,6.568],[-72.743,6.569],[-72.75,6.57],[-72.759,6.581],[-72.764,6.583],[-72.772,6.58],[-72.781,6.58],[-72.791,6.569],[-72.795,6.569],[-72.804,6.561],[-72.808,6.559],[-72.805,6.549],[-72.806,6.545],[-72.809,6.543],[-72.807,6.54],[-72.798,6.532],[-72.793,6.53],[-72.785,6.532],[-72.778,6.528],[-72.775,6.522],[-72.772,6.508],[-72.767,6.5],[-72.756,6.494],[-72.749,6.495],[-72.736,6.491],[-72.738,6.486],[-72.737,6.476],[-72.733,6.466],[-72.725,6.458],[-72.727,6.453],[-72.738,6.442],[-72.734,6.436],[-72.736,6.43],[-72.735,6.407],[-72.732,6.397],[-72.733,6.386],[-72.729,6.382],[-72.729,6.376],[-72.726,6.372],[-72.727,6.37],[-72.731,6.368],[-72.731,6.357],[-72.733,6.356],[-72.74,6.354],[-72.749,6.346],[-72.749,6.339],[-72.751,6.336],[-72.749,6.326],[-72.755,6.319],[-72.759,6.317],[-72.758,6.308],[-72.76,6.303],[-72.755,6.295],[-72.756,6.284],[-72.754,6.28],[-72.746,6.275],[-72.744,6.259],[-72.749,6.253],[-72.75,6.249],[-72.749,6.24],[-72.744,6.234],[-72.745,6.229],[-72.75,6.227],[-72.751,6.222],[-72.755,6.219],[-72.763,6.218],[-72.767,6.219],[-72.775,6.21],[-72.779,6.21],[-72.784,6.214],[-72.794,6.217],[-72.805,6.216],[-72.804,6.21],[-72.81,6.201],[-72.811,6.195],[-72.819,6.181],[-72.821,6.173],[-72.825,6.169],[-72.827,6.157],[-72.831,6.147],[-72.847,6.142],[-72.854,6.145],[-72.858,6.142],[-72.869,6.145],[-72.872,6.141],[-72.872,6.137],[-72.87,6.133],[-72.872,6.126],[-72.876,6.124],[-72.898,6.123],[-72.901,6.112],[-72.908,6.107],[-72.914,6.108],[-72.916,6.108],[-72.92,6.1],[-72.923,6.099],[-72.924,6.097],[-72.923,6.09],[-72.924,6.086],[-72.932,6.086],[-72.936,6.077],[-72.945,6.076],[-72.947,6.071],[-72.952,6.068],[-72.955,6.063],[-72.954,6.057],[-72.955,6.054],[-72.955,6.048],[-72.958,6.043],[-72.961,6.042],[-72.96,6.036],[-72.962,6.028],[-72.97,6.022],[-72.971,6.018],[-72.976,6.017],[-72.978,6.013],[-72.985,6.01],[-72.987,6.001],[-72.99,5.996],[-72.99,5.99],[-72.992,5.987],[-72.996,5.986],[-73.004,5.972],[-73.009,5.966],[-73.016,5.986],[-73.017,6.003],[-73.025,6.017],[-73.031,6.021],[-73.03,6.023],[-73.031,6.025],[-73.043,6.022],[-73.047,6.018],[-73.052,6.018],[-73.055,6.014],[-73.064,6.014],[-73.07,6.005],[-73.094,5.99],[-73.103,5.995],[-73.104,5.999],[-73.124,5.995],[-73.137,5.997],[-73.141,6.002],[-73.14,6.01],[-73.144,6.015],[-73.147,6.025],[-73.149,6.019],[-73.148,6.004],[-73.15,5.993],[-73.152,5.988],[-73.157,5.982],[-73.176,5.996],[-73.191,6.0],[-73.197,6.004],[-73.2,6.004],[-73.205,5.992],[-73.208,5.991],[-73.217,5.983],[-73.218,5.977],[-73.22,5.976],[-73.22,5.972],[-73.216,5.962],[-73.221,5.957],[-73.219,5.952],[-73.22,5.947],[-73.229,5.937],[-73.232,5.931],[-73.236,5.915],[-73.241,5.908],[-73.241,5.901],[-73.241,5.898],[-73.238,5.897],[-73.231,5.896],[-73.221,5.89],[-73.212,5.889],[-73.209,5.886],[-73.208,5.881],[-73.205,5.877],[-73.196,5.871],[-73.195,5.866],[-73.188,5.859],[-73.186,5.85],[-73.186,5.847],[-73.191,5.843],[-73.196,5.834],[-73.201,5.833],[-73.206,5.826],[-73.211,5.827],[-73.216,5.824],[-73.229,5.825],[-73.236,5.819],[-73.248,5.816],[-73.252,5.819],[-73.257,5.827],[-73.258,5.832],[-73.264,5.833],[-73.265,5.834],[-73.266,5.844],[-73.271,5.846],[-73.279,5.855],[-73.283,5.855],[-73.289,5.85],[-73.292,5.849],[-73.299,5.853],[-73.305,5.852],[-73.313,5.855],[-73.316,5.855],[-73.321,5.851],[-73.33,5.851],[-73.335,5.858],[-73.343,5.863],[-73.351,5.873],[-73.355,5.874],[-73.369,5.872],[-73.358,5.868],[-73.359,5.863],[-73.35,5.851],[-73.347,5.843],[-73.349,5.84],[-73.349,5.834],[-73.353,5.832],[-73.351,5.824],[-73.358,5.816],[-73.359,5.799],[-73.361,5.795],[-73.364,5.794],[-73.366,5.789],[-73.373,5.786],[-73.374,5.778],[-73.378,5.773],[-73.378,5.764],[-73.389,5.752],[-73.393,5.753],[-73.396,5.758],[-73.41,5.762],[-73.417,5.768],[-73.431,5.768],[-73.434,5.78],[-73.432,5.782],[-73.432,5.789],[-73.434,5.793],[-73.449,5.803],[-73.451,5.808],[-73.456,5.811],[-73.461,5.814],[-73.471,5.816],[-73.471,5.819],[-73.469,5.828],[-73.463,5.837],[-73.463,5.847],[-73.461,5.849],[-73.451,5.851],[-73.442,5.848],[-73.435,5.849],[-73.433,5.85],[-73.435,5.86],[-73.437,5.863],[-73.442,5.886],[-73.438,5.889],[-73.431,5.889],[-73.423,5.891],[-73.418,5.89],[-73.412,5.891],[-73.408,5.889],[-73.406,5.89],[-73.408,5.894],[-73.407,5.899],[-73.401,5.903],[-73.398,5.913],[-73.396,5.916],[-73.396,5.919],[-73.398,5.92],[-73.396,5.925],[-73.394,5.928],[-73.388,5.93],[-73.387,5.945],[-73.382,5.952],[-73.379,5.961],[-73.374,5.967],[-73.375,5.978],[-73.371,5.997],[-73.371,6.004],[-73.387,6.024],[-73.389,6.032],[-73.397,6.043],[-73.404,6.05],[-73.404,6.057],[-73.417,6.066],[-73.418,6.069],[-73.414,6.075],[-73.427,6.069],[-73.435,6.07],[-73.445,6.077],[-73.454,6.08],[-73.467,6.093],[-73.476,6.096],[-73.487,6.101],[-73.498,6.109],[-73.514,6.099],[-73.515,6.088],[-73.526,6.075],[-73.525,6.06],[-73.531,6.051],[-73.534,6.048],[-73.541,6.036],[-73.547,6.032],[-73.557,6.03],[-73.565,6.018],[-73.58,6.012],[-73.585,6.007],[-73.591,5.98],[-73.591,5.965],[-73.604,5.936],[-73.611,5.926],[-73.622,5.923],[-73.627,5.916],[-73.63,5.914],[-73.63,5.909],[-73.632,5.898],[-73.626,5.893],[-73.614,5.89],[-73.6,5.868],[-73.609,5.846],[-73.619,5.827],[-73.62,5.82],[-73.624,5.811],[-73.626,5.799],[-73.63,5.791],[-73.626,5.778],[-73.626,5.771],[-73.63,5.759],[-73.631,5.742],[-73.637,5.736],[-73.64,5.724],[-73.647,5.712],[-73.655,5.712],[-73.657,5.713],[-73.657,5.718],[-73.665,5.727],[-73.674,5.748],[-73.681,5.75],[-73.686,5.753],[-73.698,5.756],[-73.703,5.761],[-73.704,5.767],[-73.71,5.772],[-73.711,5.776],[-73.715,5.781],[-73.719,5.774],[-73.728,5.77],[-73.733,5.77],[-73.741,5.774],[-73.744,5.771],[-73.749,5.772],[-73.758,5.77],[-73.777,5.755],[-73.782,5.748],[-73.788,5.742],[-73.791,5.738],[-73.791,5.734],[-73.795,5.729],[-73.801,5.726],[-73.813,5.714],[-73.817,5.715],[-73.82,5.717],[-73.818,5.724],[-73.819,5.734],[-73.821,5.738],[-73.826,5.74],[-73.83,5.739],[-73.836,5.74],[-73.843,5.738],[-73.845,5.734],[-73.857,5.724],[-73.856,5.719],[-73.861,5.712],[-73.874,5.707],[-73.887,5.708],[-73.884,5.713],[-73.884,5.719],[-73.878,5.724],[-73.879,5.728],[-73.876,5.731],[-73.877,5.733],[-73.881,5.734],[-73.883,5.737],[-73.89,5.739],[-73.895,5.738],[-73.897,5.736],[-73.905,5.738],[-73.908,5.736],[-73.917,5.736],[-73.922,5.738],[-73.924,5.742],[-73.945,5.737],[-73.955,5.739],[-73.961,5.739],[-73.973,5.731],[-73.982,5.721],[-73.992,5.73],[-73.993,5.735],[-73.998,5.741],[-73.998,5.747],[-74.003,5.76],[-74.007,5.762],[-74.013,5.762],[-74.012,5.775],[-74.018,5.776],[-74.019,5.782],[-74.025,5.788],[-74.025,5.798],[-74.027,5.802],[-74.026,5.807],[-74.055,5.82],[-74.06,5.82],[-74.066,5.816],[-74.08,5.82],[-74.08,5.833],[-74.085,5.842],[-74.089,5.843],[-74.093,5.857],[-74.103,5.875],[-74.107,5.877],[-74.124,5.875],[-74.135,5.877],[-74.147,5.888],[-74.165,5.897],[-74.181,5.911],[-74.184,5.908],[-74.184,5.903],[-74.191,5.884],[-74.199,5.875],[-74.199,5.871],[-74.195,5.862],[-74.195,5.859],[-74.197,5.855],[-74.202,5.853],[-74.218,5.851],[-74.223,5.847],[-74.226,5.84],[-74.23,5.836],[-74.239,5.834],[-74.255,5.834],[-74.263,5.826],[-74.268,5.838],[-74.275,5.843],[-74.274,5.849],[-74.278,5.853],[-74.278,5.86],[-74.28,5.865],[-74.277,5.866],[-74.269,5.876],[-74.258,5.883],[-74.251,5.894],[-74.239,5.899],[-74.232,5.906],[-74.228,5.912],[-74.225,5.925],[-74.228,5.93],[-74.236,5.935],[-74.239,5.944],[-74.237,5.95],[-74.225,5.961],[-74.223,5.967],[-74.226,5.975],[-74.254,6.003],[-74.259,6.011],[-74.26,6.023],[-74.264,6.036],[-74.262,6.048],[-74.263,6.054],[-74.259,6.06],[-74.26,6.065],[-74.263,6.068],[-74.275,6.073],[-74.278,6.079],[-74.297,6.082],[-74.301,6.08],[-74.305,6.075],[-74.308,6.074],[-74.314,6.07],[-74.338,6.062],[-74.341,6.058],[-74.345,6.044],[-74.347,6.041],[-74.358,6.039],[-74.369,6.045],[-74.377,6.04],[-74.38,6.041],[-74.383,6.047],[-74.387,6.053],[-74.398,6.063],[-74.401,6.077],[-74.406,6.085],[-74.412,6.088],[-74.428,6.088],[-74.444,6.093],[-74.449,6.098],[-74.451,6.11],[-74.454,6.122],[-74.454,6.137],[-74.468,6.152],[-74.475,6.156],[-74.478,6.159],[-74.473,6.173],[-74.473,6.187],[-74.471,6.2],[-74.474,6.202],[-74.482,6.202],[-74.486,6.203],[-74.495,6.21],[-74.505,6.214],[-74.51,6.219],[-74.513,6.231],[-74.519,6.24],[-74.521,6.252],[-74.526,6.262],[-74.526,6.269],[-74.521,6.276]]]]}},{"type":"Feature","properties":{"name":"Risaralda","iso":"CO-RIS"},"geometry":{"type":"MultiPolygon","coordinates":[[[[-75.867,5.488],[-75.861,5.443],[-75.858,5.438],[-75.859,5.434],[-75.859,5.428],[-75.856,5.428],[-75.854,5.424],[-75.852,5.419],[-75.853,5.415],[-75.851,5.413],[-75.853,5.409],[-75.853,5.407],[-75.854,5.405],[-75.851,5.402],[-75.855,5.394],[-75.854,5.389],[-75.859,5.386],[-75.858,5.381],[-75.86,5.373],[-75.854,5.374],[-75.847,5.369],[-75.838,5.369],[-75.833,5.361],[-75.831,5.366],[-75.823,5.364],[-75.814,5.365],[-75.809,5.362],[-75.805,5.364],[-75.798,5.366],[-75.795,5.368],[-75.788,5.369],[-75.785,5.373],[-75.779,5.375],[-75.773,5.379],[-75.772,5.383],[-75.768,5.385],[-75.766,5.387],[-75.761,5.387],[-75.759,5.388],[-75.755,5.384],[-75.75,5.386],[-75.746,5.384],[-75.741,5.384],[-75.739,5.388],[-75.739,5.396],[-75.734,5.397],[-75.73,5.395],[-75.726,5.397],[-75.714,5.389],[-75.707,5.39],[-75.703,5.377],[-75.7,5.376],[-75.698,5.372],[-75.69,5.371],[-75.683,5.362],[-75.678,5.361],[-75.675,5.356],[-75.67,5.355],[-75.666,5.35],[-75.659,5.35],[-75.653,5.351],[-75.646,5.339],[-75.64,5.339],[-75.637,5.338],[-75.636,5.336],[-75.637,5.333],[-75.636,5.329],[-75.637,5.323],[-75.635,5.316],[-75.639,5.305],[-75.645,5.307],[-75.651,5.307],[-75.656,5.296],[-75.662,5.291],[-75.663,5.281],[-75.667,5.277],[-75.665,5.272],[-75.666,5.268],[-75.692,5.256],[-75.694,5.259],[-75.696,5.26],[-75.697,5.262],[-75.701,5.261],[-75.705,5.262],[-75.705,5.26],[-75.708,5.26],[-75.714,5.263],[-75.719,5.261],[-75.73,5.266],[-75.735,5.264],[-75.735,5.266],[-75.736,5.267],[-75.737,5.271],[-75.739,5.27],[-75.741,5.273],[-75.744,5.273],[-75.746,5.275],[-75.748,5.284],[-75.754,5.283],[-75.763,5.274],[-75.767,5.273],[-75.774,5.274],[-75.78,5.277],[-75.787,5.285],[-75.794,5.286],[-75.796,5.282],[-75.799,5.28],[-75.803,5.281],[-75.813,5.272],[-75.817,5.27],[-75.823,5.27],[-75.825,5.26],[-75.82,5.25],[-75.82,5.243],[-75.813,5.236],[-75.811,5.237],[-75.806,5.236],[-75.804,5.222],[-75.806,5.218],[-75.808,5.207],[-75.802,5.202],[-75.804,5.195],[-75.809,5.188],[-75.814,5.188],[-75.814,5.185],[-75.816,5.185],[-75.814,5.183],[-75.815,5.18],[-75.818,5.179],[-75.817,5.176],[-75.819,5.173],[-75.822,5.172],[-75.824,5.164],[-75.826,5.162],[-75.826,5.159],[-75.828,5.153],[-75.833,5.152],[-75.834,5.15],[-75.831,5.146],[-75.834,5.143],[-75.832,5.139],[-75.834,5.133],[-75.838,5.129],[-75.839,5.126],[-75.837,5.124],[-75.836,5.115],[-75.839,5.113],[-75.843,5.111],[-75.844,5.107],[-75.847,5.105],[-75.848,5.108],[-75.85,5.111],[-75.854,5.112],[-75.865,5.121],[-75.875,5.135],[-75.877,5.13],[-75.889,5.129],[-75.89,5.126],[-75.891,5.126],[-75.892,5.124],[-75.891,5.118],[-75.894,5.117],[-75.898,5.119],[-75.898,5.116],[-75.902,5.11],[-75.901,5.105],[-75.903,5.098],[-75.909,5.087],[-75.913,5.084],[-75.914,5.076],[-75.911,5.074],[-75.911,5.069],[-75.914,5.063],[-75.918,5.06],[-75.921,5.048],[-75.92,5.045],[-75.923,5.041],[-75.915,5.035],[-75.91,5.025],[-75.907,5.026],[-75.906,5.024],[-75.904,5.024],[-75.902,5.011],[-75.905,5.007],[-75.903,5.0],[-75.904,4.993],[-75.9,4.988],[-75.899,4.983],[-75.897,4.981],[-75.897,4.975],[-75.895,4.969],[-75.896,4.963],[-75.891,4.961],[-75.887,4.957],[-75.88,4.959],[-75.878,4.951],[-75.875,4.95],[-75.872,4.951],[-75.868,4.945],[-75.864,4.944],[-75.864,4.942],[-75.861,4.943],[-75.861,4.94],[-75.863,4.938],[-75.866,4.941],[-75.867,4.94],[-75.864,4.935],[-75.86,4.934],[-75.858,4.932],[-75.851,4.931],[-75.846,4.928],[-75.841,4.929],[-75.836,4.926],[-75.832,4.927],[-75.826,4.922],[-75.815,4.919],[-75.813,4.923],[-75.807,4.928],[-75.804,4.936],[-75.792,4.938],[-75.788,4.95],[-75.793,4.955],[-75.796,4.968],[-75.791,4.975],[-75.793,4.98],[-75.789,4.984],[-75.786,4.984],[-75.786,4.99],[-75.778,4.993],[-75.779,4.994],[-75.784,4.995],[-75.786,4.997],[-75.78,5.003],[-75.781,5.011],[-75.779,5.01],[-75.778,5.007],[-75.77,5.008],[-75.77,5.01],[-75.774,5.015],[-75.773,5.02],[-75.769,5.023],[-75.766,5.022],[-75.763,5.024],[-75.76,5.028],[-75.759,5.037],[-75.748,5.046],[-75.744,5.044],[-75.739,5.029],[-75.732,5.024],[-75.731,5.021],[-75.735,5.021],[-75.735,5.02],[-75.728,5.01],[-75.729,5.008],[-75.726,5.007],[-75.726,5.002],[-75.721,4.996],[-75.72,4.984],[-75.719,4.983],[-75.716,4.983],[-75.717,4.981],[-75.715,4.974],[-75.716,4.97],[-75.712,4.96],[-75.71,4.959],[-75.707,4.952],[-75.704,4.951],[-75.699,4.944],[-75.688,4.944],[-75.682,4.943],[-75.675,4.944],[-75.663,4.943],[-75.653,4.947],[-75.651,4.948],[-75.653,4.953],[-75.653,4.958],[-75.645,4.962],[-75.645,4.966],[-75.643,4.968],[-75.64,4.967],[-75.64,4.97],[-75.642,4.971],[-75.64,4.973],[-75.641,4.975],[-75.639,4.976],[-75.636,4.971],[-75.631,4.972],[-75.629,4.971],[-75.622,4.971],[-75.625,4.968],[-75.624,4.965],[-75.623,4.963],[-75.62,4.963],[-75.62,4.958],[-75.617,4.955],[-75.618,4.932],[-75.609,4.933],[-75.599,4.93],[-75.595,4.927],[-75.592,4.928],[-75.589,4.933],[-75.584,4.932],[-75.569,4.936],[-75.562,4.934],[-75.559,4.925],[-75.557,4.924],[-75.552,4.924],[-75.548,4.926],[-75.544,4.926],[-75.542,4.919],[-75.54,4.917],[-75.53,4.917],[-75.524,4.923],[-75.51,4.925],[-75.494,4.921],[-75.487,4.917],[-75.481,4.917],[-75.48,4.915],[-75.484,4.909],[-75.483,4.906],[-75.476,4.904],[-75.474,4.889],[-75.471,4.887],[-75.459,4.886],[-75.456,4.884],[-75.455,4.875],[-75.452,4.869],[-75.439,4.855],[-75.438,4.85],[-75.44,4.845],[-75.438,4.842],[-75.439,4.84],[-75.43,4.834],[-75.43,4.826],[-75.427,4.818],[-75.418,4.813],[-75.407,4.805],[-75.399,4.807],[-75.39,4.803],[-75.382,4.805],[-75.375,4.804],[-75.378,4.798],[-75.377,4.788],[-75.381,4.774],[-75.38,4.764],[-75.381,4.76],[-75.388,4.751],[-75.388,4.747],[-75.386,4.744],[-75.384,4.736],[-75.378,4.73],[-75.387,4.722],[-75.388,4.716],[-75.395,4.717],[-75.401,4.711],[-75.407,4.71],[-75.409,4.703],[-75.413,4.698],[-75.421,4.696],[-75.425,4.694],[-75.432,4.698],[-75.437,4.697],[-75.439,4.696],[-75.44,4.685],[-75.442,4.682],[-75.448,4.68],[-75.457,4.681],[-75.466,4.68],[-75.472,4.674],[-75.476,4.667],[-75.48,4.665],[-75.484,4.665],[-75.495,4.67],[-75.499,4.673],[-75.504,4.682],[-75.521,4.694],[-75.526,4.693],[-75.533,4.695],[-75.537,4.697],[-75.552,4.703],[-75.562,4.7],[-75.567,4.701],[-75.582,4.699],[-75.586,4.7],[-75.587,4.705],[-75.595,4.703],[-75.602,4.707],[-75.603,4.709],[-75.604,4.708],[-75.607,4.709],[-75.608,4.707],[-75.611,4.706],[-75.615,4.701],[-75.621,4.701],[-75.626,4.705],[-75.63,4.703],[-75.635,4.705],[-75.639,4.703],[-75.64,4.706],[-75.641,4.706],[-75.647,4.71],[-75.647,4.708],[-75.653,4.706],[-75.657,4.7],[-75.66,4.7],[-75.668,4.702],[-75.67,4.705],[-75.67,4.707],[-75.676,4.708],[-75.684,4.715],[-75.688,4.714],[-75.692,4.719],[-75.693,4.718],[-75.693,4.72],[-75.696,4.719],[-75.697,4.721],[-75.7,4.72],[-75.703,4.721],[-75.709,4.716],[-75.712,4.717],[-75.714,4.713],[-75.72,4.712],[-75.721,4.711],[-75.722,4.712],[-75.725,4.711],[-75.727,4.709],[-75.729,4.71],[-75.73,4.708],[-75.731,4.711],[-75.731,4.708],[-75.733,4.71],[-75.734,4.708],[-75.735,4.71],[-75.739,4.709],[-75.739,4.711],[-75.742,4.712],[-75.744,4.71],[-75.745,4.712],[-75.747,4.711],[-75.747,4.713],[-75.75,4.711],[-75.751,4.712],[-75.753,4.71],[-75.754,4.712],[-75.754,4.71],[-75.758,4.71],[-75.758,4.712],[-75.761,4.711],[-75.764,4.716],[-75.77,4.714],[-75.773,4.717],[-75.771,4.719],[-75.773,4.718],[-75.773,4.72],[-75.775,4.719],[-75.775,4.721],[-75.777,4.721],[-75.777,4.722],[-75.779,4.721],[-75.78,4.722],[-75.78,4.72],[-75.783,4.719],[-75.785,4.722],[-75.786,4.719],[-75.788,4.719],[-75.79,4.717],[-75.79,4.718],[-75.79,4.717],[-75.792,4.717],[-75.792,4.718],[-75.794,4.72],[-75.796,4.719],[-75.797,4.721],[-75.8,4.721],[-75.799,4.724],[-75.802,4.723],[-75.802,4.725],[-75.801,4.726],[-75.803,4.729],[-75.806,4.728],[-75.807,4.727],[-75.808,4.728],[-75.808,4.73],[-75.812,4.728],[-75.811,4.73],[-75.815,4.73],[-75.819,4.732],[-75.819,4.734],[-75.821,4.732],[-75.821,4.734],[-75.823,4.733],[-75.831,4.737],[-75.842,4.728],[-75.843,4.729],[-75.844,4.728],[-75.847,4.731],[-75.851,4.732],[-75.856,4.728],[-75.856,4.731],[-75.849,4.738],[-75.846,4.748],[-75.847,4.756],[-75.845,4.76],[-75.845,4.766],[-75.847,4.769],[-75.847,4.772],[-75.848,4.774],[-75.848,4.776],[-75.851,4.779],[-75.857,4.778],[-75.863,4.774],[-75.87,4.775],[-75.878,4.769],[-75.879,4.763],[-75.889,4.755],[-75.898,4.759],[-75.907,4.752],[-75.917,4.757],[-75.913,4.761],[-75.915,4.764],[-75.92,4.76],[-75.922,4.76],[-75.924,4.761],[-75.924,4.763],[-75.92,4.768],[-75.92,4.769],[-75.925,4.77],[-75.926,4.767],[-75.928,4.766],[-75.929,4.77],[-75.927,4.774],[-75.928,4.78],[-75.922,4.777],[-75.922,4.781],[-75.929,4.784],[-75.927,4.788],[-75.921,4.788],[-75.919,4.79],[-75.918,4.794],[-75.922,4.798],[-75.923,4.802],[-75.927,4.8],[-75.931,4.8],[-75.932,4.803],[-75.931,4.806],[-75.936,4.807],[-75.934,4.81],[-75.927,4.812],[-75.921,4.817],[-75.918,4.816],[-75.918,4.814],[-75.912,4.815],[-75.91,4.817],[-75.911,4.826],[-75.903,4.837],[-75.907,4.846],[-75.906,4.849],[-75.902,4.849],[-75.901,4.854],[-75.912,4.861],[-75.915,4.875],[-75.921,4.869],[-75.925,4.867],[-75.928,4.863],[-75.945,4.857],[-75.956,4.864],[-75.971,4.859],[-75.989,4.873],[-75.99,4.881],[-75.987,4.903],[-75.988,4.912],[-75.992,4.912],[-76.002,4.921],[-76.012,4.926],[-76.013,4.93],[-76.021,4.936],[-76.027,4.938],[-76.032,4.954],[-76.034,4.957],[-76.035,4.966],[-76.039,4.973],[-76.043,4.984],[-76.046,4.987],[-76.045,4.994],[-76.049,5.0],[-76.05,5.008],[-76.054,5.01],[-76.058,5.014],[-76.064,5.015],[-76.066,5.017],[-76.068,5.024],[-76.078,5.036],[-76.079,5.035],[-76.092,5.037],[-76.096,5.035],[-76.094,5.043],[-76.086,5.048],[-76.08,5.05],[-76.077,5.052],[-76.074,5.06],[-76.074,5.07],[-76.07,5.078],[-76.07,5.096],[-76.069,5.104],[-76.064,5.117],[-76.061,5.13],[-76.067,5.138],[-76.079,5.141],[-76.085,5.145],[-76.099,5.159],[-76.116,5.169],[-76.129,5.18],[-76.136,5.199],[-76.144,5.231],[-76.158,5.242],[-76.164,5.253],[-76.171,5.285],[-76.182,5.293],[-76.191,5.305],[-76.193,5.312],[-76.198,5.318],[-76.197,5.321],[-76.199,5.323],[-76.198,5.329],[-76.203,5.331],[-76.201,5.337],[-76.203,5.341],[-76.203,5.343],[-76.205,5.346],[-76.207,5.345],[-76.212,5.347],[-76.207,5.349],[-76.203,5.353],[-76.205,5.357],[-76.201,5.36],[-76.201,5.363],[-76.205,5.365],[-76.204,5.367],[-76.198,5.37],[-76.198,5.372],[-76.2,5.376],[-76.197,5.379],[-76.196,5.393],[-76.19,5.399],[-76.189,5.406],[-76.184,5.411],[-76.17,5.414],[-76.14,5.416],[-76.132,5.422],[-76.121,5.421],[-76.113,5.431],[-76.109,5.444],[-76.104,5.451],[-76.097,5.451],[-76.09,5.445],[-76.087,5.445],[-76.08,5.473],[-76.077,5.508],[-76.079,5.532],[-76.078,5.537],[-76.075,5.547],[-76.067,5.552],[-76.058,5.552],[-76.05,5.555],[-76.041,5.564],[-76.037,5.565],[-76.014,5.564],[-76.009,5.568],[-76.008,5.563],[-76.002,5.56],[-76.002,5.553],[-75.999,5.542],[-75.99,5.536],[-75.988,5.528],[-75.983,5.519],[-75.969,5.513],[-75.964,5.512],[-75.96,5.505],[-75.954,5.509],[-75.936,5.51],[-75.93,5.509],[-75.931,5.506],[-75.926,5.501],[-75.923,5.494],[-75.915,5.489],[-75.908,5.486],[-75.906,5.48],[-75.892,5.484],[-75.884,5.484],[-75.871,5.493],[-75.867,5.488]]]]}},{"type":"Feature","properties":{"name":"Putumayo","iso":"CO-PUT"},"geometry":{"type":"MultiPolygon","coordinates":[[[[-73.841,-0.398],[-74.381,-0.551],[-74.388,-0.559],[-74.387,-0.555],[-74.392,-0.542],[-74.398,-0.54],[-74.408,-0.557],[-74.412,-0.559],[-74.42,-0.56],[-74.424,-0.55],[-74.424,-0.521],[-74.42,-0.504],[-74.422,-0.499],[-74.438,-0.497],[-74.451,-0.49],[-74.466,-0.487],[-74.47,-0.478],[-74.474,-0.473],[-74.483,-0.477],[-74.487,-0.489],[-74.497,-0.488],[-74.501,-0.485],[-74.501,-0.482],[-74.495,-0.471],[-74.498,-0.462],[-74.504,-0.462],[-74.521,-0.47],[-74.537,-0.459],[-74.544,-0.419],[-74.554,-0.408],[-74.578,-0.39],[-74.589,-0.383],[-74.608,-0.384],[-74.616,-0.378],[-74.616,-0.373],[-74.607,-0.357],[-74.608,-0.352],[-74.612,-0.351],[-74.645,-0.361],[-74.65,-0.363],[-74.66,-0.374],[-74.671,-0.372],[-74.676,-0.366],[-74.68,-0.348],[-74.676,-0.336],[-74.679,-0.331],[-74.686,-0.329],[-74.694,-0.334],[-74.708,-0.349],[-74.719,-0.348],[-74.728,-0.343],[-74.733,-0.334],[-74.729,-0.309],[-74.729,-0.297],[-74.733,-0.286],[-74.741,-0.279],[-74.754,-0.247],[-74.762,-0.224],[-74.775,-0.209],[-74.781,-0.204],[-74.786,-0.195],[-74.793,-0.189],[-74.801,-0.187],[-74.806,-0.188],[-74.82,-0.199],[-74.831,-0.205],[-74.845,-0.231],[-74.858,-0.239],[-74.876,-0.239],[-74.883,-0.243],[-74.895,-0.236],[-74.903,-0.214],[-74.908,-0.206],[-74.912,-0.202],[-74.916,-0.202],[-74.916,-0.219],[-74.918,-0.224],[-74.924,-0.228],[-74.928,-0.226],[-74.931,-0.221],[-74.932,-0.208],[-74.935,-0.202],[-74.949,-0.2],[-74.956,-0.195],[-74.96,-0.177],[-74.97,-0.167],[-74.973,-0.155],[-74.985,-0.148],[-75.012,-0.149],[-75.041,-0.113],[-75.054,-0.11],[-75.077,-0.082],[-75.091,-0.08],[-75.108,-0.075],[-75.121,-0.074],[-75.132,-0.071],[-75.162,-0.045],[-75.176,-0.04],[-75.193,-0.039],[-75.211,-0.049],[-75.223,-0.08],[-75.248,-0.112],[-75.258,-0.116],[-75.269,-0.125],[-75.273,-0.125],[-75.278,-0.124],[-75.289,-0.113],[-75.298,-0.107],[-75.306,-0.106],[-75.33,-0.107],[-75.34,-0.104],[-75.346,-0.095],[-75.355,-0.092],[-75.367,-0.091],[-75.379,-0.095],[-75.393,-0.097],[-75.428,-0.086],[-75.452,-0.069],[-75.465,-0.052],[-75.469,-0.05],[-75.485,-0.049],[-75.49,-0.048],[-75.511,-0.037],[-75.526,-0.025],[-75.53,-0.019],[-75.536,-0.018],[-75.568,-0.027],[-75.575,-0.027],[-75.582,-0.018],[-75.582,-0.006],[-75.58,-0.0],[-75.579,0.005],[-75.582,0.014],[-75.588,0.017],[-75.601,0.013],[-75.61,0.017],[-75.617,0.029],[-75.622,0.033],[-75.628,0.036],[-75.63,0.04],[-75.628,0.043],[-75.629,0.045],[-75.633,0.047],[-75.64,0.047],[-75.643,0.035],[-75.648,0.032],[-75.652,0.031],[-75.658,0.036],[-75.672,0.042],[-75.684,0.037],[-75.704,0.041],[-75.712,0.041],[-75.726,0.039],[-75.742,0.04],[-75.753,0.037],[-75.76,0.04],[-75.769,0.049],[-75.775,0.052],[-75.78,0.051],[-75.788,0.056],[-75.802,0.05],[-75.807,0.051],[-75.81,0.056],[-75.814,0.075],[-75.823,0.088],[-75.832,0.094],[-75.841,0.105],[-75.846,0.114],[-75.85,0.128],[-75.855,0.132],[-75.862,0.135],[-75.867,0.13],[-75.873,0.119],[-75.878,0.118],[-75.881,0.121],[-75.88,0.135],[-75.882,0.139],[-75.886,0.142],[-75.897,0.137],[-75.903,0.137],[-75.905,0.14],[-75.905,0.143],[-75.897,0.151],[-75.896,0.159],[-75.898,0.162],[-75.917,0.173],[-75.921,0.177],[-75.924,0.187],[-75.931,0.196],[-75.943,0.201],[-75.952,0.201],[-75.955,0.203],[-75.959,0.209],[-75.959,0.213],[-75.951,0.215],[-75.951,0.22],[-75.951,0.221],[-75.957,0.223],[-75.958,0.227],[-75.958,0.235],[-75.959,0.238],[-75.976,0.24],[-75.996,0.247],[-76.004,0.247],[-76.005,0.248],[-76.006,0.252],[-76.003,0.255],[-75.986,0.253],[-75.982,0.256],[-75.983,0.26],[-75.985,0.264],[-75.995,0.265],[-75.996,0.267],[-75.996,0.284],[-75.998,0.289],[-76.004,0.296],[-76.009,0.3],[-76.034,0.305],[-76.038,0.307],[-76.045,0.313],[-76.053,0.33],[-76.057,0.333],[-76.068,0.336],[-76.083,0.336],[-76.086,0.335],[-76.097,0.318],[-76.108,0.314],[-76.113,0.316],[-76.117,0.319],[-76.12,0.325],[-76.121,0.33],[-76.118,0.339],[-76.119,0.346],[-76.128,0.367],[-76.133,0.371],[-76.151,0.38],[-76.158,0.388],[-76.167,0.379],[-76.181,0.372],[-76.192,0.373],[-76.198,0.377],[-76.205,0.385],[-76.209,0.386],[-76.223,0.377],[-76.226,0.377],[-76.228,0.379],[-76.231,0.402],[-76.233,0.403],[-76.238,0.405],[-76.25,0.398],[-76.257,0.401],[-76.261,0.406],[-76.259,0.416],[-76.259,0.424],[-76.262,0.427],[-76.274,0.436],[-76.278,0.437],[-76.283,0.435],[-76.292,0.423],[-76.297,0.421],[-76.304,0.423],[-76.31,0.434],[-76.313,0.435],[-76.314,0.434],[-76.331,0.413],[-76.334,0.387],[-76.344,0.381],[-76.349,0.38],[-76.355,0.381],[-76.362,0.391],[-76.37,0.394],[-76.375,0.393],[-76.397,0.382],[-76.411,0.38],[-76.411,0.242],[-76.413,0.241],[-76.422,0.235],[-76.427,0.234],[-76.43,0.241],[-76.424,0.248],[-76.424,0.252],[-76.426,0.255],[-76.435,0.258],[-76.445,0.256],[-76.444,0.249],[-76.442,0.243],[-76.447,0.239],[-76.477,0.239],[-76.487,0.242],[-76.504,0.236],[-76.514,0.241],[-76.525,0.253],[-76.533,0.259],[-76.568,0.244],[-76.575,0.235],[-76.582,0.229],[-76.581,0.222],[-76.586,0.219],[-76.591,0.221],[-76.594,0.227],[-76.605,0.231],[-76.614,0.245],[-76.618,0.254],[-76.626,0.262],[-76.637,0.26],[-76.649,0.252],[-76.653,0.251],[-76.656,0.254],[-76.654,0.266],[-76.656,0.271],[-76.664,0.272],[-76.679,0.27],[-76.688,0.275],[-76.702,0.279],[-76.713,0.269],[-76.717,0.273],[-76.727,0.285],[-76.733,0.289],[-76.736,0.287],[-76.739,0.281],[-76.742,0.278],[-76.753,0.275],[-76.767,0.263],[-76.767,0.261],[-76.765,0.259],[-76.756,0.259],[-76.753,0.257],[-76.752,0.253],[-76.756,0.248],[-76.768,0.243],[-76.771,0.244],[-76.773,0.245],[-76.775,0.253],[-76.783,0.26],[-76.79,0.264],[-76.798,0.264],[-76.807,0.261],[-76.811,0.256],[-76.817,0.257],[-76.823,0.255],[-76.842,0.24],[-76.846,0.239],[-76.851,0.24],[-76.859,0.246],[-76.875,0.251],[-76.879,0.251],[-76.887,0.246],[-76.896,0.248],[-76.903,0.246],[-76.908,0.246],[-76.917,0.251],[-76.923,0.256],[-76.935,0.262],[-76.935,0.265],[-76.93,0.268],[-76.928,0.271],[-76.929,0.274],[-76.933,0.277],[-76.938,0.276],[-76.946,0.268],[-76.958,0.269],[-76.967,0.272],[-76.98,0.267],[-76.986,0.266],[-76.996,0.279],[-76.998,0.288],[-77.007,0.294],[-77.011,0.294],[-77.015,0.291],[-77.025,0.279],[-77.027,0.277],[-77.032,0.278],[-77.035,0.284],[-77.04,0.286],[-77.045,0.291],[-77.051,0.291],[-77.052,0.286],[-77.053,0.285],[-77.065,0.287],[-77.072,0.284],[-77.076,0.284],[-77.081,0.291],[-77.082,0.296],[-77.089,0.302],[-77.087,0.305],[-77.08,0.311],[-77.082,0.317],[-77.085,0.321],[-77.094,0.325],[-77.098,0.336],[-77.107,0.345],[-77.108,0.35],[-77.106,0.355],[-77.111,0.365],[-77.113,0.372],[-77.112,0.374],[-77.113,0.382],[-77.111,0.384],[-77.108,0.382],[-77.107,0.378],[-77.106,0.378],[-77.104,0.382],[-77.1,0.379],[-77.096,0.384],[-77.097,0.396],[-77.09,0.393],[-77.088,0.397],[-77.09,0.4],[-77.095,0.402],[-77.092,0.405],[-77.094,0.414],[-77.092,0.419],[-77.09,0.42],[-77.089,0.426],[-77.093,0.429],[-77.095,0.431],[-77.102,0.428],[-77.108,0.443],[-77.107,0.45],[-77.102,0.46],[-77.101,0.47],[-77.105,0.478],[-77.115,0.481],[-77.117,0.484],[-77.117,0.495],[-77.124,0.505],[-77.12,0.508],[-77.12,0.51],[-77.122,0.515],[-77.128,0.519],[-77.13,0.526],[-77.131,0.538],[-77.128,0.547],[-77.13,0.55],[-77.13,0.556],[-77.125,0.556],[-77.119,0.562],[-77.116,0.56],[-77.114,0.562],[-77.118,0.567],[-77.119,0.57],[-77.119,0.579],[-77.117,0.583],[-77.119,0.587],[-77.117,0.59],[-77.118,0.592],[-77.117,0.593],[-77.119,0.594],[-77.122,0.593],[-77.122,0.597],[-77.123,0.596],[-77.126,0.602],[-77.128,0.597],[-77.132,0.596],[-77.14,0.604],[-77.157,0.606],[-77.17,0.613],[-77.176,0.617],[-77.187,0.631],[-77.14,0.82],[-77.137,0.823],[-77.118,0.827],[-77.102,0.834],[-77.108,0.844],[-77.114,0.85],[-77.117,0.854],[-77.118,0.859],[-77.116,0.865],[-77.116,0.876],[-77.124,0.882],[-77.119,0.901],[-77.108,0.904],[-77.1,0.913],[-77.09,0.915],[-77.088,0.924],[-77.084,0.929],[-77.083,0.934],[-77.08,0.937],[-77.078,0.941],[-77.073,0.945],[-77.074,0.952],[-77.079,0.958],[-77.078,0.963],[-77.066,0.974],[-77.058,0.977],[-77.048,0.978],[-77.042,0.986],[-77.039,0.993],[-77.03,0.994],[-77.029,0.996],[-77.029,1.005],[-77.027,1.012],[-77.029,1.021],[-77.034,1.028],[-77.038,1.037],[-77.039,1.046],[-77.047,1.038],[-77.053,1.034],[-77.059,1.035],[-77.062,1.038],[-77.064,1.042],[-77.065,1.053],[-77.067,1.055],[-77.083,1.063],[-77.089,1.068],[-77.091,1.071],[-77.095,1.083],[-77.091,1.107],[-77.091,1.118],[-77.095,1.132],[-77.097,1.164],[-77.089,1.174],[-77.086,1.181],[-77.092,1.184],[-77.097,1.185],[-77.103,1.189],[-77.111,1.191],[-77.115,1.194],[-77.119,1.199],[-77.122,1.215],[-77.106,1.216],[-77.096,1.22],[-77.09,1.219],[-77.087,1.222],[-77.081,1.224],[-77.076,1.236],[-77.076,1.245],[-77.071,1.25],[-77.064,1.254],[-77.054,1.262],[-77.049,1.272],[-77.037,1.274],[-77.022,1.284],[-77.012,1.286],[-77.005,1.292],[-77.002,1.299],[-76.996,1.3],[-76.991,1.302],[-76.988,1.3],[-76.983,1.301],[-76.979,1.305],[-76.979,1.315],[-76.975,1.322],[-76.964,1.311],[-76.957,1.308],[-76.951,1.3],[-76.951,1.295],[-76.948,1.294],[-76.945,1.289],[-76.939,1.287],[-76.934,1.286],[-76.928,1.28],[-76.927,1.274],[-76.923,1.275],[-76.916,1.281],[-76.913,1.288],[-76.904,1.298],[-76.903,1.306],[-76.906,1.31],[-76.903,1.318],[-76.904,1.321],[-76.913,1.328],[-76.915,1.333],[-76.922,1.336],[-76.921,1.346],[-76.914,1.342],[-76.895,1.361],[-76.887,1.372],[-76.881,1.373],[-76.876,1.371],[-76.872,1.371],[-76.868,1.375],[-76.86,1.376],[-76.858,1.381],[-76.854,1.384],[-76.828,1.392],[-76.817,1.4],[-76.807,1.401],[-76.799,1.409],[-76.794,1.41],[-76.789,1.412],[-76.781,1.411],[-76.771,1.413],[-76.765,1.418],[-76.75,1.421],[-76.741,1.43],[-76.731,1.431],[-76.725,1.433],[-76.716,1.44],[-76.702,1.443],[-76.686,1.455],[-76.676,1.467],[-76.667,1.467],[-76.66,1.459],[-76.653,1.459],[-76.647,1.455],[-76.644,1.45],[-76.636,1.442],[-76.635,1.433],[-76.628,1.429],[-76.625,1.424],[-76.612,1.422],[-76.603,1.415],[-76.602,1.412],[-76.601,1.406],[-76.591,1.396],[-76.592,1.391],[-76.591,1.39],[-76.576,1.39],[-76.574,1.388],[-76.574,1.384],[-76.578,1.376],[-76.577,1.361],[-76.578,1.352],[-76.583,1.346],[-76.585,1.342],[-76.584,1.338],[-76.576,1.328],[-76.574,1.319],[-76.584,1.305],[-76.587,1.299],[-76.584,1.29],[-76.583,1.281],[-76.581,1.276],[-76.575,1.27],[-76.571,1.263],[-76.57,1.245],[-76.548,1.225],[-76.544,1.223],[-76.538,1.21],[-76.538,1.206],[-76.543,1.195],[-76.542,1.184],[-76.545,1.178],[-76.543,1.172],[-76.545,1.165],[-76.544,1.159],[-76.548,1.152],[-76.55,1.142],[-76.548,1.134],[-76.55,1.124],[-76.555,1.114],[-76.566,1.104],[-76.566,1.101],[-76.563,1.095],[-76.567,1.087],[-76.566,1.085],[-76.562,1.082],[-76.562,1.075],[-76.556,1.069],[-76.555,1.06],[-76.548,1.049],[-76.546,1.038],[-76.537,1.033],[-76.529,1.034],[-76.523,1.03],[-76.516,1.031],[-76.506,1.03],[-76.502,1.032],[-76.493,1.028],[-76.492,1.023],[-76.487,1.016],[-76.485,1.008],[-76.48,1.002],[-76.467,0.999],[-76.459,0.991],[-76.454,0.989],[-76.451,0.984],[-76.445,0.981],[-76.446,0.978],[-76.445,0.969],[-76.437,0.968],[-76.426,0.96],[-76.424,0.96],[-76.419,0.963],[-76.416,0.963],[-76.413,0.961],[-76.411,0.962],[-76.409,0.968],[-76.406,0.972],[-76.403,0.979],[-76.397,0.98],[-76.386,0.975],[-76.371,0.984],[-76.349,0.98],[-76.348,0.979],[-76.349,0.978],[-76.349,0.976],[-76.346,0.975],[-76.342,0.979],[-76.335,0.981],[-76.335,0.974],[-76.329,0.969],[-76.332,0.962],[-76.33,0.959],[-76.317,0.965],[-76.311,0.966],[-76.301,0.963],[-76.297,0.963],[-76.284,0.971],[-76.282,0.979],[-76.277,0.982],[-76.272,0.98],[-76.269,0.971],[-76.259,0.973],[-76.252,0.981],[-76.249,0.981],[-76.249,0.977],[-76.246,0.969],[-76.241,0.965],[-76.236,0.965],[-76.234,0.966],[-76.234,0.97],[-76.239,0.978],[-76.236,0.982],[-76.233,0.982],[-76.227,0.98],[-76.206,0.98],[-76.203,0.981],[-76.197,0.99],[-76.191,0.993],[-76.189,0.996],[-76.188,0.999],[-76.19,1.003],[-76.195,1.006],[-76.198,1.006],[-76.203,1.001],[-76.206,1.001],[-76.208,1.002],[-76.209,1.006],[-76.204,1.017],[-76.201,1.018],[-76.192,1.01],[-76.183,1.013],[-76.182,1.016],[-76.185,1.022],[-76.184,1.025],[-76.173,1.03],[-76.167,1.03],[-76.153,1.019],[-76.15,1.02],[-76.146,1.022],[-76.145,1.018],[-76.133,1.009],[-76.125,1.007],[-76.116,1.01],[-76.112,1.013],[-76.105,1.024],[-76.103,1.025],[-76.097,1.02],[-76.092,1.019],[-76.08,1.021],[-76.075,1.027],[-76.075,1.033],[-76.081,1.045],[-76.092,1.049],[-76.094,1.053],[-76.091,1.057],[-76.088,1.058],[-76.084,1.057],[-76.069,1.053],[-76.051,1.047],[-76.047,1.048],[-76.039,1.053],[-76.033,1.05],[-76.02,1.048],[-76.008,1.057],[-76.006,1.056],[-76.001,1.052],[-76.002,1.036],[-76.0,1.029],[-75.997,1.027],[-75.995,1.027],[-75.99,1.032],[-75.987,1.046],[-75.988,1.052],[-75.991,1.059],[-75.995,1.063],[-76.0,1.064],[-76.0,1.066],[-75.999,1.071],[-75.994,1.071],[-75.987,1.069],[-75.976,1.061],[-75.962,1.043],[-75.948,1.032],[-75.943,1.029],[-75.936,1.028],[-75.928,1.031],[-75.923,1.031],[-75.92,1.029],[-75.92,1.026],[-75.92,1.017],[-75.933,1.006],[-75.934,1.0],[-75.932,0.992],[-75.934,0.989],[-75.949,0.983],[-75.95,0.981],[-75.948,0.977],[-75.942,0.976],[-75.935,0.98],[-75.93,0.98],[-75.916,0.976],[-75.906,0.971],[-75.904,0.967],[-75.904,0.956],[-75.903,0.946],[-75.895,0.936],[-75.891,0.933],[-75.869,0.925],[-75.863,0.92],[-75.862,0.914],[-75.866,0.905],[-75.866,0.898],[-75.86,0.887],[-75.853,0.883],[-75.851,0.88],[-75.84,0.877],[-75.833,0.877],[-75.822,0.882],[-75.816,0.891],[-75.809,0.897],[-75.798,0.894],[-75.789,0.881],[-75.773,0.867],[-75.765,0.852],[-75.763,0.84],[-75.761,0.837],[-75.757,0.837],[-75.754,0.838],[-75.748,0.844],[-75.745,0.852],[-75.734,0.86],[-75.719,0.861],[-75.707,0.86],[-75.69,0.863],[-75.678,0.858],[-75.658,0.868],[-75.648,0.878],[-75.643,0.879],[-75.634,0.873],[-75.618,0.867],[-75.614,0.864],[-75.612,0.86],[-75.613,0.852],[-75.612,0.844],[-75.608,0.838],[-75.577,0.834],[-75.562,0.829],[-75.556,0.83],[-75.548,0.832],[-75.542,0.832],[-75.54,0.831],[-75.536,0.822],[-75.538,0.812],[-75.537,0.8],[-75.538,0.791],[-75.537,0.788],[-75.534,0.783],[-75.512,0.77],[-75.503,0.768],[-75.498,0.77],[-75.492,0.778],[-75.486,0.782],[-75.483,0.782],[-75.475,0.777],[-75.473,0.769],[-75.473,0.762],[-75.47,0.759],[-75.461,0.755],[-75.456,0.755],[-75.44,0.746],[-75.433,0.745],[-75.415,0.737],[-75.408,0.736],[-75.401,0.738],[-75.39,0.752],[-75.382,0.755],[-75.357,0.753],[-75.351,0.759],[-75.343,0.77],[-75.338,0.772],[-75.334,0.77],[-75.333,0.767],[-75.331,0.752],[-75.323,0.745],[-75.317,0.744],[-75.306,0.746],[-75.302,0.743],[-75.301,0.734],[-75.298,0.729],[-75.293,0.727],[-75.289,0.728],[-75.28,0.726],[-75.27,0.727],[-75.267,0.725],[-75.261,0.719],[-75.256,0.706],[-75.263,0.687],[-75.273,0.675],[-75.274,0.666],[-75.26,0.653],[-75.247,0.65],[-75.235,0.651],[-75.226,0.645],[-75.217,0.627],[-75.219,0.617],[-75.213,0.608],[-75.21,0.592],[-75.212,0.587],[-75.216,0.583],[-75.224,0.583],[-75.234,0.578],[-75.235,0.574],[-75.234,0.561],[-75.228,0.543],[-75.211,0.516],[-75.198,0.506],[-75.199,0.499],[-75.203,0.493],[-75.206,0.492],[-75.219,0.494],[-75.222,0.491],[-75.222,0.486],[-75.22,0.483],[-75.206,0.482],[-75.192,0.487],[-75.185,0.485],[-75.172,0.485],[-75.159,0.482],[-75.151,0.483],[-75.144,0.487],[-75.128,0.504],[-75.118,0.512],[-75.105,0.514],[-75.097,0.511],[-75.095,0.498],[-75.097,0.486],[-75.106,0.476],[-75.104,0.473],[-75.094,0.474],[-75.08,0.48],[-75.072,0.486],[-75.059,0.485],[-75.049,0.479],[-75.043,0.479],[-75.032,0.483],[-75.028,0.482],[-75.019,0.476],[-75.008,0.453],[-75.005,0.439],[-74.987,0.422],[-74.984,0.415],[-74.982,0.405],[-74.986,0.399],[-75.0,0.393],[-75.011,0.393],[-75.017,0.385],[-75.007,0.337],[-74.998,0.333],[-74.983,0.322],[-74.98,0.31],[-74.985,0.302],[-75.003,0.298],[-75.009,0.293],[-75.011,0.284],[-75.004,0.273],[-74.994,0.271],[-74.98,0.263],[-74.968,0.246],[-74.96,0.242],[-74.944,0.242],[-74.937,0.247],[-74.927,0.251],[-74.904,0.252],[-74.891,0.248],[-74.882,0.243],[-74.864,0.224],[-74.846,0.215],[-74.828,0.213],[-74.814,0.217],[-74.787,0.209],[-74.767,0.213],[-74.751,0.212],[-74.726,0.207],[-74.711,0.197],[-74.703,0.184],[-74.685,0.169],[-74.677,0.159],[-74.675,0.138],[-74.672,0.124],[-74.672,0.109],[-74.675,0.097],[-74.681,0.09],[-74.689,0.087],[-74.696,0.089],[-74.703,0.095],[-74.709,0.098],[-74.712,0.097],[-74.712,0.092],[-74.704,0.082],[-74.698,0.079],[-74.692,0.079],[-74.679,0.083],[-74.667,0.082],[-74.658,0.078],[-74.655,0.072],[-74.658,0.058],[-74.664,0.051],[-74.672,0.048],[-74.682,0.042],[-74.697,0.045],[-74.703,0.045],[-74.704,0.038],[-74.691,0.021],[-74.679,0.015],[-74.671,0.008],[-74.67,0.004],[-74.656,-0.011],[-74.656,-0.028],[-74.66,-0.038],[-74.668,-0.042],[-74.679,-0.046],[-74.681,-0.048],[-74.682,-0.054],[-74.679,-0.06],[-74.673,-0.062],[-74.653,-0.042],[-74.645,-0.038],[-74.628,-0.046],[-74.619,-0.053],[-74.615,-0.061],[-74.619,-0.076],[-74.632,-0.082],[-74.633,-0.088],[-74.598,-0.099],[-74.589,-0.105],[-74.576,-0.112],[-74.543,-0.12],[-74.53,-0.127],[-74.526,-0.125],[-74.523,-0.118],[-74.525,-0.111],[-74.532,-0.105],[-74.534,-0.101],[-74.535,-0.095],[-74.532,-0.09],[-74.528,-0.088],[-74.516,-0.089],[-74.508,-0.1],[-74.505,-0.109],[-74.509,-0.122],[-74.508,-0.129],[-74.504,-0.135],[-74.496,-0.138],[-74.485,-0.139],[-74.479,-0.136],[-74.469,-0.121],[-74.462,-0.109],[-74.462,-0.084],[-74.46,-0.077],[-74.454,-0.071],[-74.448,-0.071],[-74.441,-0.074],[-74.436,-0.079],[-74.429,-0.086],[-74.424,-0.094],[-74.422,-0.104],[-74.424,-0.111],[-74.431,-0.118],[-74.446,-0.129],[-74.449,-0.133],[-74.449,-0.139],[-74.444,-0.14],[-74.437,-0.137],[-74.407,-0.117],[-74.4,-0.115],[-74.369,-0.111],[-74.357,-0.107],[-74.349,-0.107],[-74.333,-0.114],[-74.327,-0.119],[-74.316,-0.136],[-74.305,-0.147],[-74.301,-0.148],[-74.296,-0.148],[-74.278,-0.139],[-74.274,-0.139],[-74.265,-0.145],[-74.263,-0.151],[-74.263,-0.157],[-74.267,-0.162],[-74.283,-0.173],[-74.289,-0.185],[-74.288,-0.202],[-74.277,-0.208],[-74.267,-0.217],[-74.249,-0.225],[-74.241,-0.235],[-74.234,-0.238],[-74.226,-0.238],[-74.221,-0.231],[-74.219,-0.213],[-74.215,-0.209],[-74.208,-0.208],[-74.201,-0.209],[-74.194,-0.216],[-74.19,-0.225],[-74.188,-0.246],[-74.188,-0.258],[-74.187,-0.261],[-74.181,-0.265],[-74.172,-0.267],[-74.164,-0.267],[-74.155,-0.261],[-74.151,-0.249],[-74.146,-0.241],[-74.134,-0.234],[-74.119,-0.232],[-74.113,-0.235],[-74.106,-0.242],[-74.093,-0.26],[-74.088,-0.273],[-74.084,-0.279],[-74.077,-0.282],[-74.07,-0.281],[-74.056,-0.273],[-74.05,-0.271],[-74.044,-0.273],[-74.04,-0.282],[-74.04,-0.299],[-74.039,-0.307],[-74.026,-0.316],[-74.022,-0.321],[-74.018,-0.331],[-74.014,-0.337],[-74.005,-0.342],[-73.985,-0.348],[-73.966,-0.349],[-73.948,-0.353],[-73.928,-0.359],[-73.883,-0.369],[-73.864,-0.378],[-73.841,-0.398]]]]}},{"type":"Feature","properties":{"name":"Nariño","iso":"CO-NAR"},"geometry":{"type":"MultiPolygon","coordinates":[[[[-78.754,1.819],[-78.744,1.823],[-78.735,1.83],[-78.73,1.831],[-78.722,1.824],[-78.727,1.82],[-78.729,1.821],[-78.734,1.817],[-78.739,1.807],[-78.744,1.807],[-78.748,1.804],[-78.755,1.807],[-78.756,1.813],[-78.754,1.817],[-78.756,1.819],[-78.754,1.819]]],[[[-78.82,1.464],[-78.822,1.463],[-78.822,1.46],[-78.817,1.455],[-78.824,1.451],[-78.833,1.45],[-78.834,1.456],[-78.833,1.458],[-78.821,1.466],[-78.818,1.467],[-78.816,1.466],[-78.82,1.464]]],[[[-76.921,1.346],[-76.922,1.336],[-76.915,1.333],[-76.913,1.328],[-76.904,1.321],[-76.903,1.318],[-76.906,1.31],[-76.903,1.306],[-76.904,1.298],[-76.913,1.288],[-76.916,1.281],[-76.923,1.275],[-76.927,1.274],[-76.928,1.28],[-76.934,1.286],[-76.939,1.287],[-76.945,1.289],[-76.948,1.294],[-76.951,1.295],[-76.951,1.3],[-76.957,1.308],[-76.964,1.311],[-76.975,1.322],[-76.979,1.315],[-76.979,1.305],[-76.983,1.301],[-76.988,1.3],[-76.991,1.302],[-76.996,1.3],[-77.002,1.299],[-77.005,1.292],[-77.012,1.286],[-77.022,1.284],[-77.037,1.274],[-77.049,1.272],[-77.054,1.262],[-77.064,1.254],[-77.071,1.25],[-77.076,1.245],[-77.076,1.236],[-77.081,1.224],[-77.087,1.222],[-77.09,1.219],[-77.096,1.22],[-77.106,1.216],[-77.122,1.215],[-77.119,1.199],[-77.115,1.194],[-77.111,1.191],[-77.103,1.189],[-77.097,1.185],[-77.092,1.184],[-77.086,1.181],[-77.089,1.174],[-77.097,1.164],[-77.095,1.132],[-77.091,1.118],[-77.091,1.107],[-77.095,1.083],[-77.091,1.071],[-77.089,1.068],[-77.083,1.063],[-77.067,1.055],[-77.065,1.053],[-77.064,1.042],[-77.062,1.038],[-77.059,1.035],[-77.053,1.034],[-77.047,1.038],[-77.039,1.046],[-77.038,1.037],[-77.034,1.028],[-77.029,1.021],[-77.027,1.012],[-77.029,1.005],[-77.029,0.996],[-77.03,0.994],[-77.039,0.993],[-77.042,0.986],[-77.048,0.978],[-77.058,0.977],[-77.066,0.974],[-77.078,0.963],[-77.079,0.958],[-77.074,0.952],[-77.073,0.945],[-77.078,0.941],[-77.08,0.937],[-77.083,0.934],[-77.084,0.929],[-77.088,0.924],[-77.09,0.915],[-77.1,0.913],[-77.108,0.904],[-77.119,0.901],[-77.124,0.882],[-77.116,0.876],[-77.116,0.865],[-77.118,0.859],[-77.117,0.854],[-77.114,0.85],[-77.108,0.844],[-77.102,0.834],[-77.118,0.827],[-77.137,0.823],[-77.14,0.82],[-77.187,0.631],[-77.176,0.617],[-77.17,0.613],[-77.157,0.606],[-77.14,0.604],[-77.132,0.596],[-77.128,0.597],[-77.126,0.602],[-77.123,0.596],[-77.122,0.597],[-77.122,0.593],[-77.119,0.594],[-77.117,0.593],[-77.118,0.592],[-77.117,0.59],[-77.119,0.587],[-77.117,0.583],[-77.119,0.579],[-77.119,0.57],[-77.118,0.567],[-77.114,0.562],[-77.116,0.56],[-77.119,0.562],[-77.125,0.556],[-77.13,0.556],[-77.13,0.55],[-77.128,0.547],[-77.131,0.538],[-77.13,0.526],[-77.128,0.519],[-77.122,0.515],[-77.12,0.51],[-77.12,0.508],[-77.124,0.505],[-77.117,0.495],[-77.117,0.484],[-77.115,0.481],[-77.105,0.478],[-77.101,0.47],[-77.102,0.46],[-77.107,0.45],[-77.108,0.443],[-77.102,0.428],[-77.095,0.431],[-77.093,0.429],[-77.089,0.426],[-77.09,0.42],[-77.092,0.419],[-77.094,0.414],[-77.092,0.405],[-77.095,0.402],[-77.09,0.4],[-77.088,0.397],[-77.09,0.393],[-77.097,0.396],[-77.096,0.384],[-77.1,0.379],[-77.104,0.382],[-77.106,0.378],[-77.107,0.378],[-77.108,0.382],[-77.111,0.384],[-77.113,0.382],[-77.112,0.374],[-77.113,0.372],[-77.125,0.374],[-77.125,0.377],[-77.128,0.379],[-77.132,0.378],[-77.135,0.375],[-77.144,0.376],[-77.149,0.376],[-77.152,0.379],[-77.16,0.382],[-77.166,0.39],[-77.171,0.387],[-77.179,0.39],[-77.185,0.388],[-77.185,0.383],[-77.186,0.381],[-77.192,0.38],[-77.195,0.374],[-77.199,0.374],[-77.2,0.368],[-77.209,0.367],[-77.21,0.365],[-77.215,0.363],[-77.218,0.362],[-77.223,0.365],[-77.226,0.363],[-77.232,0.362],[-77.238,0.366],[-77.245,0.362],[-77.249,0.365],[-77.255,0.364],[-77.259,0.369],[-77.261,0.37],[-77.268,0.368],[-77.269,0.365],[-77.27,0.364],[-77.277,0.365],[-77.28,0.363],[-77.282,0.364],[-77.288,0.363],[-77.292,0.366],[-77.296,0.365],[-77.298,0.368],[-77.302,0.368],[-77.309,0.372],[-77.312,0.381],[-77.318,0.38],[-77.319,0.383],[-77.325,0.386],[-77.326,0.389],[-77.336,0.388],[-77.34,0.391],[-77.35,0.391],[-77.357,0.396],[-77.359,0.393],[-77.361,0.393],[-77.362,0.396],[-77.368,0.398],[-77.371,0.401],[-77.373,0.4],[-77.376,0.397],[-77.382,0.397],[-77.383,0.395],[-77.378,0.389],[-77.379,0.385],[-77.389,0.388],[-77.391,0.391],[-77.393,0.391],[-77.391,0.394],[-77.393,0.396],[-77.395,0.397],[-77.398,0.401],[-77.404,0.403],[-77.406,0.407],[-77.41,0.407],[-77.412,0.409],[-77.411,0.413],[-77.414,0.415],[-77.412,0.416],[-77.412,0.418],[-77.414,0.417],[-77.416,0.42],[-77.42,0.421],[-77.422,0.427],[-77.42,0.429],[-77.419,0.435],[-77.424,0.438],[-77.428,0.437],[-77.431,0.439],[-77.434,0.435],[-77.444,0.438],[-77.451,0.431],[-77.455,0.431],[-77.459,0.428],[-77.526,0.401],[-77.529,0.408],[-77.527,0.412],[-77.522,0.416],[-77.519,0.421],[-77.522,0.43],[-77.52,0.432],[-77.521,0.434],[-77.518,0.437],[-77.522,0.444],[-77.518,0.453],[-77.522,0.466],[-77.525,0.467],[-77.525,0.471],[-77.523,0.474],[-77.524,0.477],[-77.521,0.483],[-77.518,0.493],[-77.516,0.495],[-77.518,0.51],[-77.52,0.512],[-77.522,0.52],[-77.52,0.525],[-77.521,0.531],[-77.517,0.535],[-77.518,0.539],[-77.514,0.546],[-77.514,0.549],[-77.511,0.55],[-77.509,0.565],[-77.505,0.566],[-77.503,0.568],[-77.502,0.575],[-77.498,0.58],[-77.492,0.582],[-77.488,0.585],[-77.485,0.599],[-77.481,0.605],[-77.479,0.613],[-77.48,0.616],[-77.479,0.62],[-77.48,0.626],[-77.478,0.632],[-77.478,0.64],[-77.482,0.645],[-77.483,0.649],[-77.481,0.65],[-77.481,0.653],[-77.48,0.656],[-77.485,0.656],[-77.491,0.662],[-77.497,0.658],[-77.503,0.658],[-77.506,0.655],[-77.511,0.657],[-77.517,0.656],[-77.521,0.657],[-77.523,0.655],[-77.526,0.656],[-77.529,0.653],[-77.536,0.653],[-77.548,0.649],[-77.551,0.651],[-77.555,0.649],[-77.56,0.65],[-77.565,0.652],[-77.569,0.658],[-77.577,0.66],[-77.581,0.666],[-77.588,0.669],[-77.589,0.674],[-77.595,0.673],[-77.598,0.675],[-77.602,0.675],[-77.608,0.686],[-77.619,0.691],[-77.623,0.695],[-77.625,0.696],[-77.629,0.695],[-77.631,0.698],[-77.637,0.699],[-77.639,0.703],[-77.646,0.703],[-77.652,0.706],[-77.659,0.704],[-77.666,0.705],[-77.67,0.711],[-77.674,0.721],[-77.674,0.732],[-77.675,0.737],[-77.691,0.741],[-77.697,0.74],[-77.698,0.742],[-77.696,0.749],[-77.693,0.751],[-77.695,0.756],[-77.691,0.76],[-77.691,0.765],[-77.688,0.769],[-77.686,0.771],[-77.683,0.776],[-77.672,0.78],[-77.661,0.79],[-77.677,0.791],[-77.677,0.792],[-77.677,0.797],[-77.675,0.798],[-77.674,0.802],[-77.671,0.804],[-77.669,0.804],[-77.664,0.81],[-77.665,0.818],[-77.67,0.818],[-77.671,0.821],[-77.67,0.821],[-77.673,0.824],[-77.676,0.824],[-77.677,0.823],[-77.679,0.823],[-77.679,0.822],[-77.683,0.826],[-77.685,0.825],[-77.685,0.83],[-77.686,0.828],[-77.687,0.83],[-77.693,0.833],[-77.694,0.837],[-77.696,0.838],[-77.695,0.84],[-77.698,0.839],[-77.7,0.841],[-77.704,0.841],[-77.705,0.843],[-77.707,0.843],[-77.706,0.845],[-77.709,0.847],[-77.709,0.848],[-77.712,0.848],[-77.713,0.851],[-77.715,0.849],[-77.717,0.849],[-77.718,0.85],[-77.719,0.849],[-77.721,0.85],[-77.722,0.846],[-77.726,0.847],[-77.732,0.84],[-77.734,0.84],[-77.737,0.837],[-77.741,0.836],[-77.744,0.834],[-77.746,0.834],[-77.746,0.833],[-77.752,0.837],[-77.757,0.838],[-77.764,0.842],[-77.767,0.838],[-77.769,0.84],[-77.773,0.84],[-77.775,0.841],[-77.778,0.836],[-77.78,0.836],[-77.784,0.834],[-77.789,0.836],[-77.798,0.833],[-77.799,0.83],[-77.8,0.831],[-77.802,0.83],[-77.803,0.831],[-77.805,0.83],[-77.804,0.828],[-77.807,0.827],[-77.812,0.82],[-77.814,0.82],[-77.813,0.816],[-77.815,0.816],[-77.82,0.808],[-77.827,0.805],[-77.828,0.806],[-77.834,0.806],[-77.835,0.804],[-77.84,0.804],[-77.843,0.802],[-77.845,0.804],[-77.847,0.802],[-77.851,0.803],[-77.859,0.802],[-77.862,0.803],[-77.867,0.801],[-77.873,0.805],[-77.893,0.811],[-77.906,0.813],[-77.911,0.811],[-77.921,0.813],[-77.927,0.817],[-77.936,0.816],[-77.954,0.824],[-77.961,0.823],[-77.964,0.825],[-77.965,0.832],[-77.969,0.834],[-77.973,0.834],[-77.977,0.837],[-77.985,0.853],[-77.999,0.861],[-78.004,0.859],[-78.012,0.867],[-78.013,0.869],[-78.015,0.869],[-78.016,0.87],[-78.02,0.871],[-78.021,0.875],[-78.025,0.874],[-78.027,0.877],[-78.031,0.878],[-78.034,0.881],[-78.042,0.88],[-78.053,0.889],[-78.058,0.889],[-78.06,0.887],[-78.06,0.889],[-78.066,0.889],[-78.066,0.893],[-78.071,0.897],[-78.073,0.896],[-78.079,0.898],[-78.085,0.896],[-78.088,0.897],[-78.092,0.9],[-78.092,0.902],[-78.099,0.905],[-78.1,0.909],[-78.105,0.911],[-78.107,0.918],[-78.106,0.921],[-78.107,0.928],[-78.112,0.932],[-78.119,0.934],[-78.121,0.936],[-78.135,0.936],[-78.142,0.931],[-78.145,0.927],[-78.153,0.924],[-78.159,0.925],[-78.166,0.931],[-78.171,0.933],[-78.173,0.933],[-78.173,0.935],[-78.176,0.935],[-78.178,0.937],[-78.18,0.936],[-78.182,0.938],[-78.185,0.937],[-78.194,0.946],[-78.196,0.945],[-78.197,0.947],[-78.199,0.947],[-78.197,0.949],[-78.201,0.95],[-78.2,0.954],[-78.196,0.956],[-78.194,0.956],[-78.191,0.961],[-78.194,0.967],[-78.192,0.97],[-78.195,0.973],[-78.195,0.976],[-78.197,0.976],[-78.195,0.977],[-78.195,0.985],[-78.203,0.992],[-78.202,0.997],[-78.204,0.997],[-78.206,1.002],[-78.208,1.002],[-78.21,1.005],[-78.213,1.005],[-78.219,1.009],[-78.221,1.009],[-78.223,1.011],[-78.228,1.012],[-78.229,1.014],[-78.231,1.013],[-78.235,1.015],[-78.235,1.018],[-78.238,1.019],[-78.237,1.021],[-78.239,1.023],[-78.237,1.024],[-78.24,1.026],[-78.24,1.028],[-78.241,1.028],[-78.244,1.029],[-78.245,1.028],[-78.246,1.029],[-78.248,1.028],[-78.249,1.029],[-78.25,1.028],[-78.253,1.032],[-78.253,1.037],[-78.258,1.038],[-78.258,1.041],[-78.26,1.041],[-78.263,1.043],[-78.265,1.042],[-78.267,1.044],[-78.267,1.046],[-78.271,1.047],[-78.276,1.053],[-78.282,1.056],[-78.282,1.058],[-78.277,1.062],[-78.28,1.068],[-78.278,1.07],[-78.277,1.072],[-78.274,1.075],[-78.271,1.075],[-78.262,1.082],[-78.255,1.081],[-78.254,1.078],[-78.252,1.08],[-78.252,1.083],[-78.25,1.084],[-78.251,1.088],[-78.253,1.089],[-78.256,1.087],[-78.256,1.09],[-78.253,1.093],[-78.251,1.1],[-78.253,1.102],[-78.255,1.098],[-78.259,1.097],[-78.261,1.1],[-78.264,1.1],[-78.268,1.105],[-78.263,1.108],[-78.265,1.112],[-78.274,1.114],[-78.277,1.109],[-78.282,1.111],[-78.28,1.115],[-78.281,1.118],[-78.28,1.12],[-78.283,1.12],[-78.283,1.124],[-78.285,1.123],[-78.286,1.126],[-78.289,1.127],[-78.287,1.13],[-78.291,1.134],[-78.291,1.139],[-78.293,1.146],[-78.295,1.146],[-78.295,1.148],[-78.299,1.149],[-78.298,1.15],[-78.296,1.15],[-78.298,1.156],[-78.295,1.158],[-78.298,1.16],[-78.295,1.161],[-78.296,1.163],[-78.295,1.165],[-78.295,1.17],[-78.296,1.172],[-78.301,1.171],[-78.304,1.173],[-78.303,1.175],[-78.305,1.179],[-78.308,1.18],[-78.311,1.183],[-78.311,1.191],[-78.314,1.19],[-78.318,1.195],[-78.323,1.191],[-78.323,1.195],[-78.325,1.196],[-78.328,1.19],[-78.327,1.186],[-78.33,1.184],[-78.338,1.182],[-78.338,1.179],[-78.341,1.179],[-78.341,1.182],[-78.345,1.183],[-78.354,1.18],[-78.357,1.182],[-78.357,1.177],[-78.36,1.175],[-78.363,1.178],[-78.365,1.174],[-78.368,1.176],[-78.374,1.175],[-78.381,1.17],[-78.38,1.167],[-78.383,1.163],[-78.382,1.16],[-78.387,1.159],[-78.395,1.153],[-78.402,1.153],[-78.402,1.157],[-78.407,1.16],[-78.418,1.16],[-78.42,1.156],[-78.424,1.154],[-78.425,1.152],[-78.417,1.149],[-78.415,1.14],[-78.418,1.138],[-78.426,1.139],[-78.432,1.142],[-78.433,1.144],[-78.433,1.151],[-78.438,1.159],[-78.434,1.16],[-78.435,1.162],[-78.432,1.168],[-78.433,1.172],[-78.429,1.17],[-78.426,1.171],[-78.428,1.176],[-78.425,1.178],[-78.429,1.181],[-78.429,1.187],[-78.432,1.19],[-78.437,1.191],[-78.438,1.194],[-78.439,1.194],[-78.441,1.191],[-78.443,1.184],[-78.445,1.183],[-78.451,1.184],[-78.455,1.176],[-78.457,1.178],[-78.463,1.176],[-78.464,1.181],[-78.469,1.18],[-78.47,1.183],[-78.47,1.189],[-78.474,1.19],[-78.479,1.194],[-78.49,1.185],[-78.495,1.192],[-78.492,1.196],[-78.495,1.198],[-78.501,1.195],[-78.505,1.197],[-78.508,1.19],[-78.516,1.187],[-78.517,1.19],[-78.513,1.195],[-78.511,1.202],[-78.515,1.204],[-78.514,1.213],[-78.516,1.214],[-78.52,1.213],[-78.522,1.216],[-78.521,1.221],[-78.529,1.221],[-78.531,1.224],[-78.537,1.226],[-78.539,1.229],[-78.547,1.227],[-78.547,1.23],[-78.541,1.236],[-78.544,1.244],[-78.551,1.244],[-78.55,1.248],[-78.551,1.249],[-78.556,1.25],[-78.604,1.25],[-78.607,1.253],[-78.61,1.252],[-78.609,1.248],[-78.615,1.246],[-78.619,1.249],[-78.625,1.254],[-78.627,1.261],[-78.634,1.262],[-78.63,1.265],[-78.636,1.268],[-78.64,1.265],[-78.638,1.268],[-78.642,1.27],[-78.648,1.277],[-78.649,1.283],[-78.646,1.289],[-78.653,1.292],[-78.654,1.298],[-78.657,1.302],[-78.656,1.304],[-78.659,1.305],[-78.658,1.306],[-78.659,1.307],[-78.661,1.31],[-78.66,1.312],[-78.662,1.312],[-78.662,1.319],[-78.666,1.321],[-78.67,1.32],[-78.671,1.318],[-78.674,1.32],[-78.676,1.326],[-78.679,1.326],[-78.679,1.329],[-78.685,1.333],[-78.69,1.334],[-78.69,1.331],[-78.694,1.33],[-78.695,1.334],[-78.697,1.336],[-78.699,1.336],[-78.7,1.34],[-78.702,1.338],[-78.703,1.345],[-78.704,1.347],[-78.703,1.349],[-78.706,1.35],[-78.71,1.359],[-78.717,1.362],[-78.72,1.369],[-78.725,1.369],[-78.728,1.368],[-78.728,1.37],[-78.731,1.368],[-78.74,1.376],[-78.742,1.377],[-78.744,1.376],[-78.747,1.379],[-78.752,1.39],[-78.757,1.394],[-78.76,1.395],[-78.765,1.395],[-78.766,1.395],[-78.768,1.391],[-78.773,1.391],[-78.778,1.392],[-78.779,1.395],[-78.777,1.405],[-78.78,1.41],[-78.781,1.414],[-78.777,1.416],[-78.772,1.416],[-78.77,1.415],[-78.774,1.41],[-78.773,1.408],[-78.769,1.409],[-78.765,1.408],[-78.761,1.409],[-78.761,1.406],[-78.76,1.409],[-78.763,1.411],[-78.765,1.408],[-78.77,1.41],[-78.773,1.409],[-78.769,1.415],[-78.775,1.417],[-78.779,1.417],[-78.78,1.421],[-78.784,1.422],[-78.786,1.42],[-78.785,1.418],[-78.782,1.415],[-78.784,1.409],[-78.79,1.408],[-78.792,1.409],[-78.792,1.413],[-78.798,1.428],[-78.795,1.428],[-78.793,1.432],[-78.794,1.428],[-78.793,1.428],[-78.793,1.431],[-78.796,1.44],[-78.792,1.439],[-78.786,1.446],[-78.784,1.444],[-78.784,1.447],[-78.789,1.447],[-78.79,1.444],[-78.796,1.451],[-78.8,1.452],[-78.806,1.444],[-78.81,1.447],[-78.809,1.455],[-78.811,1.457],[-78.815,1.458],[-78.815,1.459],[-78.82,1.458],[-78.821,1.462],[-78.816,1.465],[-78.81,1.462],[-78.807,1.462],[-78.81,1.462],[-78.813,1.465],[-78.814,1.468],[-78.803,1.481],[-78.8,1.48],[-78.801,1.483],[-78.799,1.485],[-78.809,1.481],[-78.819,1.473],[-78.836,1.478],[-78.841,1.478],[-78.847,1.476],[-78.851,1.477],[-78.865,1.492],[-78.872,1.504],[-78.874,1.517],[-78.873,1.522],[-78.87,1.525],[-78.865,1.523],[-78.863,1.524],[-78.865,1.526],[-78.864,1.532],[-78.866,1.53],[-78.869,1.532],[-78.868,1.536],[-78.874,1.541],[-78.875,1.546],[-78.874,1.549],[-78.872,1.549],[-78.871,1.555],[-78.882,1.554],[-78.889,1.549],[-78.892,1.544],[-78.897,1.544],[-78.901,1.542],[-78.904,1.542],[-78.913,1.559],[-78.913,1.562],[-78.915,1.562],[-78.923,1.571],[-78.93,1.571],[-78.933,1.568],[-78.929,1.565],[-78.923,1.563],[-78.921,1.562],[-78.924,1.56],[-78.93,1.562],[-78.943,1.579],[-78.963,1.596],[-78.97,1.599],[-78.978,1.599],[-78.982,1.602],[-78.988,1.602],[-78.992,1.604],[-78.996,1.61],[-79.005,1.635],[-79.004,1.639],[-78.991,1.639],[-78.991,1.643],[-78.989,1.647],[-79.003,1.643],[-79.003,1.646],[-79.008,1.652],[-79.002,1.66],[-78.989,1.669],[-78.974,1.675],[-78.969,1.677],[-78.968,1.675],[-78.96,1.682],[-78.955,1.683],[-78.953,1.686],[-78.955,1.693],[-78.954,1.695],[-78.942,1.716],[-78.939,1.715],[-78.937,1.717],[-78.939,1.717],[-78.938,1.722],[-78.928,1.738],[-78.919,1.741],[-78.917,1.748],[-78.891,1.768],[-78.871,1.793],[-78.857,1.8],[-78.846,1.81],[-78.837,1.817],[-78.832,1.819],[-78.831,1.815],[-78.837,1.815],[-78.841,1.811],[-78.831,1.815],[-78.823,1.815],[-78.815,1.811],[-78.812,1.807],[-78.81,1.807],[-78.81,1.81],[-78.815,1.813],[-78.814,1.817],[-78.802,1.821],[-78.801,1.819],[-78.799,1.82],[-78.799,1.816],[-78.801,1.814],[-78.804,1.815],[-78.805,1.813],[-78.801,1.812],[-78.802,1.81],[-78.797,1.806],[-78.791,1.807],[-78.791,1.804],[-78.789,1.802],[-78.786,1.801],[-78.781,1.802],[-78.781,1.804],[-78.784,1.806],[-78.783,1.807],[-78.78,1.806],[-78.775,1.807],[-78.764,1.815],[-78.764,1.817],[-78.766,1.821],[-78.768,1.821],[-78.768,1.819],[-78.77,1.82],[-78.77,1.815],[-78.776,1.817],[-78.768,1.823],[-78.761,1.825],[-78.761,1.822],[-78.759,1.82],[-78.761,1.816],[-78.763,1.817],[-78.764,1.808],[-78.761,1.807],[-78.756,1.798],[-78.752,1.801],[-78.745,1.8],[-78.744,1.79],[-78.743,1.797],[-78.741,1.799],[-78.74,1.799],[-78.738,1.796],[-78.737,1.787],[-78.732,1.779],[-78.726,1.763],[-78.73,1.764],[-78.736,1.77],[-78.734,1.766],[-78.727,1.76],[-78.726,1.754],[-78.731,1.749],[-78.749,1.746],[-78.749,1.743],[-78.741,1.746],[-78.737,1.745],[-78.729,1.742],[-78.727,1.737],[-78.726,1.737],[-78.727,1.739],[-78.725,1.742],[-78.719,1.748],[-78.716,1.748],[-78.719,1.75],[-78.717,1.767],[-78.72,1.791],[-78.717,1.794],[-78.713,1.79],[-78.707,1.778],[-78.704,1.776],[-78.7,1.775],[-78.7,1.772],[-78.703,1.774],[-78.7,1.77],[-78.695,1.774],[-78.695,1.778],[-78.696,1.785],[-78.694,1.786],[-78.692,1.784],[-78.69,1.775],[-78.681,1.763],[-78.68,1.759],[-78.681,1.757],[-78.685,1.754],[-78.688,1.75],[-78.686,1.749],[-78.68,1.751],[-78.676,1.756],[-78.676,1.76],[-78.687,1.776],[-78.688,1.782],[-78.682,1.784],[-78.683,1.785],[-78.682,1.787],[-78.678,1.79],[-78.673,1.787],[-78.661,1.785],[-78.658,1.783],[-78.656,1.777],[-78.654,1.776],[-78.655,1.782],[-78.654,1.785],[-78.655,1.786],[-78.653,1.793],[-78.651,1.793],[-78.642,1.79],[-78.625,1.791],[-78.607,1.795],[-78.604,1.795],[-78.6,1.792],[-78.596,1.788],[-78.601,1.789],[-78.608,1.787],[-78.612,1.788],[-78.61,1.785],[-78.607,1.784],[-78.606,1.776],[-78.6,1.769],[-78.602,1.745],[-78.601,1.745],[-78.596,1.767],[-78.589,1.771],[-78.575,1.761],[-78.569,1.751],[-78.57,1.748],[-78.582,1.741],[-78.572,1.743],[-78.565,1.748],[-78.56,1.755],[-78.554,1.757],[-78.554,1.759],[-78.56,1.759],[-78.562,1.762],[-78.561,1.794],[-78.556,1.797],[-78.55,1.796],[-78.549,1.799],[-78.541,1.804],[-78.538,1.804],[-78.533,1.799],[-78.531,1.799],[-78.537,1.805],[-78.544,1.805],[-78.547,1.807],[-78.549,1.82],[-78.546,1.824],[-78.549,1.827],[-78.548,1.832],[-78.542,1.841],[-78.538,1.855],[-78.534,1.858],[-78.544,1.857],[-78.543,1.865],[-78.545,1.866],[-78.546,1.873],[-78.546,1.886],[-78.547,1.889],[-78.549,1.89],[-78.551,1.894],[-78.551,1.898],[-78.553,1.901],[-78.573,1.902],[-78.579,1.898],[-78.584,1.898],[-78.59,1.893],[-78.592,1.893],[-78.593,1.894],[-78.597,1.894],[-78.599,1.905],[-78.598,1.915],[-78.6,1.919],[-78.598,1.926],[-78.601,1.928],[-78.601,1.934],[-78.602,1.941],[-78.601,1.944],[-78.603,1.947],[-78.6,1.947],[-78.598,1.95],[-78.593,1.951],[-78.593,1.954],[-78.592,1.956],[-78.593,1.959],[-78.59,1.959],[-78.588,1.958],[-78.585,1.963],[-78.59,1.966],[-78.586,1.972],[-78.588,1.975],[-78.591,1.979],[-78.594,1.979],[-78.597,1.98],[-78.598,1.986],[-78.597,1.988],[-78.601,1.989],[-78.602,1.991],[-78.601,1.994],[-78.611,1.998],[-78.62,1.999],[-78.624,2.001],[-78.629,2.011],[-78.63,2.007],[-78.632,2.007],[-78.637,2.012],[-78.634,2.005],[-78.634,2.0],[-78.638,1.996],[-78.647,1.988],[-78.648,1.986],[-78.647,1.98],[-78.65,1.977],[-78.658,1.98],[-78.661,1.979],[-78.66,1.976],[-78.667,1.972],[-78.67,1.973],[-78.67,1.975],[-78.672,1.976],[-78.671,1.977],[-78.674,1.98],[-78.672,1.987],[-78.664,1.99],[-78.668,1.996],[-78.667,2.012],[-78.666,2.015],[-78.668,2.018],[-78.672,2.046],[-78.67,2.049],[-78.671,2.045],[-78.669,2.043],[-78.658,2.044],[-78.647,2.049],[-78.651,2.05],[-78.665,2.049],[-78.67,2.053],[-78.673,2.058],[-78.675,2.056],[-78.679,2.059],[-78.686,2.087],[-78.685,2.094],[-78.689,2.095],[-78.689,2.1],[-78.688,2.107],[-78.676,2.109],[-78.67,2.101],[-78.666,2.1],[-78.664,2.095],[-78.661,2.092],[-78.658,2.093],[-78.66,2.098],[-78.668,2.112],[-78.669,2.123],[-78.67,2.121],[-78.682,2.126],[-78.694,2.115],[-78.696,2.116],[-78.701,2.114],[-78.703,2.115],[-78.711,2.152],[-78.709,2.161],[-78.707,2.162],[-78.707,2.165],[-78.708,2.168],[-78.711,2.17],[-78.711,2.169],[-78.711,2.173],[-78.706,2.192],[-78.698,2.194],[-78.692,2.2],[-78.692,2.206],[-78.694,2.21],[-78.69,2.219],[-78.692,2.224],[-78.685,2.233],[-78.68,2.246],[-78.679,2.247],[-78.678,2.243],[-78.675,2.241],[-78.665,2.239],[-78.665,2.24],[-78.67,2.245],[-78.67,2.247],[-78.665,2.25],[-78.666,2.254],[-78.66,2.251],[-78.654,2.253],[-78.654,2.255],[-78.659,2.257],[-78.663,2.266],[-78.667,2.271],[-78.666,2.275],[-78.657,2.281],[-78.637,2.318],[-78.632,2.318],[-78.615,2.349],[-78.616,2.366],[-78.62,2.373],[-78.619,2.373],[-78.618,2.379],[-78.611,2.387],[-78.603,2.392],[-78.601,2.395],[-78.601,2.399],[-78.571,2.448],[-78.569,2.448],[-78.567,2.447],[-78.57,2.445],[-78.57,2.442],[-78.565,2.436],[-78.558,2.442],[-78.555,2.448],[-78.556,2.462],[-78.552,2.479],[-78.545,2.492],[-78.538,2.497],[-78.528,2.501],[-78.526,2.503],[-78.526,2.499],[-78.524,2.499],[-78.513,2.501],[-78.515,2.492],[-78.514,2.488],[-78.511,2.49],[-78.508,2.494],[-78.506,2.501],[-78.502,2.502],[-78.502,2.506],[-78.507,2.507],[-78.508,2.514],[-78.508,2.52],[-78.504,2.527],[-78.489,2.545],[-78.478,2.554],[-78.473,2.556],[-78.468,2.555],[-78.465,2.558],[-78.465,2.565],[-78.461,2.575],[-78.451,2.577],[-78.45,2.58],[-78.452,2.584],[-78.449,2.595],[-78.432,2.599],[-78.422,2.606],[-78.412,2.604],[-78.412,2.601],[-78.396,2.604],[-78.383,2.625],[-78.375,2.634],[-78.348,2.649],[-78.333,2.655],[-78.329,2.652],[-78.331,2.641],[-78.332,2.637],[-78.343,2.63],[-78.343,2.628],[-78.34,2.628],[-78.342,2.625],[-78.34,2.623],[-78.338,2.624],[-78.336,2.622],[-78.334,2.616],[-78.33,2.61],[-78.326,2.601],[-78.328,2.595],[-78.326,2.59],[-78.323,2.588],[-78.311,2.588],[-78.297,2.599],[-78.286,2.605],[-78.287,2.614],[-78.301,2.636],[-78.304,2.646],[-78.305,2.653],[-78.303,2.66],[-78.297,2.657],[-78.276,2.655],[-78.257,2.662],[-78.245,2.665],[-78.242,2.664],[-78.241,2.66],[-78.243,2.641],[-78.24,2.635],[-78.238,2.634],[-78.237,2.63],[-78.234,2.63],[-78.234,2.632],[-78.23,2.631],[-78.226,2.626],[-78.225,2.618],[-78.219,2.613],[-78.204,2.606],[-78.196,2.597],[-78.194,2.597],[-78.186,2.583],[-78.179,2.587],[-78.186,2.612],[-78.192,2.619],[-78.193,2.623],[-78.193,2.631],[-78.188,2.638],[-78.189,2.644],[-78.198,2.648],[-78.21,2.666],[-78.208,2.669],[-78.196,2.669],[-78.174,2.675],[-78.165,2.675],[-78.161,2.678],[-78.157,2.683],[-78.151,2.683],[-78.144,2.682],[-78.142,2.679],[-78.141,2.672],[-78.135,2.663],[-78.136,2.66],[-78.143,2.655],[-78.142,2.653],[-78.146,2.648],[-78.14,2.644],[-78.123,2.642],[-78.12,2.639],[-78.123,2.629],[-78.122,2.623],[-78.113,2.624],[-78.109,2.632],[-78.107,2.631],[-78.109,2.633],[-78.109,2.635],[-78.106,2.639],[-78.105,2.646],[-78.103,2.647],[-78.096,2.647],[-78.088,2.64],[-78.081,2.636],[-78.076,2.621],[-78.08,2.619],[-78.079,2.617],[-78.075,2.617],[-78.071,2.61],[-78.058,2.598],[-78.057,2.595],[-78.062,2.586],[-78.069,2.581],[-78.071,2.577],[-78.07,2.569],[-78.067,2.564],[-78.064,2.563],[-78.06,2.559],[-78.05,2.556],[-78.046,2.561],[-78.031,2.567],[-78.026,2.579],[-78.031,2.581],[-78.035,2.587],[-78.041,2.591],[-78.048,2.594],[-78.051,2.597],[-78.057,2.618],[-78.039,2.644],[-78.032,2.65],[-78.027,2.646],[-78.018,2.644],[-78.017,2.642],[-78.013,2.642],[-78.014,2.648],[-78.013,2.651],[-78.01,2.653],[-78.006,2.651],[-77.999,2.653],[-77.998,2.654],[-77.992,2.654],[-77.99,2.655],[-77.991,2.658],[-77.989,2.66],[-77.986,2.657],[-77.98,2.659],[-77.977,2.662],[-77.971,2.662],[-77.968,2.654],[-77.964,2.652],[-77.963,2.65],[-77.967,2.646],[-77.971,2.646],[-77.975,2.642],[-77.972,2.64],[-77.963,2.642],[-77.947,2.627],[-77.933,2.62],[-77.932,2.623],[-77.933,2.624],[-77.935,2.633],[-77.934,2.637],[-77.931,2.64],[-77.928,2.64],[-77.924,2.621],[-77.917,2.607],[-77.916,2.594],[-77.915,2.544],[-77.918,2.526],[-77.924,2.518],[-77.926,2.51],[-77.925,2.482],[-77.923,2.469],[-77.917,2.455],[-77.919,2.438],[-77.918,2.431],[-77.919,2.417],[-77.915,2.406],[-77.9,2.394],[-77.899,2.383],[-77.895,2.375],[-77.894,2.366],[-77.89,2.359],[-77.883,2.353],[-77.884,2.348],[-77.88,2.335],[-77.881,2.329],[-77.883,2.325],[-77.883,2.319],[-77.879,2.313],[-77.878,2.304],[-77.874,2.301],[-77.873,2.294],[-77.866,2.284],[-77.866,2.277],[-77.863,2.271],[-77.861,2.268],[-77.849,2.263],[-77.848,2.261],[-77.851,2.242],[-77.847,2.232],[-77.853,2.215],[-77.853,2.205],[-77.849,2.191],[-77.839,2.178],[-77.831,2.176],[-77.821,2.178],[-77.807,2.174],[-77.801,2.17],[-77.798,2.164],[-77.786,2.156],[-77.781,2.148],[-77.751,2.141],[-77.744,2.135],[-77.739,2.134],[-77.731,2.135],[-77.722,2.141],[-77.705,2.149],[-77.698,2.154],[-77.686,2.155],[-77.679,2.158],[-77.665,2.158],[-77.651,2.167],[-77.646,2.169],[-77.604,2.165],[-77.593,2.174],[-77.587,2.175],[-77.581,2.179],[-77.574,2.181],[-77.569,2.187],[-77.565,2.195],[-77.56,2.198],[-77.556,2.203],[-77.543,2.196],[-77.539,2.197],[-77.53,2.196],[-77.521,2.2],[-77.507,2.197],[-77.501,2.193],[-77.488,2.195],[-77.485,2.202],[-77.485,2.211],[-77.488,2.216],[-77.479,2.23],[-77.479,2.236],[-77.472,2.241],[-77.473,2.251],[-77.472,2.256],[-77.474,2.262],[-77.475,2.264],[-77.479,2.264],[-77.48,2.266],[-77.479,2.274],[-77.477,2.275],[-77.468,2.275],[-77.459,2.286],[-77.444,2.285],[-77.439,2.283],[-77.432,2.282],[-77.425,2.279],[-77.418,2.273],[-77.409,2.271],[-77.402,2.264],[-77.386,2.256],[-77.381,2.257],[-77.375,2.264],[-77.359,2.262],[-77.352,2.257],[-77.348,2.247],[-77.343,2.242],[-77.34,2.237],[-77.33,2.23],[-77.327,2.224],[-77.323,2.222],[-77.323,2.218],[-77.319,2.211],[-77.317,2.2],[-77.311,2.201],[-77.308,2.196],[-77.309,2.194],[-77.313,2.193],[-77.315,2.186],[-77.318,2.182],[-77.314,2.165],[-77.308,2.155],[-77.305,2.146],[-77.308,2.146],[-77.311,2.142],[-77.309,2.137],[-77.312,2.129],[-77.308,2.125],[-77.308,2.107],[-77.311,2.098],[-77.316,2.093],[-77.316,2.088],[-77.319,2.082],[-77.32,2.072],[-77.327,2.066],[-77.333,2.061],[-77.335,2.059],[-77.335,2.054],[-77.331,2.05],[-77.308,2.038],[-77.303,2.028],[-77.281,2.021],[-77.274,2.007],[-77.268,2.005],[-77.266,2.0],[-77.26,1.995],[-77.247,1.993],[-77.227,1.991],[-77.221,1.988],[-77.21,1.972],[-77.207,1.958],[-77.203,1.951],[-77.208,1.941],[-77.218,1.935],[-77.217,1.919],[-77.219,1.918],[-77.222,1.921],[-77.226,1.921],[-77.229,1.92],[-77.231,1.915],[-77.24,1.915],[-77.245,1.911],[-77.246,1.907],[-77.243,1.901],[-77.244,1.897],[-77.243,1.887],[-77.246,1.883],[-77.247,1.88],[-77.252,1.877],[-77.252,1.873],[-77.256,1.869],[-77.279,1.861],[-77.28,1.86],[-77.281,1.854],[-77.279,1.85],[-77.281,1.849],[-77.284,1.85],[-77.288,1.849],[-77.289,1.848],[-77.286,1.846],[-77.287,1.845],[-77.294,1.831],[-77.295,1.818],[-77.301,1.815],[-77.305,1.804],[-77.309,1.804],[-77.308,1.8],[-77.304,1.799],[-77.303,1.797],[-77.308,1.786],[-77.304,1.786],[-77.296,1.771],[-77.294,1.766],[-77.299,1.758],[-77.3,1.754],[-77.298,1.753],[-77.3,1.744],[-77.304,1.74],[-77.309,1.725],[-77.312,1.724],[-77.311,1.723],[-77.316,1.714],[-77.321,1.7],[-77.325,1.697],[-77.326,1.692],[-77.331,1.682],[-77.322,1.679],[-77.314,1.677],[-77.313,1.678],[-77.308,1.675],[-77.302,1.674],[-77.301,1.672],[-77.299,1.673],[-77.298,1.67],[-77.295,1.67],[-77.297,1.672],[-77.296,1.674],[-77.293,1.67],[-77.286,1.669],[-77.286,1.672],[-77.282,1.674],[-77.282,1.671],[-77.281,1.669],[-77.28,1.67],[-77.28,1.664],[-77.275,1.662],[-77.274,1.664],[-77.27,1.663],[-77.27,1.665],[-77.267,1.668],[-77.264,1.667],[-77.263,1.67],[-77.257,1.671],[-77.255,1.666],[-77.253,1.668],[-77.252,1.665],[-77.249,1.665],[-77.246,1.658],[-77.244,1.657],[-77.242,1.66],[-77.238,1.657],[-77.238,1.659],[-77.236,1.66],[-77.234,1.658],[-77.232,1.661],[-77.228,1.66],[-77.226,1.661],[-77.227,1.663],[-77.223,1.665],[-77.222,1.668],[-77.22,1.668],[-77.219,1.67],[-77.216,1.667],[-77.213,1.668],[-77.211,1.672],[-77.209,1.67],[-77.204,1.672],[-77.201,1.671],[-77.192,1.677],[-77.186,1.678],[-77.184,1.675],[-77.178,1.674],[-77.173,1.675],[-77.171,1.677],[-77.171,1.676],[-77.162,1.675],[-77.16,1.679],[-77.157,1.68],[-77.157,1.682],[-77.151,1.684],[-77.151,1.686],[-77.148,1.683],[-77.149,1.681],[-77.149,1.68],[-77.142,1.676],[-77.144,1.667],[-77.139,1.656],[-77.137,1.655],[-77.133,1.658],[-77.125,1.659],[-77.123,1.661],[-77.092,1.661],[-77.088,1.665],[-77.073,1.669],[-77.07,1.673],[-77.069,1.677],[-77.061,1.688],[-77.057,1.698],[-77.051,1.701],[-77.044,1.701],[-77.037,1.707],[-77.023,1.714],[-77.016,1.715],[-77.004,1.709],[-77.0,1.708],[-76.997,1.709],[-76.993,1.713],[-76.988,1.714],[-76.968,1.713],[-76.966,1.714],[-76.961,1.722],[-76.954,1.722],[-76.946,1.727],[-76.936,1.729],[-76.926,1.719],[-76.925,1.708],[-76.917,1.702],[-76.916,1.696],[-76.912,1.689],[-76.911,1.68],[-76.902,1.663],[-76.894,1.663],[-76.889,1.656],[-76.87,1.64],[-76.862,1.637],[-76.857,1.638],[-76.854,1.637],[-76.851,1.631],[-76.844,1.627],[-76.841,1.62],[-76.835,1.615],[-76.834,1.607],[-76.84,1.598],[-76.841,1.585],[-76.857,1.564],[-76.857,1.543],[-76.853,1.541],[-76.851,1.534],[-76.857,1.527],[-76.858,1.523],[-76.861,1.521],[-76.865,1.521],[-76.873,1.52],[-76.883,1.523],[-76.888,1.523],[-76.896,1.516],[-76.907,1.51],[-76.913,1.501],[-76.917,1.499],[-76.93,1.5],[-76.927,1.494],[-76.929,1.483],[-76.925,1.473],[-76.926,1.466],[-76.922,1.452],[-76.924,1.441],[-76.918,1.43],[-76.924,1.41],[-76.928,1.402],[-76.932,1.399],[-76.932,1.386],[-76.93,1.38],[-76.926,1.374],[-76.927,1.366],[-76.925,1.356],[-76.92,1.35],[-76.921,1.346]]],[[[-78.631,2.328],[-78.632,2.331],[-78.627,2.348],[-78.623,2.358],[-78.621,2.358],[-78.62,2.356],[-78.623,2.354],[-78.625,2.346],[-78.625,2.339],[-78.631,2.328]]],[[[-78.047,2.588],[-78.037,2.586],[-78.035,2.584],[-78.034,2.572],[-78.039,2.567],[-78.049,2.563],[-78.059,2.566],[-78.066,2.574],[-78.067,2.578],[-78.053,2.584],[-78.051,2.588],[-78.047,2.588]]]]}},{"type":"Feature","properties":{"name":"Guaviare","iso":"CO-GUV"},"geometry":{"type":"MultiPolygon","coordinates":[[[[-73.659,1.615],[-73.658,1.895],[-73.656,2.295],[-73.651,2.292],[-73.645,2.284],[-73.641,2.284],[-73.635,2.287],[-73.629,2.296],[-73.628,2.299],[-73.633,2.309],[-73.635,2.324],[-73.632,2.33],[-73.62,2.332],[-73.616,2.336],[-73.614,2.342],[-73.617,2.347],[-73.625,2.349],[-73.63,2.352],[-73.633,2.357],[-73.633,2.362],[-73.616,2.378],[-73.598,2.381],[-73.589,2.39],[-73.585,2.39],[-73.582,2.377],[-73.588,2.368],[-73.586,2.362],[-73.584,2.357],[-73.572,2.355],[-73.566,2.358],[-73.559,2.368],[-73.556,2.371],[-73.54,2.377],[-73.533,2.387],[-73.528,2.388],[-73.523,2.384],[-73.523,2.372],[-73.521,2.365],[-73.515,2.356],[-73.514,2.351],[-73.517,2.335],[-73.511,2.333],[-73.507,2.335],[-73.505,2.338],[-73.508,2.353],[-73.506,2.357],[-73.5,2.359],[-73.487,2.357],[-73.479,2.359],[-73.474,2.362],[-73.469,2.362],[-73.464,2.357],[-73.462,2.352],[-73.462,2.343],[-73.46,2.339],[-73.452,2.339],[-73.447,2.342],[-73.445,2.346],[-73.446,2.352],[-73.45,2.362],[-73.456,2.38],[-73.455,2.383],[-73.442,2.388],[-73.439,2.386],[-73.433,2.37],[-73.431,2.36],[-73.433,2.351],[-73.44,2.341],[-73.441,2.334],[-73.438,2.327],[-73.431,2.325],[-73.424,2.328],[-73.422,2.334],[-73.424,2.351],[-73.419,2.355],[-73.414,2.356],[-73.397,2.355],[-73.389,2.351],[-73.387,2.347],[-73.388,2.342],[-73.397,2.333],[-73.395,2.328],[-73.388,2.325],[-73.382,2.324],[-73.378,2.326],[-73.374,2.33],[-73.374,2.333],[-73.374,2.364],[-73.362,2.368],[-73.357,2.369],[-73.349,2.365],[-73.347,2.362],[-73.345,2.357],[-73.345,2.349],[-73.347,2.346],[-73.356,2.339],[-73.36,2.333],[-73.358,2.325],[-73.355,2.324],[-73.341,2.328],[-73.336,2.33],[-73.332,2.334],[-73.329,2.344],[-73.33,2.348],[-73.335,2.353],[-73.336,2.356],[-73.332,2.361],[-73.324,2.361],[-73.32,2.36],[-73.315,2.355],[-73.311,2.346],[-73.301,2.336],[-73.295,2.339],[-73.276,2.356],[-73.269,2.359],[-73.262,2.359],[-73.254,2.356],[-73.246,2.347],[-73.243,2.347],[-73.24,2.349],[-73.238,2.352],[-73.237,2.358],[-73.238,2.366],[-73.24,2.37],[-73.247,2.374],[-73.259,2.372],[-73.263,2.373],[-73.266,2.374],[-73.268,2.38],[-73.267,2.382],[-73.249,2.382],[-73.24,2.389],[-73.227,2.389],[-73.224,2.391],[-73.217,2.406],[-73.213,2.404],[-73.211,2.4],[-73.217,2.391],[-73.217,2.386],[-73.2,2.383],[-73.194,2.387],[-73.186,2.389],[-73.18,2.398],[-73.17,2.402],[-73.168,2.4],[-73.165,2.395],[-73.167,2.38],[-73.167,2.372],[-73.166,2.368],[-73.162,2.365],[-73.158,2.365],[-73.154,2.366],[-73.148,2.372],[-73.139,2.378],[-73.127,2.377],[-73.124,2.379],[-73.124,2.386],[-73.127,2.39],[-73.138,2.394],[-73.141,2.398],[-73.14,2.401],[-73.137,2.406],[-73.124,2.412],[-73.119,2.411],[-73.117,2.407],[-73.114,2.391],[-73.114,2.385],[-73.112,2.382],[-73.109,2.381],[-73.105,2.386],[-73.094,2.394],[-73.082,2.411],[-73.075,2.414],[-73.072,2.417],[-73.07,2.426],[-73.065,2.428],[-73.06,2.43],[-73.052,2.429],[-73.044,2.438],[-73.041,2.438],[-73.037,2.431],[-73.037,2.42],[-73.035,2.414],[-73.033,2.412],[-73.03,2.413],[-73.025,2.42],[-73.013,2.432],[-72.992,2.445],[-72.985,2.453],[-72.974,2.452],[-72.965,2.449],[-72.963,2.451],[-72.963,2.454],[-72.971,2.461],[-72.971,2.466],[-72.968,2.476],[-72.963,2.48],[-72.957,2.48],[-72.953,2.479],[-72.937,2.465],[-72.934,2.465],[-72.93,2.468],[-72.928,2.476],[-72.932,2.494],[-72.934,2.499],[-72.938,2.502],[-72.942,2.502],[-72.95,2.495],[-72.955,2.495],[-72.958,2.498],[-72.957,2.511],[-72.955,2.517],[-72.949,2.523],[-72.942,2.525],[-72.933,2.524],[-72.922,2.531],[-72.919,2.54],[-72.92,2.55],[-72.923,2.554],[-72.923,2.558],[-72.919,2.564],[-72.913,2.568],[-72.898,2.562],[-72.894,2.566],[-72.891,2.571],[-72.888,2.571],[-72.879,2.576],[-72.868,2.577],[-72.858,2.585],[-72.848,2.597],[-72.827,2.607],[-72.821,2.612],[-72.811,2.616],[-72.8,2.612],[-72.792,2.605],[-72.792,2.593],[-72.785,2.586],[-72.769,2.579],[-72.758,2.572],[-72.745,2.569],[-72.733,2.574],[-72.72,2.583],[-72.708,2.608],[-72.699,2.621],[-72.683,2.623],[-72.671,2.616],[-72.666,2.61],[-72.663,2.602],[-72.662,2.587],[-72.661,2.581],[-72.651,2.572],[-72.646,2.574],[-72.643,2.578],[-72.642,2.583],[-72.646,2.598],[-72.646,2.603],[-72.641,2.612],[-72.635,2.615],[-72.622,2.625],[-72.615,2.626],[-72.603,2.621],[-72.598,2.615],[-72.594,2.606],[-72.594,2.597],[-72.597,2.589],[-72.597,2.584],[-72.594,2.582],[-72.589,2.583],[-72.584,2.585],[-72.58,2.589],[-72.579,2.593],[-72.581,2.597],[-72.582,2.613],[-72.589,2.627],[-72.589,2.633],[-72.587,2.636],[-72.584,2.646],[-72.581,2.649],[-72.56,2.647],[-72.557,2.649],[-72.554,2.655],[-72.555,2.659],[-72.558,2.662],[-72.567,2.664],[-72.57,2.666],[-72.571,2.669],[-72.57,2.675],[-72.565,2.681],[-72.543,2.68],[-72.535,2.683],[-72.538,2.7],[-72.535,2.703],[-72.52,2.7],[-72.508,2.691],[-72.495,2.687],[-72.484,2.686],[-72.475,2.687],[-72.47,2.689],[-72.465,2.697],[-72.463,2.703],[-72.463,2.714],[-72.466,2.722],[-72.47,2.726],[-72.472,2.731],[-72.467,2.734],[-72.444,2.734],[-72.435,2.74],[-72.424,2.735],[-72.411,2.725],[-72.406,2.725],[-72.389,2.736],[-72.381,2.745],[-72.372,2.755],[-72.367,2.767],[-72.357,2.781],[-72.349,2.786],[-72.336,2.79],[-72.32,2.799],[-72.312,2.8],[-72.305,2.795],[-72.301,2.782],[-72.296,2.775],[-72.294,2.773],[-72.286,2.773],[-72.276,2.777],[-72.272,2.779],[-72.265,2.79],[-72.265,2.798],[-72.27,2.806],[-72.271,2.811],[-72.271,2.815],[-72.267,2.819],[-72.258,2.824],[-72.247,2.819],[-72.245,2.812],[-72.236,2.801],[-72.231,2.79],[-72.215,2.774],[-72.211,2.772],[-72.202,2.77],[-72.192,2.772],[-72.185,2.782],[-72.184,2.789],[-72.186,2.797],[-72.192,2.801],[-72.201,2.812],[-72.203,2.817],[-72.207,2.84],[-72.206,2.847],[-72.207,2.854],[-72.204,2.863],[-72.201,2.868],[-72.194,2.873],[-72.184,2.875],[-72.172,2.874],[-72.158,2.865],[-72.149,2.863],[-72.143,2.866],[-72.14,2.87],[-72.137,2.886],[-72.135,2.889],[-72.124,2.887],[-72.117,2.882],[-72.113,2.877],[-72.103,2.847],[-72.098,2.837],[-72.079,2.822],[-72.065,2.817],[-72.05,2.816],[-72.021,2.829],[-72.004,2.829],[-71.998,2.826],[-71.995,2.822],[-71.983,2.801],[-71.98,2.803],[-71.965,2.825],[-71.959,2.829],[-71.944,2.832],[-71.939,2.833],[-71.928,2.829],[-71.916,2.827],[-71.887,2.833],[-71.874,2.838],[-71.857,2.841],[-71.851,2.842],[-71.829,2.837],[-71.825,2.84],[-71.819,2.855],[-71.822,2.868],[-71.828,2.872],[-71.834,2.872],[-71.849,2.868],[-71.851,2.87],[-71.849,2.872],[-71.824,2.878],[-71.8,2.876],[-71.793,2.872],[-71.788,2.867],[-71.785,2.86],[-71.784,2.853],[-71.79,2.83],[-71.789,2.824],[-71.786,2.818],[-71.781,2.817],[-71.77,2.829],[-71.76,2.854],[-71.759,2.87],[-71.767,2.889],[-71.766,2.894],[-71.763,2.897],[-71.754,2.895],[-71.747,2.889],[-71.741,2.882],[-71.727,2.86],[-71.711,2.846],[-71.701,2.839],[-71.693,2.839],[-71.683,2.85],[-71.683,2.865],[-71.681,2.87],[-71.677,2.873],[-71.671,2.874],[-71.664,2.872],[-71.659,2.87],[-71.658,2.865],[-71.66,2.856],[-71.667,2.842],[-71.672,2.837],[-71.674,2.829],[-71.673,2.824],[-71.671,2.823],[-71.653,2.821],[-71.647,2.818],[-71.634,2.821],[-71.628,2.831],[-71.626,2.838],[-71.621,2.841],[-71.607,2.846],[-71.6,2.846],[-71.58,2.843],[-71.575,2.845],[-71.572,2.849],[-71.573,2.853],[-71.575,2.859],[-71.584,2.866],[-71.586,2.87],[-71.582,2.873],[-71.58,2.873],[-71.556,2.866],[-71.549,2.868],[-71.54,2.866],[-71.534,2.869],[-71.533,2.875],[-71.53,2.878],[-71.523,2.879],[-71.503,2.875],[-71.498,2.874],[-71.492,2.869],[-71.486,2.859],[-71.481,2.854],[-71.474,2.852],[-71.47,2.853],[-71.465,2.857],[-71.463,2.86],[-71.464,2.871],[-71.468,2.885],[-71.468,2.895],[-71.464,2.899],[-71.462,2.899],[-71.458,2.892],[-71.445,2.88],[-71.432,2.871],[-71.416,2.866],[-71.405,2.854],[-71.4,2.849],[-71.394,2.846],[-71.387,2.847],[-71.383,2.853],[-71.381,2.861],[-71.379,2.87],[-71.384,2.883],[-71.382,2.887],[-71.377,2.89],[-71.368,2.892],[-71.359,2.89],[-71.358,2.883],[-71.357,2.861],[-71.354,2.859],[-71.349,2.858],[-71.345,2.86],[-71.339,2.869],[-71.333,2.884],[-71.328,2.893],[-71.332,2.909],[-71.331,2.917],[-71.33,2.92],[-71.326,2.924],[-71.319,2.925],[-71.307,2.921],[-71.303,2.917],[-71.3,2.905],[-71.299,2.877],[-71.295,2.871],[-71.288,2.868],[-71.28,2.867],[-71.275,2.869],[-71.267,2.881],[-71.261,2.884],[-71.254,2.884],[-71.251,2.88],[-71.249,2.864],[-71.245,2.861],[-71.224,2.865],[-71.22,2.869],[-71.212,2.886],[-71.209,2.89],[-71.203,2.891],[-71.197,2.889],[-71.192,2.89],[-71.188,2.892],[-71.185,2.904],[-71.176,2.902],[-71.165,2.883],[-71.158,2.875],[-71.153,2.872],[-71.147,2.874],[-71.142,2.877],[-71.139,2.882],[-71.139,2.889],[-71.141,2.9],[-71.136,2.902],[-71.129,2.893],[-71.127,2.891],[-71.118,2.877],[-71.111,2.873],[-71.099,2.874],[-71.096,2.878],[-71.081,2.884],[-71.077,2.882],[-71.074,2.88],[-71.066,2.87],[-71.066,2.861],[-71.064,2.857],[-71.06,2.853],[-71.043,2.85],[-71.031,2.846],[-71.026,2.846],[-71.02,2.851],[-71.017,2.855],[-71.013,2.856],[-71.007,2.854],[-71.0,2.839],[-70.993,2.83],[-70.989,2.828],[-70.978,2.83],[-70.958,2.842],[-70.952,2.84],[-70.949,2.835],[-70.948,2.822],[-70.951,2.815],[-70.96,2.806],[-70.962,2.801],[-70.953,2.789],[-70.949,2.787],[-70.943,2.786],[-70.935,2.79],[-70.93,2.798],[-70.926,2.811],[-70.928,2.823],[-70.94,2.834],[-70.942,2.84],[-70.941,2.848],[-70.939,2.857],[-70.932,2.858],[-70.916,2.852],[-70.911,2.846],[-70.899,2.809],[-70.892,2.798],[-70.887,2.794],[-70.881,2.792],[-70.871,2.795],[-70.868,2.794],[-70.869,2.788],[-70.874,2.785],[-70.875,2.782],[-70.872,2.778],[-70.868,2.775],[-70.861,2.775],[-70.856,2.779],[-70.851,2.792],[-70.842,2.803],[-70.834,2.804],[-70.819,2.813],[-70.81,2.812],[-70.803,2.806],[-70.796,2.791],[-70.795,2.784],[-70.797,2.777],[-70.8,2.773],[-70.812,2.77],[-70.815,2.767],[-70.814,2.762],[-70.811,2.759],[-70.803,2.758],[-70.777,2.768],[-70.762,2.767],[-70.756,2.768],[-70.743,2.778],[-70.735,2.788],[-70.728,2.793],[-70.721,2.794],[-70.718,2.788],[-70.716,2.775],[-70.72,2.753],[-70.719,2.745],[-70.716,2.74],[-70.711,2.737],[-70.706,2.737],[-70.701,2.74],[-70.696,2.749],[-70.685,2.762],[-70.68,2.78],[-70.676,2.781],[-70.664,2.78],[-70.656,2.782],[-70.64,2.801],[-70.637,2.809],[-70.638,2.816],[-70.64,2.821],[-70.663,2.844],[-70.662,2.852],[-70.658,2.856],[-70.651,2.856],[-70.641,2.853],[-70.635,2.847],[-70.632,2.84],[-70.632,2.811],[-70.63,2.806],[-70.622,2.794],[-70.618,2.792],[-70.611,2.796],[-70.606,2.803],[-70.6,2.819],[-70.599,2.834],[-70.585,2.841],[-70.564,2.829],[-70.558,2.82],[-70.551,2.815],[-70.53,2.806],[-70.507,2.786],[-70.942,2.607],[-70.941,2.602],[-70.928,2.576],[-70.925,2.574],[-70.924,2.567],[-70.919,2.564],[-70.916,2.566],[-70.909,2.564],[-70.906,2.566],[-70.902,2.566],[-70.893,2.559],[-70.884,2.557],[-70.878,2.559],[-70.862,2.569],[-70.857,2.571],[-70.853,2.57],[-70.844,2.563],[-70.836,2.553],[-70.833,2.545],[-70.829,2.539],[-70.831,2.538],[-70.831,2.535],[-70.83,2.536],[-70.83,2.533],[-70.828,2.532],[-70.827,2.533],[-70.826,2.532],[-70.821,2.532],[-70.82,2.531],[-70.819,2.533],[-70.817,2.533],[-70.816,2.529],[-70.809,2.529],[-70.807,2.524],[-70.8,2.527],[-70.796,2.523],[-70.795,2.524],[-70.794,2.521],[-70.791,2.521],[-70.783,2.53],[-70.783,2.532],[-70.78,2.534],[-70.778,2.533],[-70.778,2.535],[-70.777,2.534],[-70.772,2.538],[-70.771,2.537],[-70.768,2.54],[-70.768,2.539],[-70.767,2.54],[-70.757,2.539],[-70.754,2.537],[-70.754,2.535],[-70.755,2.534],[-70.749,2.534],[-70.749,2.531],[-70.746,2.53],[-70.746,2.524],[-70.744,2.519],[-70.743,2.519],[-70.743,2.516],[-70.742,2.515],[-70.746,2.512],[-70.744,2.508],[-70.745,2.502],[-70.743,2.501],[-70.743,2.5],[-70.741,2.5],[-70.739,2.499],[-70.736,2.493],[-70.734,2.494],[-70.732,2.485],[-70.728,2.485],[-70.726,2.48],[-70.723,2.478],[-70.721,2.48],[-70.719,2.48],[-70.718,2.478],[-70.716,2.477],[-70.715,2.475],[-70.711,2.473],[-70.71,2.471],[-70.706,2.472],[-70.704,2.469],[-70.704,2.468],[-70.703,2.468],[-70.7,2.463],[-70.699,2.46],[-70.701,2.455],[-70.699,2.453],[-70.695,2.452],[-70.694,2.449],[-70.69,2.444],[-70.687,2.443],[-70.687,2.445],[-70.685,2.443],[-70.682,2.444],[-70.681,2.441],[-70.679,2.442],[-70.68,2.437],[-70.677,2.436],[-70.676,2.433],[-70.677,2.43],[-70.681,2.429],[-70.679,2.424],[-70.68,2.42],[-70.681,2.42],[-70.676,2.416],[-70.677,2.415],[-70.675,2.412],[-70.67,2.411],[-70.671,2.407],[-70.668,2.407],[-70.668,2.405],[-70.667,2.406],[-70.666,2.402],[-70.667,2.399],[-70.665,2.4],[-70.664,2.397],[-70.665,2.394],[-70.663,2.394],[-70.662,2.391],[-70.659,2.39],[-70.661,2.387],[-70.66,2.385],[-70.655,2.386],[-70.657,2.382],[-70.655,2.381],[-70.655,2.379],[-70.653,2.38],[-70.654,2.377],[-70.653,2.373],[-70.649,2.371],[-70.649,2.367],[-70.646,2.364],[-70.646,2.361],[-70.644,2.36],[-70.645,2.361],[-70.644,2.36],[-70.643,2.362],[-70.642,2.358],[-70.64,2.358],[-70.64,2.354],[-70.641,2.353],[-70.638,2.35],[-70.639,2.349],[-70.635,2.348],[-70.637,2.348],[-70.637,2.345],[-70.638,2.346],[-70.638,2.345],[-70.636,2.342],[-70.637,2.341],[-70.636,2.34],[-70.637,2.338],[-70.635,2.336],[-70.636,2.335],[-70.633,2.334],[-70.634,2.33],[-70.633,2.329],[-70.632,2.331],[-70.633,2.327],[-70.631,2.326],[-70.632,2.324],[-70.633,2.325],[-70.634,2.322],[-70.632,2.322],[-70.632,2.324],[-70.631,2.322],[-70.632,2.318],[-70.63,2.318],[-70.631,2.317],[-70.63,2.316],[-70.63,2.314],[-70.624,2.309],[-70.618,2.307],[-70.617,2.308],[-70.618,2.306],[-70.616,2.306],[-70.615,2.307],[-70.614,2.305],[-70.612,2.304],[-70.612,2.302],[-70.608,2.3],[-70.608,2.298],[-70.605,2.298],[-70.595,2.294],[-70.589,2.296],[-70.588,2.293],[-70.589,2.291],[-70.587,2.291],[-70.587,2.289],[-70.585,2.291],[-70.581,2.289],[-70.58,2.292],[-70.578,2.289],[-70.575,2.292],[-70.574,2.293],[-70.575,2.294],[-70.574,2.295],[-70.573,2.293],[-70.57,2.293],[-70.57,2.291],[-70.563,2.293],[-70.562,2.291],[-70.56,2.291],[-70.558,2.287],[-70.557,2.289],[-70.555,2.29],[-70.551,2.288],[-70.551,2.286],[-70.55,2.288],[-70.548,2.286],[-70.547,2.287],[-70.547,2.285],[-70.545,2.284],[-70.543,2.28],[-70.531,2.268],[-70.526,2.268],[-70.519,2.271],[-70.517,2.275],[-70.519,2.283],[-70.516,2.284],[-70.511,2.283],[-70.508,2.279],[-70.513,2.274],[-70.51,2.267],[-70.5,2.259],[-70.49,2.256],[-70.489,2.253],[-70.493,2.25],[-70.498,2.251],[-70.504,2.258],[-70.508,2.26],[-70.511,2.259],[-70.514,2.256],[-70.513,2.251],[-70.514,2.245],[-70.497,2.234],[-70.484,2.235],[-70.476,2.242],[-70.473,2.244],[-70.47,2.242],[-70.465,2.233],[-70.463,2.235],[-70.461,2.24],[-70.454,2.244],[-70.457,2.247],[-70.465,2.249],[-70.464,2.252],[-70.458,2.257],[-70.438,2.26],[-70.434,2.261],[-70.428,2.267],[-70.421,2.269],[-70.417,2.266],[-70.419,2.259],[-70.419,2.256],[-70.416,2.255],[-70.408,2.255],[-70.403,2.259],[-70.404,2.266],[-70.399,2.268],[-70.395,2.265],[-70.394,2.257],[-70.388,2.252],[-70.386,2.247],[-70.383,2.245],[-70.376,2.245],[-70.372,2.238],[-70.366,2.235],[-70.362,2.234],[-70.358,2.236],[-70.347,2.247],[-70.342,2.248],[-70.341,2.233],[-70.335,2.227],[-70.325,2.223],[-70.317,2.214],[-70.316,2.209],[-70.312,2.208],[-70.307,2.211],[-70.304,2.216],[-70.296,2.222],[-70.293,2.229],[-70.293,2.232],[-70.297,2.241],[-70.301,2.244],[-70.307,2.246],[-70.308,2.248],[-70.308,2.251],[-70.305,2.253],[-70.296,2.253],[-70.278,2.238],[-70.274,2.237],[-70.27,2.24],[-70.268,2.248],[-70.26,2.248],[-70.26,2.255],[-70.253,2.262],[-70.247,2.265],[-70.243,2.265],[-70.237,2.263],[-70.235,2.26],[-70.235,2.257],[-70.237,2.254],[-70.245,2.253],[-70.249,2.25],[-70.25,2.246],[-70.247,2.243],[-70.232,2.24],[-70.227,2.247],[-70.225,2.247],[-70.215,2.234],[-70.21,2.234],[-70.206,2.241],[-70.205,2.242],[-70.202,2.239],[-70.2,2.231],[-70.194,2.23],[-70.187,2.233],[-70.184,2.236],[-70.183,2.24],[-70.185,2.245],[-70.194,2.249],[-70.194,2.251],[-70.191,2.253],[-70.183,2.25],[-70.181,2.247],[-70.177,2.239],[-70.174,2.237],[-70.171,2.238],[-70.164,2.243],[-70.158,2.239],[-70.157,2.24],[-70.157,2.244],[-70.161,2.262],[-70.16,2.265],[-70.156,2.265],[-70.153,2.261],[-70.148,2.249],[-70.145,2.249],[-70.142,2.251],[-70.138,2.261],[-70.138,2.264],[-70.141,2.265],[-70.151,2.266],[-70.153,2.268],[-70.152,2.275],[-70.147,2.278],[-70.141,2.277],[-70.123,2.263],[-70.119,2.264],[-70.108,2.268],[-70.103,2.262],[-70.094,2.266],[-70.085,2.263],[-70.075,2.274],[-70.073,2.278],[-70.072,2.291],[-70.07,2.294],[-70.064,2.296],[-70.056,2.293],[-70.049,2.295],[-70.047,2.294],[-70.045,2.291],[-70.045,2.288],[-70.054,2.283],[-70.054,2.279],[-70.05,2.276],[-70.043,2.275],[-70.039,2.268],[-70.036,2.266],[-70.034,2.267],[-70.029,2.273],[-70.027,2.273],[-70.028,2.263],[-70.031,2.258],[-70.03,2.257],[-70.025,2.258],[-70.023,2.257],[-70.024,2.255],[-70.023,2.252],[-70.026,2.25],[-70.027,2.248],[-70.025,2.237],[-70.021,2.233],[-70.013,2.232],[-69.995,2.224],[-69.995,2.221],[-69.996,2.214],[-69.995,2.206],[-69.997,2.204],[-70.001,2.208],[-70.006,2.207],[-70.003,2.204],[-70.008,2.201],[-70.006,2.199],[-70.007,2.196],[-70.012,2.193],[-70.014,2.188],[-70.014,2.185],[-70.012,2.184],[-70.008,2.188],[-70.006,2.185],[-70.007,2.181],[-70.014,2.182],[-70.017,2.178],[-70.02,2.177],[-70.023,2.179],[-70.021,2.181],[-70.018,2.181],[-70.019,2.184],[-70.023,2.183],[-70.028,2.186],[-70.032,2.182],[-70.036,2.182],[-70.035,2.18],[-70.031,2.181],[-70.029,2.181],[-70.033,2.176],[-70.032,2.173],[-70.027,2.174],[-70.033,2.158],[-70.035,2.159],[-70.036,2.162],[-70.038,2.163],[-70.042,2.162],[-70.043,2.16],[-70.046,2.163],[-70.055,2.162],[-70.056,2.16],[-70.052,2.158],[-70.052,2.157],[-70.056,2.153],[-70.058,2.146],[-70.07,2.141],[-70.073,2.139],[-70.079,2.139],[-70.083,2.135],[-70.083,2.131],[-70.088,2.131],[-70.091,2.128],[-70.094,2.128],[-70.096,2.131],[-70.1,2.13],[-70.101,2.129],[-70.099,2.126],[-70.097,2.124],[-70.093,2.124],[-70.092,2.122],[-70.099,2.121],[-70.102,2.117],[-70.104,2.12],[-70.108,2.12],[-70.109,2.119],[-70.109,2.115],[-70.119,2.111],[-70.119,2.109],[-70.114,2.108],[-70.112,2.106],[-70.112,2.104],[-70.115,2.102],[-70.115,2.1],[-70.109,2.099],[-70.104,2.095],[-70.113,2.087],[-70.113,2.084],[-70.109,2.081],[-70.11,2.08],[-70.115,2.08],[-70.129,2.07],[-70.137,2.068],[-70.139,2.064],[-70.141,2.067],[-70.147,2.065],[-70.148,2.07],[-70.15,2.072],[-70.151,2.071],[-70.153,2.065],[-70.159,2.062],[-70.161,2.058],[-70.162,2.054],[-70.16,2.049],[-70.163,2.045],[-70.167,2.042],[-70.171,2.046],[-70.173,2.044],[-70.171,2.038],[-70.173,2.041],[-70.176,2.04],[-70.175,2.034],[-70.18,2.03],[-70.181,2.024],[-70.184,2.027],[-70.187,2.024],[-70.19,2.023],[-70.189,2.027],[-70.193,2.03],[-70.195,2.029],[-70.192,2.026],[-70.195,2.024],[-70.199,2.024],[-70.201,2.027],[-70.204,2.027],[-70.205,2.023],[-70.203,2.019],[-70.205,2.018],[-70.208,2.02],[-70.209,2.025],[-70.212,2.025],[-70.211,2.02],[-70.212,2.02],[-70.215,2.021],[-70.216,2.025],[-70.221,2.024],[-70.219,2.028],[-70.221,2.032],[-70.226,2.034],[-70.23,2.034],[-70.233,2.031],[-70.237,2.031],[-70.238,2.024],[-70.242,2.023],[-70.245,2.023],[-70.246,2.025],[-70.245,2.029],[-70.249,2.03],[-70.255,2.026],[-70.253,2.019],[-70.259,2.014],[-70.263,2.015],[-70.264,2.017],[-70.263,2.022],[-70.266,2.023],[-70.271,2.021],[-70.275,2.014],[-70.277,2.015],[-70.275,2.018],[-70.275,2.02],[-70.283,2.015],[-70.293,2.013],[-70.297,2.016],[-70.299,2.015],[-70.301,2.013],[-70.305,2.014],[-70.307,2.012],[-70.306,2.007],[-70.31,2.011],[-70.315,2.011],[-70.318,2.013],[-70.319,2.01],[-70.317,2.004],[-70.32,2.007],[-70.323,2.006],[-70.323,1.997],[-70.33,1.999],[-70.331,1.997],[-70.33,1.994],[-70.333,1.996],[-70.336,1.996],[-70.337,1.999],[-70.34,2.0],[-70.344,1.996],[-70.341,1.988],[-70.345,1.988],[-70.346,1.992],[-70.348,1.992],[-70.351,1.983],[-70.356,1.989],[-70.358,1.985],[-70.364,1.985],[-70.361,1.988],[-70.365,1.991],[-70.364,1.996],[-70.367,2.0],[-70.368,2.004],[-70.372,2.002],[-70.377,2.005],[-70.38,2.004],[-70.382,1.996],[-70.377,1.991],[-70.376,1.988],[-70.379,1.985],[-70.383,1.986],[-70.387,1.985],[-70.39,1.986],[-70.389,1.989],[-70.392,1.991],[-70.391,1.995],[-70.395,1.996],[-70.398,1.998],[-70.404,1.996],[-70.405,1.989],[-70.407,1.992],[-70.41,1.992],[-70.413,1.99],[-70.415,1.986],[-70.417,1.986],[-70.422,1.987],[-70.425,1.99],[-70.431,1.99],[-70.432,1.998],[-70.435,1.999],[-70.439,1.995],[-70.442,1.993],[-70.441,1.986],[-70.444,1.987],[-70.447,1.984],[-70.451,1.983],[-70.457,1.988],[-70.464,1.984],[-70.466,1.979],[-70.465,1.978],[-70.461,1.981],[-70.464,1.976],[-70.458,1.971],[-70.459,1.968],[-70.462,1.967],[-70.464,1.971],[-70.466,1.972],[-70.467,1.971],[-70.468,1.968],[-70.464,1.966],[-70.464,1.963],[-70.468,1.963],[-70.477,1.967],[-70.485,1.963],[-70.485,1.96],[-70.481,1.963],[-70.479,1.959],[-70.483,1.959],[-70.482,1.956],[-70.483,1.954],[-70.488,1.954],[-70.49,1.953],[-70.487,1.949],[-70.487,1.946],[-70.491,1.948],[-70.496,1.948],[-70.502,1.95],[-70.504,1.948],[-70.504,1.942],[-70.51,1.94],[-70.512,1.943],[-70.51,1.945],[-70.509,1.949],[-70.514,1.952],[-70.514,1.957],[-70.523,1.954],[-70.52,1.951],[-70.524,1.947],[-70.528,1.95],[-70.529,1.957],[-70.532,1.957],[-70.536,1.954],[-70.539,1.947],[-70.545,1.947],[-70.547,1.941],[-70.549,1.938],[-70.556,1.941],[-70.56,1.938],[-70.561,1.941],[-70.565,1.933],[-70.569,1.932],[-70.572,1.936],[-70.573,1.933],[-70.578,1.932],[-70.579,1.928],[-70.583,1.931],[-70.583,1.935],[-70.587,1.935],[-70.59,1.939],[-70.592,1.936],[-70.596,1.937],[-70.596,1.933],[-70.598,1.935],[-70.601,1.934],[-70.602,1.931],[-70.602,1.927],[-70.605,1.924],[-70.606,1.924],[-70.607,1.927],[-70.609,1.928],[-70.608,1.923],[-70.61,1.922],[-70.611,1.922],[-70.611,1.925],[-70.614,1.929],[-70.617,1.93],[-70.621,1.93],[-70.622,1.926],[-70.62,1.923],[-70.617,1.922],[-70.617,1.92],[-70.623,1.918],[-70.629,1.921],[-70.634,1.919],[-70.636,1.913],[-70.632,1.91],[-70.634,1.908],[-70.638,1.908],[-70.638,1.907],[-70.635,1.905],[-70.637,1.903],[-70.642,1.904],[-70.646,1.908],[-70.647,1.905],[-70.649,1.904],[-70.653,1.911],[-70.656,1.912],[-70.66,1.911],[-70.662,1.914],[-70.663,1.912],[-70.663,1.908],[-70.668,1.902],[-70.677,1.908],[-70.679,1.906],[-70.677,1.903],[-70.681,1.901],[-70.68,1.907],[-70.683,1.909],[-70.685,1.903],[-70.69,1.897],[-70.692,1.899],[-70.692,1.902],[-70.695,1.903],[-70.693,1.905],[-70.695,1.909],[-70.696,1.905],[-70.699,1.903],[-70.701,1.907],[-70.705,1.906],[-70.705,1.911],[-70.703,1.912],[-70.7,1.91],[-70.699,1.912],[-70.7,1.913],[-70.706,1.912],[-70.707,1.916],[-70.709,1.917],[-70.711,1.916],[-70.71,1.913],[-70.713,1.913],[-70.714,1.914],[-70.715,1.918],[-70.717,1.919],[-70.717,1.912],[-70.719,1.91],[-70.721,1.912],[-70.718,1.916],[-70.722,1.914],[-70.724,1.915],[-70.722,1.917],[-70.721,1.919],[-70.727,1.92],[-70.729,1.923],[-70.731,1.92],[-70.733,1.924],[-70.738,1.921],[-70.742,1.922],[-70.745,1.921],[-70.746,1.918],[-70.743,1.918],[-70.741,1.915],[-70.742,1.908],[-70.746,1.908],[-70.747,1.913],[-70.751,1.91],[-70.756,1.912],[-70.761,1.91],[-70.765,1.914],[-70.76,1.919],[-70.77,1.927],[-70.774,1.925],[-70.771,1.922],[-70.773,1.92],[-70.775,1.92],[-70.779,1.922],[-70.781,1.921],[-70.777,1.917],[-70.779,1.912],[-70.786,1.915],[-70.791,1.915],[-70.795,1.917],[-70.797,1.915],[-70.795,1.913],[-70.795,1.909],[-70.799,1.908],[-70.801,1.905],[-70.803,1.906],[-70.804,1.91],[-70.808,1.907],[-70.81,1.914],[-70.815,1.91],[-70.821,1.909],[-70.825,1.912],[-70.828,1.917],[-70.832,1.919],[-70.835,1.917],[-70.831,1.912],[-70.832,1.91],[-70.834,1.91],[-70.84,1.914],[-70.847,1.921],[-70.852,1.917],[-70.853,1.911],[-70.857,1.912],[-70.86,1.917],[-70.862,1.915],[-70.862,1.91],[-70.866,1.909],[-70.869,1.913],[-70.87,1.92],[-70.874,1.92],[-70.877,1.922],[-70.876,1.93],[-70.877,1.933],[-70.879,1.933],[-70.881,1.931],[-70.882,1.924],[-70.884,1.922],[-70.888,1.922],[-70.89,1.925],[-70.891,1.928],[-70.894,1.928],[-70.894,1.925],[-70.89,1.922],[-70.89,1.92],[-70.892,1.918],[-70.893,1.918],[-70.899,1.903],[-70.907,1.891],[-70.924,1.881],[-70.926,1.879],[-70.925,1.877],[-70.931,1.874],[-70.937,1.867],[-70.942,1.868],[-70.942,1.866],[-70.945,1.865],[-70.942,1.86],[-70.943,1.858],[-70.947,1.856],[-70.954,1.848],[-70.963,1.846],[-70.962,1.843],[-70.963,1.841],[-70.969,1.84],[-70.974,1.843],[-70.975,1.839],[-70.98,1.841],[-70.98,1.834],[-70.982,1.832],[-70.985,1.831],[-70.99,1.834],[-70.987,1.825],[-70.993,1.822],[-71.0,1.815],[-71.004,1.824],[-71.008,1.825],[-71.013,1.823],[-71.009,1.818],[-71.011,1.814],[-71.014,1.815],[-71.02,1.821],[-71.018,1.814],[-71.026,1.81],[-71.036,1.811],[-71.043,1.817],[-71.048,1.804],[-71.059,1.806],[-71.064,1.798],[-71.07,1.807],[-71.082,1.797],[-71.094,1.801],[-71.087,1.792],[-71.09,1.788],[-71.094,1.79],[-71.094,1.779],[-71.098,1.779],[-71.111,1.785],[-71.114,1.784],[-71.118,1.78],[-71.125,1.782],[-71.128,1.772],[-71.137,1.769],[-71.143,1.759],[-71.145,1.759],[-71.151,1.763],[-71.155,1.763],[-71.18,1.746],[-71.196,1.731],[-71.2,1.726],[-71.205,1.712],[-71.208,1.707],[-71.234,1.69],[-71.239,1.684],[-71.245,1.673],[-71.254,1.668],[-71.261,1.669],[-71.268,1.68],[-71.285,1.685],[-71.296,1.697],[-71.305,1.701],[-71.309,1.704],[-71.315,1.714],[-71.323,1.707],[-71.336,1.704],[-71.346,1.706],[-71.361,1.702],[-71.367,1.71],[-71.38,1.723],[-71.383,1.728],[-71.384,1.733],[-71.39,1.735],[-71.388,1.727],[-71.389,1.72],[-71.397,1.709],[-71.387,1.659],[-71.387,1.653],[-71.392,1.644],[-71.395,1.632],[-71.393,1.624],[-71.398,1.614],[-71.395,1.61],[-71.394,1.605],[-71.39,1.602],[-71.39,1.599],[-71.393,1.595],[-71.398,1.594],[-71.398,1.589],[-71.401,1.587],[-71.403,1.581],[-71.407,1.581],[-71.41,1.585],[-71.415,1.586],[-71.42,1.586],[-71.423,1.583],[-71.436,1.556],[-71.436,1.551],[-71.431,1.544],[-71.43,1.54],[-71.438,1.532],[-71.442,1.51],[-71.454,1.484],[-71.456,1.471],[-71.471,1.46],[-71.478,1.452],[-71.49,1.447],[-71.49,1.444],[-71.489,1.442],[-71.48,1.434],[-71.477,1.426],[-71.476,1.419],[-71.478,1.404],[-71.49,1.386],[-71.49,1.374],[-71.495,1.372],[-71.496,1.365],[-71.502,1.364],[-71.505,1.359],[-71.504,1.357],[-71.507,1.354],[-71.505,1.352],[-71.508,1.347],[-71.505,1.348],[-71.505,1.343],[-71.51,1.341],[-71.507,1.335],[-71.51,1.333],[-71.51,1.337],[-71.512,1.337],[-71.511,1.333],[-71.514,1.329],[-71.513,1.327],[-71.52,1.321],[-71.516,1.317],[-71.519,1.316],[-71.519,1.319],[-71.52,1.319],[-71.523,1.317],[-71.518,1.311],[-71.518,1.307],[-71.519,1.305],[-71.523,1.311],[-71.523,1.307],[-71.521,1.303],[-71.522,1.299],[-71.525,1.304],[-71.527,1.303],[-71.527,1.297],[-71.526,1.296],[-71.523,1.296],[-71.523,1.293],[-71.524,1.292],[-71.531,1.296],[-71.53,1.293],[-71.533,1.29],[-71.531,1.283],[-71.528,1.282],[-71.525,1.285],[-71.524,1.284],[-71.526,1.278],[-71.532,1.278],[-71.536,1.275],[-71.54,1.275],[-71.544,1.276],[-71.547,1.279],[-71.549,1.279],[-71.549,1.275],[-71.549,1.28],[-71.551,1.28],[-71.553,1.277],[-71.546,1.268],[-71.547,1.266],[-71.548,1.259],[-71.546,1.259],[-71.543,1.262],[-71.541,1.26],[-71.543,1.256],[-71.549,1.254],[-71.551,1.251],[-71.546,1.251],[-71.544,1.25],[-71.544,1.247],[-71.542,1.246],[-71.545,1.243],[-71.545,1.24],[-71.543,1.239],[-71.541,1.24],[-71.54,1.236],[-71.541,1.234],[-71.543,1.234],[-71.542,1.231],[-71.544,1.23],[-71.542,1.229],[-71.54,1.232],[-71.539,1.23],[-71.54,1.227],[-71.544,1.223],[-71.551,1.221],[-71.551,1.216],[-71.553,1.214],[-71.552,1.212],[-71.553,1.208],[-71.549,1.205],[-71.545,1.208],[-71.543,1.205],[-71.544,1.202],[-71.538,1.203],[-71.54,1.208],[-71.534,1.206],[-71.531,1.2],[-71.533,1.194],[-71.53,1.194],[-71.53,1.192],[-71.527,1.192],[-71.529,1.183],[-71.532,1.18],[-71.528,1.178],[-71.528,1.175],[-71.525,1.177],[-71.523,1.175],[-71.519,1.175],[-71.518,1.172],[-71.513,1.173],[-71.516,1.169],[-71.514,1.166],[-71.518,1.166],[-71.518,1.164],[-71.517,1.162],[-71.515,1.166],[-71.511,1.164],[-71.511,1.154],[-71.509,1.155],[-71.508,1.153],[-71.512,1.15],[-71.502,1.148],[-71.509,1.143],[-71.508,1.138],[-71.495,1.134],[-71.485,1.116],[-71.484,1.113],[-71.485,1.11],[-71.493,1.106],[-71.503,1.104],[-71.524,1.115],[-71.536,1.125],[-71.537,1.127],[-71.535,1.136],[-71.531,1.147],[-71.531,1.16],[-71.536,1.164],[-71.54,1.164],[-71.556,1.157],[-71.558,1.151],[-71.558,1.146],[-71.541,1.121],[-71.54,1.115],[-71.544,1.113],[-71.552,1.113],[-71.559,1.122],[-71.563,1.131],[-71.565,1.129],[-71.57,1.126],[-71.581,1.128],[-71.584,1.127],[-71.584,1.12],[-71.577,1.12],[-71.575,1.117],[-71.577,1.113],[-71.585,1.11],[-71.578,1.106],[-71.582,1.097],[-71.574,1.096],[-71.573,1.091],[-71.574,1.088],[-71.578,1.087],[-71.577,1.081],[-71.581,1.08],[-71.581,1.074],[-71.589,1.072],[-71.584,1.065],[-71.585,1.061],[-71.589,1.06],[-71.586,1.053],[-71.59,1.051],[-71.586,1.049],[-71.586,1.046],[-71.603,1.043],[-71.609,1.038],[-71.615,1.038],[-71.618,1.036],[-71.621,1.027],[-71.628,1.025],[-71.631,1.022],[-71.631,1.017],[-71.634,1.015],[-71.635,1.01],[-71.639,1.008],[-71.638,1.001],[-71.644,0.999],[-71.645,0.992],[-71.65,0.986],[-71.658,0.981],[-71.658,0.976],[-71.663,0.973],[-71.673,0.975],[-71.678,0.972],[-71.682,0.972],[-71.686,0.977],[-71.692,0.977],[-71.694,0.982],[-71.7,0.982],[-71.704,0.986],[-71.71,0.988],[-71.718,0.989],[-71.726,0.985],[-71.737,0.987],[-71.742,0.986],[-71.747,0.977],[-71.748,0.972],[-71.755,0.965],[-71.759,0.963],[-71.765,0.964],[-71.77,0.961],[-71.768,0.946],[-71.77,0.94],[-71.767,0.931],[-71.769,0.924],[-71.769,0.919],[-71.773,0.917],[-71.779,0.904],[-71.787,0.899],[-71.793,0.893],[-71.803,0.888],[-72.033,0.668],[-72.033,0.664],[-72.051,0.654],[-72.065,0.657],[-72.08,0.656],[-72.086,0.657],[-72.086,0.662],[-72.074,0.664],[-72.07,0.67],[-72.067,0.681],[-72.07,0.692],[-72.081,0.704],[-72.086,0.703],[-72.093,0.698],[-72.1,0.699],[-72.109,0.703],[-72.122,0.72],[-72.122,0.724],[-72.119,0.732],[-72.127,0.739],[-72.132,0.737],[-72.136,0.723],[-72.141,0.718],[-72.146,0.719],[-72.158,0.731],[-72.165,0.735],[-72.167,0.733],[-72.168,0.73],[-72.161,0.722],[-72.161,0.719],[-72.164,0.714],[-72.168,0.712],[-72.172,0.713],[-72.18,0.722],[-72.19,0.726],[-72.193,0.724],[-72.198,0.706],[-72.202,0.701],[-72.208,0.7],[-72.22,0.705],[-72.231,0.718],[-72.23,0.726],[-72.224,0.735],[-72.222,0.748],[-72.226,0.758],[-72.242,0.773],[-72.248,0.788],[-72.256,0.793],[-72.265,0.795],[-72.271,0.794],[-72.272,0.792],[-72.269,0.786],[-72.262,0.778],[-72.261,0.775],[-72.261,0.765],[-72.264,0.763],[-72.27,0.764],[-72.291,0.779],[-72.299,0.794],[-72.309,0.809],[-72.309,0.813],[-72.304,0.816],[-72.289,0.816],[-72.286,0.819],[-72.287,0.823],[-72.299,0.837],[-72.301,0.842],[-72.297,0.852],[-72.29,0.855],[-72.287,0.86],[-72.287,0.87],[-72.289,0.875],[-72.294,0.88],[-72.298,0.882],[-72.303,0.88],[-72.309,0.875],[-72.315,0.875],[-72.319,0.877],[-72.322,0.876],[-72.325,0.87],[-72.325,0.867],[-72.317,0.857],[-72.316,0.85],[-72.317,0.845],[-72.32,0.841],[-72.328,0.839],[-72.33,0.85],[-72.34,0.862],[-72.343,0.867],[-72.342,0.87],[-72.334,0.874],[-72.331,0.877],[-72.343,0.895],[-72.347,0.903],[-72.341,0.915],[-72.338,0.925],[-72.351,0.935],[-72.357,0.932],[-72.364,0.925],[-72.374,0.916],[-72.387,0.917],[-72.392,0.919],[-72.39,0.927],[-72.382,0.939],[-72.376,0.956],[-72.376,0.96],[-72.386,0.961],[-72.397,0.964],[-72.4,0.966],[-72.405,0.98],[-72.41,0.985],[-72.41,0.987],[-72.401,0.994],[-72.399,1.0],[-72.4,1.004],[-72.412,1.011],[-72.424,1.024],[-72.425,1.035],[-72.429,1.042],[-72.434,1.048],[-72.441,1.055],[-72.444,1.06],[-72.45,1.062],[-72.452,1.065],[-72.455,1.069],[-72.456,1.08],[-72.468,1.083],[-72.471,1.079],[-72.479,1.079],[-72.485,1.072],[-72.489,1.072],[-72.497,1.074],[-72.501,1.072],[-72.505,1.067],[-72.511,1.068],[-72.514,1.075],[-72.519,1.08],[-72.525,1.082],[-72.535,1.083],[-72.557,1.093],[-72.575,1.113],[-72.582,1.114],[-72.585,1.116],[-72.589,1.124],[-72.592,1.127],[-72.604,1.132],[-72.62,1.135],[-72.625,1.139],[-72.637,1.153],[-72.636,1.159],[-72.644,1.167],[-72.646,1.177],[-72.649,1.182],[-72.653,1.182],[-72.653,1.181],[-72.651,1.172],[-72.657,1.154],[-72.661,1.152],[-72.665,1.154],[-72.667,1.161],[-72.67,1.164],[-72.694,1.165],[-72.694,1.176],[-72.698,1.182],[-72.718,1.188],[-72.726,1.186],[-72.729,1.18],[-72.728,1.167],[-72.731,1.161],[-72.723,1.15],[-72.724,1.149],[-72.735,1.154],[-72.74,1.151],[-72.743,1.148],[-72.74,1.143],[-72.741,1.138],[-72.745,1.132],[-72.751,1.129],[-72.766,1.133],[-72.779,1.149],[-72.779,1.157],[-72.777,1.167],[-72.77,1.178],[-72.772,1.183],[-72.775,1.183],[-72.785,1.176],[-72.79,1.178],[-72.798,1.177],[-72.804,1.183],[-72.819,1.179],[-72.822,1.177],[-72.818,1.172],[-72.817,1.167],[-72.818,1.164],[-72.824,1.159],[-72.827,1.152],[-72.833,1.157],[-72.837,1.158],[-72.846,1.162],[-72.854,1.162],[-72.851,1.153],[-72.85,1.148],[-72.851,1.144],[-72.856,1.144],[-72.867,1.147],[-72.87,1.146],[-72.872,1.143],[-72.872,1.138],[-72.87,1.125],[-72.869,1.122],[-72.853,1.111],[-72.851,1.108],[-72.851,1.105],[-72.853,1.103],[-72.857,1.103],[-72.864,1.108],[-72.867,1.107],[-72.87,1.104],[-72.883,1.101],[-72.883,1.098],[-72.871,1.088],[-72.87,1.084],[-72.872,1.079],[-72.874,1.078],[-72.88,1.079],[-72.885,1.077],[-72.885,1.075],[-72.883,1.072],[-72.874,1.075],[-72.866,1.074],[-72.862,1.072],[-72.861,1.069],[-72.861,1.055],[-72.859,1.047],[-72.859,1.044],[-72.871,1.051],[-72.875,1.052],[-72.877,1.051],[-72.879,1.048],[-72.879,1.044],[-72.871,1.045],[-72.868,1.044],[-72.867,1.041],[-72.874,1.038],[-72.873,1.035],[-72.87,1.03],[-72.869,1.027],[-72.878,1.023],[-72.882,1.024],[-72.886,1.023],[-72.895,1.014],[-72.898,1.017],[-72.901,1.018],[-72.907,1.01],[-72.911,1.009],[-72.916,1.012],[-72.916,1.015],[-72.923,1.012],[-72.928,1.016],[-72.932,1.015],[-72.933,1.011],[-72.931,1.001],[-72.937,0.986],[-72.94,0.984],[-72.941,0.981],[-72.944,0.98],[-72.95,0.984],[-72.954,0.983],[-72.955,0.971],[-72.961,0.962],[-72.964,0.963],[-72.975,0.957],[-72.979,0.956],[-72.982,0.956],[-72.986,0.961],[-72.988,0.959],[-72.987,0.954],[-72.988,0.952],[-72.995,0.95],[-72.988,0.933],[-72.988,0.929],[-72.995,0.924],[-72.996,0.928],[-72.993,0.933],[-73.004,0.933],[-73.006,0.93],[-73.002,0.928],[-73.009,0.912],[-73.012,0.911],[-73.019,0.915],[-73.026,0.921],[-73.034,0.913],[-73.038,0.904],[-73.041,0.91],[-73.049,0.907],[-73.049,0.91],[-73.054,0.91],[-73.059,0.906],[-73.066,0.904],[-73.075,0.895],[-73.079,0.895],[-73.082,0.899],[-73.082,0.903],[-73.08,0.905],[-73.085,0.906],[-73.087,0.91],[-73.091,0.909],[-73.095,0.913],[-73.102,0.912],[-73.107,0.916],[-73.11,0.922],[-73.113,0.922],[-73.115,0.92],[-73.12,0.922],[-73.123,0.921],[-73.131,0.915],[-73.137,0.916],[-73.139,0.919],[-73.138,0.923],[-73.141,0.924],[-73.144,0.922],[-73.147,0.928],[-73.151,0.934],[-73.147,0.935],[-73.147,0.939],[-73.149,0.942],[-73.151,0.943],[-73.164,0.942],[-73.164,0.95],[-73.165,0.953],[-73.168,0.956],[-73.173,0.954],[-73.177,0.956],[-73.177,0.96],[-73.18,0.961],[-73.18,0.968],[-73.183,0.97],[-73.188,0.968],[-73.188,0.97],[-73.174,0.982],[-73.174,0.995],[-73.176,0.997],[-73.186,1.001],[-73.199,1.0],[-73.206,1.005],[-73.214,0.999],[-73.217,0.999],[-73.219,1.003],[-73.24,1.012],[-73.246,1.019],[-73.246,1.023],[-73.241,1.03],[-73.245,1.04],[-73.251,1.041],[-73.253,1.046],[-73.262,1.045],[-73.276,1.048],[-73.279,1.05],[-73.283,1.063],[-73.297,1.068],[-73.3,1.069],[-73.303,1.075],[-73.324,1.083],[-73.327,1.09],[-73.331,1.092],[-73.333,1.094],[-73.334,1.1],[-73.339,1.1],[-73.341,1.103],[-73.338,1.106],[-73.335,1.107],[-73.335,1.11],[-73.341,1.116],[-73.345,1.121],[-73.353,1.121],[-73.361,1.127],[-73.37,1.131],[-73.373,1.133],[-73.375,1.14],[-73.377,1.143],[-73.39,1.147],[-73.393,1.149],[-73.393,1.153],[-73.396,1.156],[-73.394,1.162],[-73.395,1.17],[-73.397,1.172],[-73.405,1.171],[-73.408,1.172],[-73.411,1.176],[-73.418,1.192],[-73.417,1.198],[-73.41,1.201],[-73.409,1.206],[-73.415,1.21],[-73.417,1.215],[-73.422,1.221],[-73.421,1.225],[-73.415,1.229],[-73.413,1.233],[-73.413,1.241],[-73.422,1.252],[-73.432,1.26],[-73.431,1.263],[-73.426,1.268],[-73.425,1.271],[-73.425,1.289],[-73.445,1.299],[-73.455,1.309],[-73.459,1.315],[-73.46,1.327],[-73.466,1.339],[-73.472,1.358],[-73.476,1.365],[-73.483,1.373],[-73.499,1.384],[-73.529,1.395],[-73.54,1.402],[-73.545,1.416],[-73.548,1.439],[-73.555,1.454],[-73.562,1.463],[-73.571,1.463],[-73.578,1.469],[-73.585,1.485],[-73.598,1.496],[-73.61,1.509],[-73.617,1.528],[-73.627,1.538],[-73.64,1.549],[-73.644,1.561],[-73.658,1.576],[-73.661,1.584],[-73.661,1.593],[-73.659,1.615]]]]}},{"type":"Feature","properties":{"name":"Guainía","iso":"CO-GUA"},"geometry":{"type":"MultiPolygon","coordinates":[[[[-70.507,2.786],[-70.503,2.785],[-70.497,2.786],[-70.496,2.787],[-70.498,2.807],[-70.493,2.813],[-70.486,2.811],[-70.436,2.824],[-70.41,2.828],[-70.397,2.834],[-70.373,2.85],[-70.363,2.851],[-70.355,2.853],[-70.352,2.858],[-70.348,2.874],[-70.349,2.883],[-70.356,2.904],[-70.356,2.91],[-70.353,2.915],[-70.346,2.917],[-70.336,2.915],[-70.322,2.914],[-70.313,2.919],[-70.293,2.932],[-70.278,2.934],[-70.278,2.959],[-70.281,2.987],[-70.289,3.011],[-70.296,3.019],[-70.302,3.029],[-70.302,3.034],[-70.296,3.036],[-70.272,3.03],[-70.263,3.032],[-70.256,3.036],[-70.254,3.045],[-70.271,3.064],[-70.282,3.071],[-70.297,3.072],[-70.312,3.07],[-70.318,3.073],[-70.321,3.082],[-70.316,3.089],[-70.306,3.091],[-70.296,3.09],[-70.281,3.09],[-70.278,3.097],[-70.278,3.105],[-70.287,3.121],[-70.285,3.125],[-70.28,3.133],[-70.251,3.147],[-70.247,3.153],[-70.247,3.159],[-70.25,3.165],[-70.25,3.171],[-70.247,3.177],[-70.24,3.182],[-70.234,3.183],[-70.228,3.182],[-70.22,3.17],[-70.216,3.167],[-70.211,3.167],[-70.207,3.172],[-70.205,3.18],[-70.209,3.188],[-70.218,3.193],[-70.221,3.198],[-70.22,3.203],[-70.214,3.208],[-70.208,3.207],[-70.203,3.202],[-70.2,3.196],[-70.198,3.182],[-70.196,3.176],[-70.191,3.172],[-70.179,3.172],[-70.165,3.181],[-70.159,3.187],[-70.157,3.192],[-70.159,3.196],[-70.167,3.206],[-70.177,3.216],[-70.181,3.224],[-70.18,3.231],[-70.175,3.235],[-70.168,3.236],[-70.161,3.233],[-70.156,3.227],[-70.153,3.22],[-70.151,3.212],[-70.151,3.197],[-70.149,3.191],[-70.137,3.191],[-70.129,3.199],[-70.126,3.208],[-70.127,3.222],[-70.129,3.236],[-70.132,3.245],[-70.137,3.25],[-70.153,3.254],[-70.157,3.263],[-70.157,3.274],[-70.154,3.285],[-70.148,3.291],[-70.14,3.294],[-70.131,3.293],[-70.125,3.288],[-70.119,3.279],[-70.115,3.279],[-70.11,3.282],[-70.108,3.289],[-70.11,3.296],[-70.115,3.302],[-70.12,3.303],[-70.143,3.321],[-70.15,3.324],[-70.159,3.33],[-70.164,3.338],[-70.171,3.345],[-70.172,3.35],[-70.169,3.354],[-70.136,3.362],[-70.131,3.365],[-70.128,3.37],[-70.127,3.379],[-70.13,3.395],[-70.126,3.4],[-70.119,3.404],[-70.115,3.403],[-70.113,3.398],[-70.114,3.389],[-70.112,3.386],[-70.109,3.383],[-70.078,3.387],[-70.058,3.393],[-70.047,3.402],[-70.037,3.418],[-70.031,3.418],[-70.021,3.414],[-70.015,3.406],[-70.014,3.4],[-70.016,3.382],[-70.015,3.378],[-70.011,3.374],[-70.005,3.372],[-69.996,3.373],[-69.976,3.386],[-69.969,3.388],[-69.947,3.393],[-69.941,3.396],[-69.939,3.4],[-69.939,3.412],[-69.94,3.418],[-69.963,3.439],[-69.964,3.446],[-69.963,3.451],[-69.96,3.456],[-69.956,3.459],[-69.945,3.459],[-69.915,3.445],[-69.907,3.436],[-69.904,3.427],[-69.901,3.424],[-69.885,3.426],[-69.875,3.432],[-69.87,3.438],[-69.869,3.446],[-69.871,3.457],[-69.87,3.466],[-69.861,3.476],[-69.86,3.48],[-69.862,3.484],[-69.871,3.488],[-69.885,3.511],[-69.892,3.514],[-69.895,3.518],[-69.898,3.53],[-69.894,3.535],[-69.886,3.54],[-69.882,3.54],[-69.871,3.536],[-69.865,3.524],[-69.859,3.504],[-69.851,3.491],[-69.844,3.485],[-69.835,3.48],[-69.82,3.476],[-69.816,3.476],[-69.814,3.479],[-69.813,3.484],[-69.815,3.487],[-69.828,3.502],[-69.837,3.516],[-69.842,3.527],[-69.845,3.537],[-69.843,3.548],[-69.841,3.552],[-69.835,3.556],[-69.83,3.557],[-69.82,3.557],[-69.812,3.546],[-69.811,3.535],[-69.812,3.528],[-69.815,3.524],[-69.815,3.517],[-69.813,3.511],[-69.81,3.508],[-69.806,3.506],[-69.799,3.507],[-69.788,3.517],[-69.785,3.526],[-69.789,3.544],[-69.788,3.552],[-69.783,3.563],[-69.773,3.565],[-69.754,3.56],[-69.747,3.556],[-69.736,3.545],[-69.728,3.542],[-69.715,3.547],[-69.712,3.553],[-69.715,3.562],[-69.718,3.568],[-69.729,3.572],[-69.739,3.573],[-69.742,3.577],[-69.744,3.583],[-69.743,3.588],[-69.739,3.591],[-69.728,3.592],[-69.713,3.581],[-69.705,3.572],[-69.701,3.558],[-69.699,3.541],[-69.697,3.539],[-69.693,3.539],[-69.678,3.559],[-69.671,3.581],[-69.66,3.586],[-69.649,3.58],[-69.637,3.57],[-69.628,3.569],[-69.624,3.571],[-69.621,3.575],[-69.618,3.59],[-69.616,3.593],[-69.608,3.596],[-69.604,3.594],[-69.593,3.569],[-69.591,3.568],[-69.587,3.576],[-69.585,3.583],[-69.575,3.606],[-69.576,3.629],[-69.582,3.642],[-69.582,3.651],[-69.581,3.657],[-69.575,3.664],[-69.571,3.666],[-69.569,3.671],[-69.571,3.675],[-69.575,3.677],[-69.579,3.678],[-69.59,3.672],[-69.594,3.672],[-69.595,3.675],[-69.59,3.682],[-69.581,3.684],[-69.536,3.674],[-69.51,3.678],[-69.505,3.678],[-69.5,3.675],[-69.497,3.671],[-69.496,3.661],[-69.498,3.652],[-69.495,3.65],[-69.493,3.65],[-69.489,3.652],[-69.487,3.655],[-69.486,3.659],[-69.487,3.672],[-69.479,3.693],[-69.467,3.705],[-69.46,3.709],[-69.453,3.71],[-69.437,3.701],[-69.427,3.675],[-69.419,3.663],[-69.413,3.661],[-69.406,3.661],[-69.4,3.663],[-69.396,3.679],[-69.391,3.683],[-69.387,3.684],[-69.381,3.684],[-69.378,3.676],[-69.377,3.67],[-69.375,3.666],[-69.37,3.665],[-69.363,3.667],[-69.357,3.676],[-69.352,3.68],[-69.332,3.692],[-69.322,3.695],[-69.316,3.702],[-69.314,3.711],[-69.31,3.715],[-69.304,3.717],[-69.3,3.715],[-69.295,3.711],[-69.291,3.703],[-69.291,3.692],[-69.304,3.667],[-69.306,3.654],[-69.304,3.647],[-69.301,3.645],[-69.294,3.644],[-69.287,3.647],[-69.282,3.652],[-69.273,3.667],[-69.269,3.679],[-69.269,3.686],[-69.272,3.696],[-69.282,3.704],[-69.288,3.712],[-69.289,3.72],[-69.288,3.723],[-69.282,3.725],[-69.255,3.721],[-69.247,3.718],[-69.246,3.713],[-69.24,3.701],[-69.24,3.68],[-69.234,3.674],[-69.229,3.672],[-69.224,3.675],[-69.22,3.679],[-69.214,3.698],[-69.211,3.701],[-69.207,3.703],[-69.201,3.702],[-69.197,3.696],[-69.197,3.689],[-69.203,3.677],[-69.2,3.668],[-69.194,3.666],[-69.186,3.669],[-69.175,3.677],[-69.17,3.673],[-69.168,3.662],[-69.17,3.656],[-69.188,3.64],[-69.188,3.635],[-69.185,3.632],[-69.174,3.631],[-69.163,3.635],[-69.143,3.65],[-69.128,3.671],[-69.125,3.674],[-69.118,3.676],[-69.111,3.672],[-69.109,3.666],[-69.107,3.651],[-69.1,3.639],[-69.094,3.636],[-69.09,3.637],[-69.084,3.643],[-69.084,3.65],[-69.08,3.655],[-69.075,3.656],[-69.069,3.652],[-69.062,3.639],[-69.058,3.637],[-69.045,3.643],[-69.032,3.665],[-69.024,3.669],[-69.012,3.681],[-68.994,3.693],[-68.978,3.696],[-68.97,3.692],[-68.96,3.681],[-68.954,3.678],[-68.944,3.679],[-68.94,3.682],[-68.936,3.691],[-68.934,3.699],[-68.939,3.715],[-68.947,3.728],[-68.948,3.733],[-68.947,3.737],[-68.943,3.741],[-68.934,3.742],[-68.926,3.734],[-68.925,3.724],[-68.93,3.699],[-68.928,3.691],[-68.922,3.686],[-68.916,3.682],[-68.903,3.683],[-68.895,3.688],[-68.891,3.694],[-68.88,3.704],[-68.871,3.707],[-68.863,3.706],[-68.856,3.704],[-68.852,3.701],[-68.844,3.687],[-68.838,3.671],[-68.835,3.669],[-68.831,3.669],[-68.829,3.671],[-68.828,3.68],[-68.834,3.689],[-68.841,3.704],[-68.851,3.718],[-68.854,3.727],[-68.855,3.734],[-68.851,3.739],[-68.845,3.743],[-68.841,3.743],[-68.835,3.742],[-68.828,3.737],[-68.819,3.725],[-68.812,3.721],[-68.806,3.718],[-68.797,3.72],[-68.779,3.729],[-68.773,3.737],[-68.769,3.746],[-68.768,3.766],[-68.766,3.775],[-68.758,3.781],[-68.753,3.783],[-68.747,3.783],[-68.73,3.771],[-68.721,3.768],[-68.715,3.768],[-68.696,3.769],[-68.678,3.776],[-68.668,3.777],[-68.652,3.761],[-68.649,3.761],[-68.645,3.763],[-68.644,3.769],[-68.645,3.774],[-68.648,3.777],[-68.658,3.784],[-68.676,3.79],[-68.681,3.794],[-68.682,3.803],[-68.677,3.809],[-68.671,3.811],[-68.664,3.81],[-68.656,3.806],[-68.65,3.799],[-68.643,3.782],[-68.632,3.774],[-68.628,3.772],[-68.604,3.785],[-68.598,3.784],[-68.59,3.777],[-68.585,3.777],[-68.58,3.79],[-68.576,3.79],[-68.57,3.788],[-68.562,3.781],[-68.555,3.765],[-68.551,3.763],[-68.547,3.765],[-68.549,3.776],[-68.556,3.785],[-68.567,3.794],[-68.573,3.801],[-68.575,3.809],[-68.572,3.816],[-68.567,3.819],[-68.561,3.819],[-68.555,3.818],[-68.547,3.81],[-68.526,3.785],[-68.515,3.779],[-68.509,3.778],[-68.502,3.785],[-68.502,3.791],[-68.504,3.797],[-68.513,3.807],[-68.515,3.817],[-68.513,3.822],[-68.504,3.832],[-68.48,3.851],[-68.472,3.852],[-68.466,3.85],[-68.461,3.847],[-68.453,3.838],[-68.449,3.836],[-68.442,3.84],[-68.439,3.844],[-68.439,3.85],[-68.442,3.859],[-68.45,3.871],[-68.45,3.877],[-68.444,3.885],[-68.438,3.885],[-68.431,3.881],[-68.41,3.851],[-68.406,3.848],[-68.396,3.849],[-68.392,3.852],[-68.39,3.856],[-68.389,3.863],[-68.393,3.873],[-68.398,3.877],[-68.432,3.898],[-68.436,3.902],[-68.437,3.91],[-68.429,3.922],[-68.423,3.925],[-68.417,3.926],[-68.405,3.924],[-68.392,3.915],[-68.384,3.912],[-68.376,3.912],[-68.37,3.914],[-68.362,3.921],[-68.352,3.921],[-68.347,3.923],[-68.344,3.928],[-68.343,3.934],[-68.345,3.938],[-68.351,3.943],[-68.353,3.95],[-68.353,3.957],[-68.347,3.974],[-68.349,3.983],[-68.347,3.989],[-68.343,3.992],[-68.336,3.993],[-68.313,3.977],[-68.305,3.974],[-68.286,3.978],[-68.271,3.976],[-68.255,3.976],[-68.243,3.974],[-68.228,3.968],[-68.22,3.964],[-68.209,3.961],[-68.2,3.967],[-68.198,3.973],[-68.198,3.98],[-68.206,3.993],[-68.205,3.995],[-68.197,3.994],[-68.194,3.991],[-68.189,3.988],[-68.183,3.985],[-68.177,3.985],[-68.164,3.988],[-68.149,3.996],[-68.141,3.999],[-68.134,3.998],[-68.127,3.996],[-68.122,3.992],[-68.12,3.985],[-68.123,3.972],[-68.134,3.959],[-68.135,3.954],[-68.134,3.949],[-68.131,3.944],[-68.12,3.939],[-68.113,3.942],[-68.107,3.946],[-68.104,3.951],[-68.098,3.976],[-68.095,3.98],[-68.091,3.981],[-68.082,3.981],[-68.074,3.978],[-68.07,3.971],[-68.071,3.961],[-68.074,3.954],[-68.082,3.947],[-68.084,3.943],[-68.081,3.937],[-68.077,3.937],[-68.075,3.937],[-68.072,3.941],[-68.057,3.973],[-68.049,4.002],[-68.045,4.009],[-68.039,4.011],[-68.033,4.011],[-68.028,4.007],[-68.026,4.001],[-68.03,3.987],[-68.03,3.982],[-68.026,3.977],[-68.016,3.974],[-68.007,3.976],[-67.998,3.98],[-67.991,3.98],[-67.985,3.974],[-67.981,3.969],[-67.976,3.966],[-67.965,3.963],[-67.944,3.964],[-67.935,3.961],[-67.928,3.954],[-67.921,3.934],[-67.917,3.91],[-67.913,3.907],[-67.883,3.915],[-67.871,3.923],[-67.857,3.934],[-67.833,3.968],[-67.815,3.979],[-67.797,3.995],[-67.778,4.007],[-67.751,4.022],[-67.718,4.036],[-67.71,4.047],[-67.703,4.04],[-67.7,4.026],[-67.698,4.011],[-67.697,3.977],[-67.695,3.962],[-67.691,3.952],[-67.69,3.937],[-67.687,3.93],[-67.684,3.927],[-67.682,3.918],[-67.68,3.913],[-67.675,3.91],[-67.664,3.898],[-67.662,3.892],[-67.66,3.882],[-67.644,3.853],[-67.644,3.813],[-67.637,3.797],[-67.634,3.786],[-67.627,3.783],[-67.626,3.78],[-67.612,3.757],[-67.61,3.754],[-67.607,3.752],[-67.594,3.751],[-67.556,3.757],[-67.545,3.755],[-67.537,3.758],[-67.525,3.774],[-67.519,3.775],[-67.516,3.775],[-67.501,3.767],[-67.487,3.743],[-67.485,3.736],[-67.486,3.724],[-67.484,3.718],[-67.483,3.712],[-67.479,3.705],[-67.471,3.695],[-67.466,3.685],[-67.464,3.683],[-67.454,3.683],[-67.449,3.679],[-67.448,3.676],[-67.449,3.668],[-67.453,3.659],[-67.453,3.655],[-67.441,3.641],[-67.439,3.632],[-67.445,3.616],[-67.449,3.611],[-67.444,3.585],[-67.433,3.578],[-67.431,3.575],[-67.431,3.562],[-67.412,3.539],[-67.408,3.517],[-67.407,3.501],[-67.401,3.48],[-67.395,3.472],[-67.381,3.47],[-67.37,3.467],[-67.357,3.458],[-67.344,3.454],[-67.339,3.451],[-67.333,3.437],[-67.329,3.423],[-67.32,3.41],[-67.313,3.395],[-67.312,3.382],[-67.311,3.378],[-67.314,3.372],[-67.325,3.364],[-67.326,3.362],[-67.325,3.357],[-67.333,3.342],[-67.336,3.332],[-67.352,3.317],[-67.353,3.313],[-67.357,3.309],[-67.37,3.305],[-67.375,3.301],[-67.382,3.293],[-67.381,3.282],[-67.384,3.265],[-67.384,3.261],[-67.381,3.252],[-67.383,3.246],[-67.405,3.248],[-67.435,3.248],[-67.517,3.175],[-67.864,2.866],[-67.864,2.789],[-67.857,2.788],[-67.853,2.792],[-67.842,2.791],[-67.837,2.794],[-67.835,2.797],[-67.836,2.802],[-67.833,2.805],[-67.833,2.81],[-67.827,2.822],[-67.822,2.827],[-67.815,2.831],[-67.811,2.832],[-67.794,2.827],[-67.783,2.827],[-67.764,2.832],[-67.75,2.838],[-67.74,2.838],[-67.736,2.836],[-67.735,2.831],[-67.736,2.828],[-67.738,2.827],[-67.738,2.823],[-67.736,2.817],[-67.686,2.802],[-67.67,2.801],[-67.656,2.796],[-67.65,2.797],[-67.643,2.806],[-67.638,2.81],[-67.621,2.814],[-67.614,2.812],[-67.612,2.81],[-67.61,2.804],[-67.602,2.797],[-67.586,2.779],[-67.583,2.772],[-67.586,2.758],[-67.584,2.744],[-67.565,2.727],[-67.563,2.723],[-67.566,2.705],[-67.565,2.697],[-67.568,2.689],[-67.57,2.676],[-67.569,2.668],[-67.563,2.657],[-67.559,2.654],[-67.553,2.654],[-67.548,2.662],[-67.539,2.668],[-67.523,2.673],[-67.508,2.667],[-67.497,2.666],[-67.49,2.663],[-67.482,2.655],[-67.474,2.638],[-67.471,2.624],[-67.468,2.619],[-67.465,2.618],[-67.457,2.621],[-67.45,2.619],[-67.439,2.609],[-67.43,2.597],[-67.423,2.591],[-67.422,2.586],[-67.42,2.585],[-67.415,2.583],[-67.411,2.579],[-67.392,2.573],[-67.386,2.563],[-67.387,2.556],[-67.384,2.545],[-67.374,2.54],[-67.369,2.531],[-67.366,2.529],[-67.352,2.53],[-67.343,2.523],[-67.338,2.517],[-67.335,2.509],[-67.337,2.501],[-67.334,2.496],[-67.327,2.485],[-67.321,2.48],[-67.315,2.475],[-67.313,2.463],[-67.303,2.457],[-67.301,2.449],[-67.297,2.442],[-67.288,2.438],[-67.281,2.432],[-67.277,2.43],[-67.268,2.43],[-67.261,2.429],[-67.257,2.426],[-67.253,2.42],[-67.239,2.409],[-67.222,2.399],[-67.215,2.39],[-67.213,2.38],[-67.203,2.367],[-67.188,2.35],[-67.186,2.341],[-67.191,2.335],[-67.197,2.323],[-67.214,2.31],[-67.217,2.303],[-67.218,2.294],[-67.215,2.288],[-67.214,2.281],[-67.216,2.269],[-67.221,2.264],[-67.222,2.254],[-67.21,2.234],[-67.209,2.224],[-67.205,2.215],[-67.201,2.211],[-67.197,2.201],[-67.194,2.185],[-67.191,2.178],[-67.175,2.151],[-67.166,2.14],[-67.162,2.133],[-67.154,2.126],[-67.148,2.126],[-67.132,2.135],[-67.127,2.137],[-67.122,2.137],[-67.116,2.135],[-67.108,2.119],[-67.107,2.112],[-67.108,2.1],[-67.098,2.069],[-67.097,2.051],[-67.106,2.036],[-67.108,2.03],[-67.115,2.021],[-67.116,2.006],[-67.121,1.996],[-67.123,1.977],[-67.113,1.974],[-67.106,1.964],[-67.104,1.958],[-67.091,1.951],[-67.087,1.944],[-67.065,1.921],[-67.061,1.908],[-67.059,1.893],[-67.047,1.86],[-67.035,1.845],[-67.038,1.809],[-67.033,1.786],[-67.029,1.779],[-67.021,1.772],[-67.014,1.759],[-67.013,1.741],[-67.003,1.729],[-66.998,1.716],[-66.992,1.7],[-66.988,1.677],[-66.986,1.672],[-66.971,1.657],[-66.96,1.632],[-66.961,1.603],[-66.965,1.597],[-66.964,1.591],[-66.957,1.584],[-66.948,1.582],[-66.944,1.578],[-66.933,1.559],[-66.93,1.549],[-66.919,1.531],[-66.916,1.513],[-66.909,1.497],[-66.908,1.488],[-66.909,1.48],[-66.912,1.472],[-66.911,1.45],[-66.913,1.433],[-66.911,1.424],[-66.903,1.41],[-66.892,1.404],[-66.87,1.395],[-66.865,1.383],[-66.855,1.37],[-66.852,1.342],[-66.855,1.321],[-66.86,1.313],[-66.87,1.308],[-66.873,1.305],[-66.88,1.294],[-66.881,1.287],[-66.876,1.263],[-66.873,1.259],[-66.861,1.249],[-66.856,1.243],[-66.851,1.229],[-67.087,1.167],[-67.089,1.177],[-67.085,1.196],[-67.085,1.201],[-67.092,1.215],[-67.093,1.222],[-67.102,1.237],[-67.099,1.255],[-67.1,1.258],[-67.111,1.272],[-67.129,1.291],[-67.135,1.3],[-67.139,1.32],[-67.139,1.329],[-67.134,1.344],[-67.126,1.352],[-67.113,1.361],[-67.101,1.366],[-67.09,1.369],[-67.083,1.373],[-67.081,1.378],[-67.08,1.385],[-67.089,1.407],[-67.082,1.442],[-67.083,1.454],[-67.085,1.464],[-67.101,1.485],[-67.117,1.515],[-67.128,1.543],[-67.128,1.554],[-67.12,1.568],[-67.118,1.582],[-67.121,1.589],[-67.125,1.592],[-67.132,1.593],[-67.14,1.604],[-67.14,1.61],[-67.129,1.628],[-67.127,1.64],[-67.132,1.644],[-67.137,1.646],[-67.144,1.651],[-67.154,1.663],[-67.155,1.671],[-67.159,1.675],[-67.162,1.693],[-67.16,1.735],[-67.15,1.752],[-67.146,1.762],[-67.148,1.77],[-67.156,1.788],[-67.158,1.797],[-67.156,1.81],[-67.153,1.817],[-67.154,1.831],[-67.159,1.836],[-67.167,1.84],[-67.199,1.849],[-67.207,1.849],[-67.228,1.841],[-67.232,1.844],[-67.234,1.85],[-67.244,1.855],[-67.252,1.857],[-67.257,1.863],[-67.28,1.878],[-67.282,1.886],[-67.286,1.891],[-67.293,1.898],[-67.304,1.903],[-67.308,1.909],[-67.318,1.934],[-67.331,1.942],[-67.329,1.951],[-67.334,1.958],[-67.334,1.963],[-67.329,1.971],[-67.343,1.972],[-67.346,1.974],[-67.349,1.989],[-67.35,2.003],[-67.353,2.005],[-67.351,2.012],[-67.344,2.018],[-67.343,2.022],[-67.345,2.027],[-67.343,2.034],[-67.338,2.039],[-67.332,2.042],[-67.327,2.048],[-67.326,2.055],[-67.327,2.064],[-67.328,2.069],[-67.331,2.071],[-67.348,2.083],[-67.358,2.097],[-67.359,2.1],[-67.357,2.106],[-67.358,2.116],[-67.352,2.119],[-67.348,2.124],[-67.348,2.134],[-67.353,2.144],[-67.35,2.157],[-67.351,2.16],[-67.368,2.172],[-67.37,2.174],[-67.368,2.185],[-67.372,2.19],[-67.373,2.193],[-67.367,2.202],[-67.366,2.205],[-67.368,2.209],[-67.373,2.217],[-67.391,2.228],[-67.397,2.23],[-67.418,2.229],[-67.437,2.221],[-67.44,2.215],[-67.443,2.205],[-67.442,2.185],[-67.445,2.175],[-67.449,2.17],[-67.459,2.17],[-67.469,2.168],[-67.487,2.167],[-67.495,2.163],[-67.497,2.157],[-67.497,2.145],[-67.503,2.132],[-67.515,2.126],[-67.525,2.11],[-67.527,2.104],[-67.527,2.09],[-67.534,2.07],[-67.539,2.061],[-67.551,2.048],[-67.556,2.045],[-67.571,2.044],[-67.581,2.037],[-67.598,2.035],[-67.622,2.028],[-67.633,2.032],[-67.639,2.029],[-67.657,2.031],[-67.687,2.032],[-67.715,2.027],[-67.726,2.029],[-67.732,2.029],[-67.74,2.025],[-67.74,2.019],[-67.745,2.016],[-67.759,2.014],[-67.767,2.011],[-67.785,1.993],[-67.814,1.973],[-67.821,1.963],[-67.826,1.961],[-67.829,1.953],[-67.835,1.947],[-67.836,1.938],[-67.838,1.93],[-67.835,1.916],[-67.837,1.908],[-67.837,1.902],[-67.841,1.899],[-67.852,1.9],[-67.858,1.899],[-67.862,1.895],[-67.868,1.88],[-67.872,1.877],[-67.883,1.871],[-67.89,1.862],[-67.898,1.831],[-67.901,1.823],[-67.902,1.812],[-67.905,1.812],[-67.912,1.816],[-67.926,1.821],[-67.93,1.825],[-67.939,1.839],[-67.946,1.844],[-67.96,1.849],[-67.98,1.848],[-67.991,1.851],[-68.002,1.86],[-68.005,1.865],[-68.006,1.869],[-68.013,1.872],[-68.022,1.883],[-68.034,1.891],[-68.058,1.895],[-68.063,1.892],[-68.077,1.891],[-68.084,1.894],[-68.09,1.898],[-68.097,1.905],[-68.105,1.916],[-68.118,1.949],[-68.144,1.979],[-68.152,1.983],[-68.174,1.973],[-68.176,1.973],[-68.18,1.977],[-68.184,1.984],[-68.187,1.999],[-68.191,2.032],[-68.193,2.035],[-68.196,2.035],[-68.198,2.032],[-68.197,2.016],[-68.2,2.001],[-68.212,1.957],[-68.214,1.955],[-68.221,1.953],[-68.23,1.94],[-68.232,1.933],[-68.237,1.929],[-68.239,1.923],[-68.245,1.919],[-68.248,1.915],[-68.246,1.912],[-68.247,1.902],[-68.249,1.9],[-68.249,1.895],[-68.252,1.887],[-68.254,1.879],[-68.26,1.875],[-68.261,1.872],[-68.265,1.87],[-68.264,1.868],[-68.265,1.866],[-68.27,1.866],[-68.269,1.863],[-68.271,1.862],[-68.271,1.858],[-68.274,1.858],[-68.274,1.853],[-68.285,1.846],[-68.285,1.844],[-68.278,1.847],[-68.273,1.845],[-68.279,1.839],[-68.285,1.836],[-68.286,1.831],[-68.285,1.828],[-68.282,1.828],[-68.281,1.834],[-68.276,1.831],[-68.274,1.828],[-68.276,1.82],[-68.274,1.819],[-68.259,1.824],[-68.255,1.823],[-68.247,1.825],[-68.237,1.821],[-68.23,1.828],[-68.227,1.829],[-68.228,1.822],[-68.232,1.819],[-68.233,1.813],[-68.239,1.808],[-68.24,1.8],[-68.245,1.786],[-68.245,1.784],[-68.242,1.781],[-68.24,1.77],[-68.236,1.772],[-68.236,1.778],[-68.23,1.781],[-68.229,1.78],[-68.227,1.774],[-68.22,1.771],[-68.213,1.773],[-68.209,1.78],[-68.205,1.783],[-68.199,1.779],[-68.192,1.78],[-68.188,1.773],[-68.178,1.766],[-68.178,1.764],[-68.184,1.762],[-68.184,1.758],[-68.189,1.757],[-68.189,1.751],[-68.193,1.737],[-68.189,1.735],[-68.185,1.73],[-68.183,1.734],[-68.179,1.732],[-68.177,1.733],[-68.174,1.742],[-68.172,1.744],[-68.17,1.743],[-68.168,1.741],[-68.167,1.733],[-68.164,1.729],[-68.733,1.73],[-69.391,1.729],[-69.406,1.731],[-69.406,1.737],[-69.408,1.741],[-69.41,1.739],[-69.412,1.741],[-69.418,1.741],[-69.421,1.737],[-69.422,1.737],[-69.423,1.739],[-69.422,1.744],[-69.424,1.746],[-69.425,1.745],[-69.425,1.74],[-69.428,1.739],[-69.428,1.743],[-69.43,1.745],[-69.433,1.739],[-69.437,1.745],[-69.437,1.749],[-69.442,1.748],[-69.441,1.743],[-69.446,1.742],[-69.448,1.743],[-69.448,1.746],[-69.452,1.746],[-69.455,1.747],[-69.455,1.753],[-69.465,1.749],[-69.465,1.752],[-69.462,1.753],[-69.467,1.757],[-69.467,1.753],[-69.471,1.75],[-69.47,1.747],[-69.476,1.744],[-69.477,1.745],[-69.475,1.749],[-69.477,1.75],[-69.479,1.747],[-69.482,1.751],[-69.481,1.755],[-69.482,1.759],[-69.484,1.759],[-69.483,1.755],[-69.487,1.753],[-69.492,1.756],[-69.491,1.76],[-69.494,1.758],[-69.496,1.761],[-69.501,1.758],[-69.505,1.764],[-69.506,1.763],[-69.506,1.759],[-69.508,1.758],[-69.513,1.762],[-69.51,1.763],[-69.514,1.767],[-69.513,1.77],[-69.514,1.771],[-69.518,1.771],[-69.517,1.767],[-69.518,1.764],[-69.52,1.766],[-69.52,1.77],[-69.522,1.768],[-69.528,1.769],[-69.528,1.763],[-69.535,1.764],[-69.531,1.77],[-69.535,1.777],[-69.547,1.776],[-69.549,1.773],[-69.552,1.775],[-69.553,1.772],[-69.551,1.771],[-69.553,1.769],[-69.555,1.773],[-69.556,1.771],[-69.558,1.772],[-69.559,1.769],[-69.563,1.768],[-69.56,1.765],[-69.562,1.764],[-69.564,1.761],[-69.564,1.765],[-69.569,1.764],[-69.569,1.762],[-69.566,1.76],[-69.566,1.759],[-69.569,1.759],[-69.571,1.756],[-69.572,1.759],[-69.575,1.756],[-69.578,1.758],[-69.578,1.755],[-69.579,1.755],[-69.583,1.76],[-69.584,1.753],[-69.587,1.752],[-69.586,1.756],[-69.59,1.758],[-69.589,1.753],[-69.597,1.75],[-69.597,1.746],[-69.599,1.746],[-69.599,1.749],[-69.601,1.747],[-69.604,1.747],[-69.601,1.742],[-69.604,1.74],[-69.606,1.742],[-69.611,1.739],[-69.613,1.739],[-69.613,1.736],[-69.616,1.736],[-69.617,1.729],[-69.62,1.73],[-69.619,1.736],[-69.621,1.736],[-69.625,1.732],[-69.624,1.73],[-69.622,1.73],[-69.622,1.727],[-69.626,1.727],[-69.629,1.723],[-69.632,1.724],[-69.636,1.723],[-69.64,1.727],[-69.639,1.73],[-69.643,1.73],[-69.646,1.727],[-69.641,1.725],[-69.641,1.724],[-69.647,1.724],[-69.655,1.718],[-69.657,1.719],[-69.658,1.722],[-69.665,1.729],[-69.667,1.728],[-69.668,1.724],[-69.677,1.722],[-69.674,1.725],[-69.676,1.728],[-69.677,1.733],[-69.677,1.73],[-69.685,1.731],[-69.687,1.727],[-69.688,1.73],[-69.692,1.728],[-69.7,1.733],[-69.704,1.735],[-69.712,1.732],[-69.715,1.733],[-69.718,1.732],[-69.721,1.735],[-69.72,1.731],[-69.723,1.732],[-69.726,1.731],[-69.732,1.733],[-69.738,1.731],[-69.736,1.729],[-69.737,1.726],[-69.745,1.73],[-69.747,1.727],[-69.748,1.724],[-69.751,1.724],[-69.754,1.719],[-69.751,1.719],[-69.748,1.714],[-69.75,1.712],[-69.753,1.713],[-69.752,1.715],[-69.754,1.715],[-69.755,1.718],[-69.758,1.713],[-69.762,1.718],[-69.764,1.716],[-69.763,1.714],[-69.765,1.711],[-69.769,1.712],[-69.772,1.707],[-69.776,1.707],[-69.772,1.705],[-69.773,1.702],[-69.781,1.703],[-69.781,1.7],[-69.779,1.699],[-69.782,1.698],[-69.78,1.695],[-69.782,1.692],[-69.784,1.694],[-69.787,1.694],[-69.785,1.699],[-69.789,1.697],[-69.79,1.697],[-69.79,1.7],[-69.797,1.698],[-69.804,1.705],[-69.805,1.703],[-69.802,1.702],[-69.802,1.7],[-69.807,1.699],[-69.809,1.695],[-69.814,1.696],[-69.815,1.696],[-69.813,1.698],[-69.816,1.698],[-69.816,1.701],[-69.818,1.699],[-69.822,1.699],[-69.819,1.705],[-69.821,1.703],[-69.823,1.703],[-69.823,1.705],[-69.828,1.707],[-69.826,1.709],[-69.828,1.712],[-69.83,1.712],[-69.831,1.71],[-69.835,1.709],[-69.837,1.714],[-69.839,1.715],[-69.838,1.716],[-69.839,1.719],[-69.843,1.715],[-69.846,1.713],[-69.847,1.709],[-69.85,1.71],[-69.851,1.708],[-69.854,1.708],[-69.857,1.712],[-69.86,1.708],[-69.862,1.716],[-69.864,1.714],[-69.866,1.714],[-69.865,1.716],[-69.866,1.719],[-69.87,1.718],[-69.878,1.727],[-69.888,1.729],[-69.892,1.735],[-69.899,1.74],[-69.905,1.742],[-69.912,1.742],[-69.919,1.747],[-69.92,1.746],[-69.92,1.749],[-69.922,1.748],[-69.924,1.75],[-69.926,1.746],[-69.931,1.748],[-69.933,1.747],[-69.932,1.745],[-69.935,1.746],[-69.938,1.744],[-69.94,1.748],[-69.94,1.745],[-69.942,1.748],[-69.943,1.746],[-69.944,1.747],[-69.946,1.746],[-69.946,1.748],[-69.948,1.747],[-69.95,1.748],[-69.953,1.744],[-69.956,1.746],[-69.958,1.745],[-69.96,1.746],[-69.964,1.744],[-69.966,1.747],[-69.971,1.743],[-69.975,1.742],[-69.978,1.748],[-69.983,1.748],[-69.985,1.75],[-69.99,1.749],[-69.995,1.751],[-69.997,1.754],[-69.996,1.756],[-69.998,1.757],[-69.999,1.76],[-70.002,1.76],[-70.003,1.763],[-70.008,1.761],[-70.01,1.761],[-70.011,1.763],[-70.018,1.761],[-70.02,1.763],[-70.023,1.763],[-70.024,1.767],[-70.027,1.767],[-70.029,1.769],[-70.034,1.768],[-70.036,1.77],[-70.039,1.77],[-70.04,1.772],[-70.043,1.77],[-70.043,1.772],[-70.045,1.772],[-70.044,1.774],[-70.048,1.773],[-70.051,1.774],[-70.054,1.777],[-70.055,1.781],[-70.057,1.78],[-70.057,1.782],[-70.06,1.782],[-70.06,1.787],[-70.062,1.787],[-70.063,1.789],[-70.065,1.789],[-70.065,1.793],[-70.069,1.796],[-70.067,1.799],[-70.068,1.801],[-70.071,1.802],[-70.075,1.8],[-70.078,1.802],[-70.081,1.8],[-70.082,1.804],[-70.085,1.804],[-70.085,1.807],[-70.088,1.806],[-70.088,1.808],[-70.091,1.809],[-70.092,1.812],[-70.093,1.811],[-70.093,1.809],[-70.095,1.81],[-70.098,1.82],[-70.101,1.824],[-70.106,1.826],[-70.107,1.829],[-70.109,1.828],[-70.111,1.829],[-70.112,1.831],[-70.11,1.833],[-70.111,1.835],[-70.115,1.837],[-70.122,1.836],[-70.125,1.839],[-70.128,1.841],[-70.129,1.846],[-70.135,1.849],[-70.136,1.855],[-70.142,1.857],[-70.149,1.867],[-70.155,1.87],[-70.158,1.868],[-70.16,1.868],[-70.162,1.867],[-70.165,1.869],[-70.168,1.867],[-70.171,1.869],[-70.173,1.867],[-70.176,1.869],[-70.178,1.871],[-70.176,1.873],[-70.179,1.876],[-70.181,1.885],[-70.17,1.899],[-70.169,1.913],[-70.163,1.922],[-70.164,1.931],[-70.16,1.932],[-70.158,1.937],[-70.153,1.937],[-70.146,1.934],[-70.139,1.934],[-70.138,1.935],[-70.138,1.939],[-70.142,1.947],[-70.142,1.952],[-70.139,1.955],[-70.139,1.961],[-70.138,1.965],[-70.14,1.97],[-70.14,1.978],[-70.127,1.992],[-70.122,1.994],[-70.112,2.003],[-70.112,2.004],[-70.115,2.007],[-70.115,2.009],[-70.113,2.013],[-70.114,2.018],[-70.119,2.024],[-70.119,2.03],[-70.122,2.04],[-70.119,2.046],[-70.118,2.06],[-70.113,2.069],[-70.112,2.074],[-70.109,2.076],[-70.11,2.08],[-70.109,2.081],[-70.113,2.084],[-70.113,2.087],[-70.104,2.095],[-70.109,2.099],[-70.115,2.1],[-70.115,2.102],[-70.112,2.104],[-70.112,2.106],[-70.114,2.108],[-70.119,2.109],[-70.119,2.111],[-70.109,2.115],[-70.109,2.119],[-70.108,2.12],[-70.104,2.12],[-70.102,2.117],[-70.099,2.121],[-70.092,2.122],[-70.093,2.124],[-70.097,2.124],[-70.099,2.126],[-70.101,2.129],[-70.1,2.13],[-70.096,2.131],[-70.094,2.128],[-70.091,2.128],[-70.088,2.131],[-70.083,2.131],[-70.083,2.135],[-70.079,2.139],[-70.073,2.139],[-70.07,2.141],[-70.058,2.146],[-70.056,2.153],[-70.052,2.157],[-70.052,2.158],[-70.056,2.16],[-70.055,2.162],[-70.046,2.163],[-70.043,2.16],[-70.042,2.162],[-70.038,2.163],[-70.036,2.162],[-70.035,2.159],[-70.033,2.158],[-70.027,2.174],[-70.032,2.173],[-70.033,2.176],[-70.029,2.181],[-70.031,2.181],[-70.035,2.18],[-70.036,2.182],[-70.032,2.182],[-70.028,2.186],[-70.023,2.183],[-70.019,2.184],[-70.018,2.181],[-70.021,2.181],[-70.023,2.179],[-70.02,2.177],[-70.017,2.178],[-70.014,2.182],[-70.007,2.181],[-70.006,2.185],[-70.008,2.188],[-70.012,2.184],[-70.014,2.185],[-70.014,2.188],[-70.012,2.193],[-70.007,2.196],[-70.006,2.199],[-70.008,2.201],[-70.003,2.204],[-70.006,2.207],[-70.001,2.208],[-69.997,2.204],[-69.995,2.206],[-69.996,2.214],[-69.995,2.221],[-69.995,2.224],[-70.013,2.232],[-70.021,2.233],[-70.025,2.237],[-70.027,2.248],[-70.026,2.25],[-70.023,2.252],[-70.024,2.255],[-70.023,2.257],[-70.025,2.258],[-70.03,2.257],[-70.031,2.258],[-70.028,2.263],[-70.027,2.273],[-70.029,2.273],[-70.034,2.267],[-70.036,2.266],[-70.039,2.268],[-70.043,2.275],[-70.05,2.276],[-70.054,2.279],[-70.054,2.283],[-70.045,2.288],[-70.045,2.291],[-70.047,2.294],[-70.049,2.295],[-70.056,2.293],[-70.064,2.296],[-70.07,2.294],[-70.072,2.291],[-70.073,2.278],[-70.075,2.274],[-70.085,2.263],[-70.094,2.266],[-70.103,2.262],[-70.108,2.268],[-70.119,2.264],[-70.123,2.263],[-70.141,2.277],[-70.147,2.278],[-70.152,2.275],[-70.153,2.268],[-70.151,2.266],[-70.141,2.265],[-70.138,2.264],[-70.138,2.261],[-70.142,2.251],[-70.145,2.249],[-70.148,2.249],[-70.153,2.261],[-70.156,2.265],[-70.16,2.265],[-70.161,2.262],[-70.157,2.244],[-70.157,2.24],[-70.158,2.239],[-70.164,2.243],[-70.171,2.238],[-70.174,2.237],[-70.177,2.239],[-70.181,2.247],[-70.183,2.25],[-70.191,2.253],[-70.194,2.251],[-70.194,2.249],[-70.185,2.245],[-70.183,2.24],[-70.184,2.236],[-70.187,2.233],[-70.194,2.23],[-70.2,2.231],[-70.202,2.239],[-70.205,2.242],[-70.206,2.241],[-70.21,2.234],[-70.215,2.234],[-70.225,2.247],[-70.227,2.247],[-70.232,2.24],[-70.247,2.243],[-70.25,2.246],[-70.249,2.25],[-70.245,2.253],[-70.237,2.254],[-70.235,2.257],[-70.235,2.26],[-70.237,2.263],[-70.243,2.265],[-70.247,2.265],[-70.253,2.262],[-70.26,2.255],[-70.26,2.248],[-70.268,2.248],[-70.27,2.24],[-70.274,2.237],[-70.278,2.238],[-70.296,2.253],[-70.305,2.253],[-70.308,2.251],[-70.308,2.248],[-70.307,2.246],[-70.301,2.244],[-70.297,2.241],[-70.293,2.232],[-70.293,2.229],[-70.296,2.222],[-70.304,2.216],[-70.307,2.211],[-70.312,2.208],[-70.316,2.209],[-70.317,2.214],[-70.325,2.223],[-70.335,2.227],[-70.341,2.233],[-70.342,2.248],[-70.347,2.247],[-70.358,2.236],[-70.362,2.234],[-70.366,2.235],[-70.372,2.238],[-70.376,2.245],[-70.383,2.245],[-70.386,2.247],[-70.388,2.252],[-70.394,2.257],[-70.395,2.265],[-70.399,2.268],[-70.404,2.266],[-70.403,2.259],[-70.408,2.255],[-70.416,2.255],[-70.419,2.256],[-70.419,2.259],[-70.417,2.266],[-70.421,2.269],[-70.428,2.267],[-70.434,2.261],[-70.438,2.26],[-70.458,2.257],[-70.464,2.252],[-70.465,2.249],[-70.457,2.247],[-70.454,2.244],[-70.461,2.24],[-70.463,2.235],[-70.465,2.233],[-70.47,2.242],[-70.473,2.244],[-70.476,2.242],[-70.484,2.235],[-70.497,2.234],[-70.514,2.245],[-70.513,2.251],[-70.514,2.256],[-70.511,2.259],[-70.508,2.26],[-70.504,2.258],[-70.498,2.251],[-70.493,2.25],[-70.489,2.253],[-70.49,2.256],[-70.5,2.259],[-70.51,2.267],[-70.513,2.274],[-70.508,2.279],[-70.511,2.283],[-70.516,2.284],[-70.519,2.283],[-70.517,2.275],[-70.519,2.271],[-70.526,2.268],[-70.531,2.268],[-70.543,2.28],[-70.545,2.284],[-70.547,2.285],[-70.547,2.287],[-70.548,2.286],[-70.55,2.288],[-70.551,2.286],[-70.551,2.288],[-70.555,2.29],[-70.557,2.289],[-70.558,2.287],[-70.56,2.291],[-70.562,2.291],[-70.563,2.293],[-70.57,2.291],[-70.57,2.293],[-70.573,2.293],[-70.574,2.295],[-70.575,2.294],[-70.574,2.293],[-70.575,2.292],[-70.578,2.289],[-70.58,2.292],[-70.581,2.289],[-70.585,2.291],[-70.587,2.289],[-70.587,2.291],[-70.589,2.291],[-70.588,2.293],[-70.589,2.296],[-70.595,2.294],[-70.605,2.298],[-70.608,2.298],[-70.608,2.3],[-70.612,2.302],[-70.612,2.304],[-70.614,2.305],[-70.615,2.307],[-70.616,2.306],[-70.618,2.306],[-70.617,2.308],[-70.618,2.307],[-70.624,2.309],[-70.63,2.314],[-70.63,2.316],[-70.631,2.317],[-70.63,2.318],[-70.632,2.318],[-70.631,2.322],[-70.632,2.324],[-70.632,2.322],[-70.634,2.322],[-70.633,2.325],[-70.632,2.324],[-70.631,2.326],[-70.633,2.327],[-70.632,2.331],[-70.633,2.329],[-70.634,2.33],[-70.633,2.334],[-70.636,2.335],[-70.635,2.336],[-70.637,2.338],[-70.636,2.34],[-70.637,2.341],[-70.636,2.342],[-70.638,2.345],[-70.638,2.346],[-70.637,2.345],[-70.637,2.348],[-70.635,2.348],[-70.639,2.349],[-70.638,2.35],[-70.641,2.353],[-70.64,2.354],[-70.64,2.358],[-70.642,2.358],[-70.643,2.362],[-70.644,2.36],[-70.645,2.361],[-70.644,2.36],[-70.646,2.361],[-70.646,2.364],[-70.649,2.367],[-70.649,2.371],[-70.653,2.373],[-70.654,2.377],[-70.653,2.38],[-70.655,2.379],[-70.655,2.381],[-70.657,2.382],[-70.655,2.386],[-70.66,2.385],[-70.661,2.387],[-70.659,2.39],[-70.662,2.391],[-70.663,2.394],[-70.665,2.394],[-70.664,2.397],[-70.665,2.4],[-70.667,2.399],[-70.666,2.402],[-70.667,2.406],[-70.668,2.405],[-70.668,2.407],[-70.671,2.407],[-70.67,2.411],[-70.675,2.412],[-70.677,2.415],[-70.676,2.416],[-70.681,2.42],[-70.68,2.42],[-70.679,2.424],[-70.681,2.429],[-70.677,2.43],[-70.676,2.433],[-70.677,2.436],[-70.68,2.437],[-70.679,2.442],[-70.681,2.441],[-70.682,2.444],[-70.685,2.443],[-70.687,2.445],[-70.687,2.443],[-70.69,2.444],[-70.694,2.449],[-70.695,2.452],[-70.699,2.453],[-70.701,2.455],[-70.699,2.46],[-70.7,2.463],[-70.703,2.468],[-70.704,2.468],[-70.704,2.469],[-70.706,2.472],[-70.71,2.471],[-70.711,2.473],[-70.715,2.475],[-70.716,2.477],[-70.718,2.478],[-70.719,2.48],[-70.721,2.48],[-70.723,2.478],[-70.726,2.48],[-70.728,2.485],[-70.732,2.485],[-70.734,2.494],[-70.736,2.493],[-70.739,2.499],[-70.741,2.5],[-70.743,2.5],[-70.743,2.501],[-70.745,2.502],[-70.744,2.508],[-70.746,2.512],[-70.742,2.515],[-70.743,2.516],[-70.743,2.519],[-70.744,2.519],[-70.746,2.524],[-70.746,2.53],[-70.749,2.531],[-70.749,2.534],[-70.755,2.534],[-70.754,2.535],[-70.754,2.537],[-70.757,2.539],[-70.767,2.54],[-70.768,2.539],[-70.768,2.54],[-70.771,2.537],[-70.772,2.538],[-70.777,2.534],[-70.778,2.535],[-70.778,2.533],[-70.78,2.534],[-70.783,2.532],[-70.783,2.53],[-70.791,2.521],[-70.794,2.521],[-70.795,2.524],[-70.796,2.523],[-70.8,2.527],[-70.807,2.524],[-70.809,2.529],[-70.816,2.529],[-70.817,2.533],[-70.819,2.533],[-70.82,2.531],[-70.821,2.532],[-70.826,2.532],[-70.827,2.533],[-70.828,2.532],[-70.83,2.533],[-70.83,2.536],[-70.831,2.535],[-70.831,2.538],[-70.829,2.539],[-70.833,2.545],[-70.836,2.553],[-70.844,2.563],[-70.853,2.57],[-70.857,2.571],[-70.862,2.569],[-70.878,2.559],[-70.884,2.557],[-70.893,2.559],[-70.902,2.566],[-70.906,2.566],[-70.909,2.564],[-70.916,2.566],[-70.919,2.564],[-70.924,2.567],[-70.925,2.574],[-70.928,2.576],[-70.941,2.602],[-70.942,2.607],[-70.507,2.786]]]]}},{"type":"Feature","properties":{"name":"Bogota Capital District","iso":"CO-DC"},"geometry":{"type":"MultiPolygon","coordinates":[[[[-74.144,4.003],[-74.153,4.003],[-74.156,4.007],[-74.156,4.012],[-74.164,4.018],[-74.17,4.016],[-74.176,4.016],[-74.183,4.009],[-74.193,4.012],[-74.194,4.015],[-74.198,4.016],[-74.207,4.014],[-74.218,4.008],[-74.222,4.001],[-74.227,3.997],[-74.232,3.988],[-74.234,3.976],[-74.238,3.971],[-74.242,3.96],[-74.246,3.957],[-74.249,3.952],[-74.252,3.949],[-74.261,3.949],[-74.261,3.946],[-74.258,3.942],[-74.257,3.93],[-74.261,3.928],[-74.27,3.927],[-74.273,3.924],[-74.276,3.911],[-74.278,3.906],[-74.293,3.888],[-74.301,3.884],[-74.313,3.885],[-74.319,3.879],[-74.319,3.874],[-74.314,3.871],[-74.312,3.865],[-74.305,3.852],[-74.307,3.84],[-74.3,3.839],[-74.295,3.832],[-74.294,3.826],[-74.297,3.819],[-74.3,3.817],[-74.31,3.818],[-74.315,3.828],[-74.32,3.827],[-74.327,3.818],[-74.331,3.819],[-74.333,3.823],[-74.337,3.823],[-74.338,3.822],[-74.337,3.812],[-74.344,3.812],[-74.349,3.808],[-74.354,3.807],[-74.355,3.8],[-74.363,3.789],[-74.373,3.783],[-74.377,3.782],[-74.377,3.78],[-74.379,3.777],[-74.389,3.773],[-74.393,3.772],[-74.394,3.768],[-74.388,3.76],[-74.388,3.754],[-74.389,3.752],[-74.391,3.752],[-74.396,3.755],[-74.399,3.754],[-74.4,3.74],[-74.402,3.738],[-74.407,3.738],[-74.412,3.741],[-74.416,3.741],[-74.424,3.741],[-74.434,3.738],[-74.442,3.73],[-74.441,3.728],[-74.451,3.739],[-74.452,3.746],[-74.45,3.753],[-74.446,3.758],[-74.434,3.765],[-74.434,3.773],[-74.432,3.778],[-74.428,3.783],[-74.42,3.788],[-74.407,3.81],[-74.398,3.82],[-74.393,3.835],[-74.388,3.861],[-74.384,3.866],[-74.381,3.872],[-74.373,3.881],[-74.37,3.889],[-74.365,3.897],[-74.36,3.914],[-74.355,3.939],[-74.356,3.97],[-74.362,3.979],[-74.374,3.986],[-74.362,4.011],[-74.365,4.033],[-74.365,4.039],[-74.359,4.049],[-74.354,4.052],[-74.351,4.056],[-74.35,4.071],[-74.345,4.09],[-74.34,4.104],[-74.334,4.111],[-74.329,4.13],[-74.317,4.124],[-74.296,4.104],[-74.27,4.099],[-74.266,4.091],[-74.257,4.089],[-74.253,4.105],[-74.248,4.118],[-74.249,4.125],[-74.247,4.126],[-74.244,4.138],[-74.245,4.143],[-74.241,4.17],[-74.241,4.187],[-74.245,4.191],[-74.244,4.198],[-74.238,4.196],[-74.236,4.2],[-74.232,4.217],[-74.228,4.223],[-74.225,4.222],[-74.221,4.225],[-74.218,4.234],[-74.21,4.241],[-74.205,4.24],[-74.204,4.242],[-74.206,4.26],[-74.205,4.269],[-74.216,4.286],[-74.215,4.308],[-74.22,4.34],[-74.219,4.363],[-74.217,4.372],[-74.218,4.378],[-74.216,4.384],[-74.212,4.388],[-74.21,4.405],[-74.203,4.42],[-74.199,4.427],[-74.195,4.43],[-74.195,4.435],[-74.187,4.453],[-74.185,4.462],[-74.18,4.47],[-74.17,4.479],[-74.161,4.503],[-74.16,4.508],[-74.163,4.514],[-74.171,4.522],[-74.179,4.523],[-74.18,4.532],[-74.178,4.546],[-74.18,4.55],[-74.18,4.557],[-74.176,4.575],[-74.179,4.579],[-74.18,4.578],[-74.184,4.596],[-74.204,4.601],[-74.204,4.6],[-74.218,4.616],[-74.218,4.618],[-74.22,4.617],[-74.22,4.619],[-74.222,4.619],[-74.221,4.62],[-74.223,4.621],[-74.221,4.621],[-74.221,4.623],[-74.224,4.625],[-74.222,4.63],[-74.216,4.63],[-74.218,4.635],[-74.215,4.638],[-74.216,4.64],[-74.222,4.644],[-74.217,4.645],[-74.214,4.64],[-74.206,4.641],[-74.205,4.642],[-74.207,4.646],[-74.201,4.644],[-74.203,4.646],[-74.203,4.647],[-74.196,4.651],[-74.193,4.655],[-74.187,4.652],[-74.184,4.653],[-74.185,4.647],[-74.18,4.653],[-74.172,4.657],[-74.168,4.656],[-74.167,4.66],[-74.163,4.659],[-74.162,4.663],[-74.159,4.663],[-74.161,4.665],[-74.16,4.667],[-74.17,4.669],[-74.172,4.675],[-74.175,4.677],[-74.174,4.682],[-74.167,4.688],[-74.17,4.69],[-74.172,4.694],[-74.172,4.697],[-74.169,4.701],[-74.174,4.701],[-74.177,4.703],[-74.171,4.705],[-74.171,4.709],[-74.172,4.711],[-74.169,4.715],[-74.16,4.72],[-74.158,4.725],[-74.157,4.725],[-74.157,4.723],[-74.151,4.723],[-74.149,4.725],[-74.137,4.731],[-74.135,4.728],[-74.13,4.731],[-74.129,4.727],[-74.126,4.729],[-74.128,4.736],[-74.126,4.737],[-74.129,4.737],[-74.132,4.741],[-74.13,4.746],[-74.125,4.747],[-74.126,4.749],[-74.128,4.749],[-74.127,4.751],[-74.124,4.75],[-74.122,4.747],[-74.125,4.754],[-74.12,4.754],[-74.121,4.76],[-74.117,4.762],[-74.115,4.768],[-74.118,4.767],[-74.114,4.772],[-74.117,4.772],[-74.114,4.778],[-74.117,4.777],[-74.114,4.78],[-74.115,4.781],[-74.117,4.781],[-74.114,4.782],[-74.115,4.786],[-74.112,4.785],[-74.114,4.786],[-74.114,4.788],[-74.112,4.791],[-74.11,4.79],[-74.112,4.79],[-74.112,4.787],[-74.108,4.789],[-74.105,4.797],[-74.102,4.797],[-74.103,4.795],[-74.101,4.799],[-74.096,4.799],[-74.096,4.795],[-74.094,4.791],[-74.087,4.796],[-74.087,4.797],[-74.092,4.797],[-74.088,4.798],[-74.089,4.801],[-74.087,4.802],[-74.089,4.803],[-74.08,4.81],[-74.085,4.812],[-74.083,4.814],[-74.087,4.816],[-74.087,4.821],[-74.083,4.822],[-74.082,4.816],[-74.079,4.822],[-74.081,4.826],[-74.087,4.832],[-74.075,4.837],[-74.072,4.835],[-74.071,4.829],[-74.067,4.828],[-74.068,4.833],[-74.066,4.836],[-74.064,4.83],[-74.063,4.836],[-74.061,4.828],[-74.06,4.829],[-74.056,4.829],[-74.053,4.833],[-74.05,4.831],[-74.046,4.83],[-74.044,4.832],[-74.042,4.83],[-74.036,4.828],[-74.031,4.823],[-74.011,4.821],[-74.005,4.817],[-74.005,4.811],[-74.0,4.806],[-74.0,4.803],[-74.013,4.797],[-74.016,4.793],[-74.016,4.777],[-74.018,4.767],[-74.017,4.76],[-74.01,4.757],[-74.007,4.741],[-74.009,4.719],[-74.014,4.697],[-74.011,4.691],[-74.011,4.684],[-74.003,4.678],[-74.003,4.675],[-74.007,4.666],[-74.01,4.663],[-74.017,4.662],[-74.023,4.663],[-74.026,4.661],[-74.027,4.654],[-74.031,4.645],[-74.033,4.636],[-74.015,4.636],[-74.011,4.627],[-74.005,4.624],[-74.001,4.617],[-73.996,4.617],[-73.999,4.607],[-73.997,4.602],[-74.001,4.595],[-74.005,4.581],[-74.006,4.562],[-74.015,4.559],[-74.026,4.559],[-74.03,4.558],[-74.029,4.55],[-74.031,4.544],[-74.038,4.53],[-74.041,4.517],[-74.045,4.512],[-74.051,4.512],[-74.056,4.509],[-74.06,4.511],[-74.073,4.511],[-74.073,4.5],[-74.076,4.465],[-74.078,4.463],[-74.086,4.461],[-74.101,4.454],[-74.108,4.445],[-74.112,4.433],[-74.115,4.404],[-74.114,4.387],[-74.114,4.385],[-74.101,4.377],[-74.096,4.37],[-74.098,4.351],[-74.106,4.331],[-74.115,4.319],[-74.115,4.313],[-74.122,4.31],[-74.128,4.303],[-74.151,4.254],[-74.15,4.25],[-74.143,4.238],[-74.135,4.23],[-74.135,4.221],[-74.136,4.208],[-74.134,4.203],[-74.126,4.195],[-74.124,4.187],[-74.12,4.182],[-74.109,4.182],[-74.111,4.179],[-74.109,4.17],[-74.114,4.155],[-74.107,4.138],[-74.108,4.134],[-74.128,4.125],[-74.131,4.114],[-74.13,4.104],[-74.121,4.098],[-74.126,4.094],[-74.13,4.09],[-74.132,4.082],[-74.132,4.076],[-74.125,4.065],[-74.125,4.056],[-74.131,4.039],[-74.139,4.025],[-74.14,4.02],[-74.138,4.014],[-74.144,4.003]]]]}},{"type":"Feature","properties":{"name":"Arauca","iso":"CO-ARA"},"geometry":{"type":"MultiPolygon","coordinates":[[[[-69.43,6.108],[-69.436,6.105],[-69.445,6.09],[-69.452,6.083],[-69.469,6.076],[-69.486,6.07],[-69.514,6.054],[-69.528,6.05],[-69.536,6.045],[-69.542,6.044],[-69.558,6.046],[-69.571,6.044],[-69.588,6.041],[-69.6,6.041],[-69.616,6.038],[-69.642,6.039],[-69.689,6.045],[-69.717,6.042],[-69.765,6.052],[-69.77,6.053],[-69.777,6.059],[-69.782,6.06],[-69.794,6.061],[-69.8,6.061],[-69.806,6.058],[-69.823,6.048],[-69.826,6.044],[-69.834,6.043],[-69.846,6.044],[-69.852,6.041],[-69.861,6.039],[-69.872,6.045],[-69.888,6.05],[-69.892,6.052],[-69.897,6.066],[-69.905,6.07],[-69.907,6.072],[-69.907,6.077],[-69.9,6.086],[-69.906,6.1],[-69.913,6.107],[-69.923,6.11],[-69.934,6.118],[-69.943,6.136],[-69.949,6.144],[-69.958,6.144],[-69.96,6.143],[-69.959,6.138],[-69.961,6.135],[-69.972,6.132],[-69.976,6.132],[-69.982,6.138],[-69.986,6.139],[-69.985,6.149],[-69.98,6.157],[-69.982,6.163],[-69.988,6.167],[-69.991,6.167],[-69.994,6.163],[-69.993,6.151],[-69.994,6.149],[-69.999,6.147],[-70.003,6.147],[-70.009,6.152],[-70.023,6.158],[-70.027,6.161],[-70.03,6.16],[-70.035,6.154],[-70.038,6.154],[-70.044,6.154],[-70.058,6.16],[-70.061,6.165],[-70.06,6.17],[-70.054,6.174],[-70.045,6.174],[-70.038,6.177],[-70.035,6.182],[-70.035,6.186],[-70.043,6.187],[-70.048,6.185],[-70.057,6.184],[-70.061,6.187],[-70.061,6.193],[-70.059,6.207],[-70.06,6.209],[-70.076,6.215],[-70.088,6.229],[-70.095,6.235],[-70.098,6.235],[-70.109,6.232],[-70.112,6.232],[-70.116,6.235],[-70.117,6.237],[-70.117,6.245],[-70.123,6.264],[-70.127,6.267],[-70.138,6.269],[-70.141,6.269],[-70.143,6.267],[-70.148,6.267],[-70.15,6.269],[-70.154,6.276],[-70.155,6.287],[-70.154,6.288],[-70.151,6.289],[-70.15,6.292],[-70.152,6.296],[-70.16,6.298],[-70.165,6.296],[-70.165,6.291],[-70.168,6.283],[-70.171,6.28],[-70.175,6.279],[-70.184,6.282],[-70.195,6.295],[-70.198,6.294],[-70.202,6.287],[-70.212,6.288],[-70.222,6.293],[-70.224,6.292],[-70.226,6.288],[-70.234,6.292],[-70.237,6.286],[-70.245,6.287],[-70.254,6.286],[-70.262,6.283],[-70.266,6.275],[-70.271,6.273],[-70.29,6.285],[-70.293,6.284],[-70.295,6.28],[-70.299,6.278],[-70.31,6.289],[-70.311,6.286],[-70.309,6.281],[-70.31,6.279],[-70.32,6.279],[-70.319,6.284],[-70.324,6.289],[-70.329,6.291],[-70.33,6.294],[-70.337,6.292],[-70.343,6.294],[-70.352,6.294],[-70.366,6.302],[-70.369,6.302],[-70.373,6.298],[-70.381,6.301],[-70.39,6.292],[-70.406,6.29],[-70.413,6.293],[-70.42,6.29],[-70.431,6.291],[-70.432,6.287],[-70.428,6.282],[-70.43,6.278],[-70.439,6.273],[-70.444,6.274],[-70.45,6.272],[-70.455,6.266],[-70.462,6.262],[-70.465,6.263],[-70.469,6.265],[-70.473,6.266],[-70.477,6.262],[-70.477,6.257],[-70.482,6.249],[-70.489,6.25],[-70.5,6.248],[-70.511,6.24],[-70.515,6.235],[-70.529,6.229],[-70.532,6.232],[-70.533,6.239],[-70.538,6.244],[-70.545,6.245],[-70.55,6.237],[-70.553,6.237],[-70.555,6.24],[-70.556,6.245],[-70.56,6.246],[-70.568,6.239],[-70.571,6.239],[-70.574,6.241],[-70.576,6.248],[-70.579,6.249],[-70.585,6.238],[-70.588,6.238],[-70.596,6.242],[-70.598,6.24],[-70.6,6.236],[-70.603,6.236],[-70.607,6.24],[-70.611,6.239],[-70.616,6.233],[-70.624,6.234],[-70.627,6.229],[-70.63,6.227],[-70.632,6.229],[-70.633,6.233],[-70.638,6.235],[-70.655,6.229],[-70.663,6.228],[-70.673,6.22],[-70.68,6.219],[-70.683,6.223],[-70.689,6.226],[-70.703,6.22],[-70.714,6.224],[-70.719,6.224],[-70.721,6.219],[-70.725,6.216],[-70.73,6.217],[-70.732,6.225],[-70.733,6.226],[-70.744,6.224],[-70.746,6.225],[-70.753,6.231],[-70.758,6.232],[-70.765,6.228],[-70.769,6.228],[-70.772,6.233],[-70.77,6.241],[-70.771,6.243],[-70.774,6.245],[-70.78,6.243],[-70.783,6.248],[-70.801,6.255],[-70.804,6.254],[-70.806,6.25],[-70.81,6.247],[-70.816,6.253],[-70.824,6.252],[-70.828,6.247],[-70.83,6.24],[-70.831,6.239],[-70.841,6.24],[-70.848,6.237],[-70.861,6.239],[-70.864,6.236],[-70.864,6.224],[-70.867,6.221],[-70.87,6.222],[-70.876,6.231],[-70.88,6.232],[-70.885,6.227],[-70.889,6.227],[-70.894,6.234],[-70.897,6.236],[-70.906,6.231],[-70.916,6.235],[-70.922,6.234],[-70.93,6.231],[-70.935,6.226],[-70.944,6.227],[-70.952,6.235],[-70.956,6.236],[-70.963,6.235],[-70.972,6.236],[-70.976,6.234],[-70.978,6.231],[-70.985,6.229],[-70.995,6.235],[-70.996,6.237],[-70.996,6.241],[-71.012,6.254],[-71.021,6.254],[-71.034,6.266],[-71.037,6.265],[-71.034,6.257],[-71.036,6.255],[-71.04,6.254],[-71.043,6.256],[-71.051,6.257],[-71.06,6.255],[-71.064,6.256],[-71.07,6.264],[-71.072,6.265],[-71.075,6.264],[-71.082,6.268],[-71.089,6.277],[-71.092,6.279],[-71.096,6.278],[-71.107,6.267],[-71.114,6.264],[-71.116,6.265],[-71.118,6.273],[-71.122,6.275],[-71.127,6.271],[-71.126,6.263],[-71.129,6.261],[-71.132,6.261],[-71.145,6.266],[-71.157,6.263],[-71.158,6.269],[-71.161,6.273],[-71.172,6.275],[-71.181,6.282],[-71.183,6.281],[-71.185,6.277],[-71.188,6.277],[-71.194,6.283],[-71.205,6.286],[-71.213,6.296],[-71.218,6.298],[-71.222,6.299],[-71.226,6.295],[-71.225,6.293],[-71.221,6.29],[-71.219,6.286],[-71.22,6.283],[-71.23,6.283],[-71.233,6.279],[-71.234,6.271],[-71.232,6.265],[-71.232,6.264],[-71.235,6.264],[-71.24,6.268],[-71.249,6.269],[-71.254,6.274],[-71.257,6.281],[-71.26,6.283],[-71.269,6.283],[-71.269,6.278],[-71.271,6.274],[-71.271,6.261],[-71.274,6.26],[-71.277,6.262],[-71.274,6.267],[-71.274,6.271],[-71.276,6.273],[-71.294,6.274],[-71.303,6.269],[-71.312,6.255],[-71.317,6.253],[-71.332,6.257],[-71.333,6.254],[-71.331,6.249],[-71.331,6.246],[-71.333,6.244],[-71.343,6.243],[-71.344,6.241],[-71.344,6.234],[-71.347,6.23],[-71.349,6.229],[-71.355,6.231],[-71.365,6.229],[-71.37,6.235],[-71.373,6.236],[-71.376,6.233],[-71.375,6.227],[-71.378,6.225],[-71.381,6.228],[-71.38,6.24],[-71.383,6.243],[-71.386,6.243],[-71.392,6.238],[-71.395,6.237],[-71.405,6.242],[-71.416,6.243],[-71.418,6.238],[-71.416,6.227],[-71.419,6.225],[-71.426,6.227],[-71.434,6.239],[-71.444,6.246],[-71.449,6.247],[-71.45,6.243],[-71.441,6.232],[-71.438,6.224],[-71.439,6.216],[-71.441,6.215],[-71.447,6.215],[-71.453,6.224],[-71.457,6.224],[-71.459,6.22],[-71.458,6.215],[-71.46,6.211],[-71.464,6.211],[-71.471,6.213],[-71.475,6.21],[-71.479,6.205],[-71.485,6.202],[-71.491,6.204],[-71.492,6.214],[-71.495,6.217],[-71.502,6.21],[-71.502,6.2],[-71.509,6.196],[-71.512,6.205],[-71.523,6.21],[-71.53,6.216],[-71.531,6.219],[-71.531,6.224],[-71.533,6.225],[-71.537,6.225],[-71.538,6.224],[-71.534,6.217],[-71.534,6.211],[-71.541,6.211],[-71.548,6.213],[-71.551,6.212],[-71.552,6.208],[-71.548,6.2],[-71.551,6.196],[-71.556,6.196],[-71.559,6.198],[-71.562,6.208],[-71.565,6.211],[-71.571,6.212],[-71.573,6.21],[-71.575,6.206],[-71.567,6.194],[-71.568,6.191],[-71.571,6.189],[-71.575,6.191],[-71.584,6.2],[-71.586,6.208],[-71.591,6.211],[-71.598,6.211],[-71.609,6.207],[-71.611,6.209],[-71.612,6.212],[-71.608,6.22],[-71.612,6.225],[-71.62,6.227],[-71.631,6.224],[-71.636,6.228],[-71.638,6.226],[-71.637,6.222],[-71.641,6.221],[-71.642,6.218],[-71.647,6.214],[-71.645,6.212],[-71.645,6.207],[-71.648,6.204],[-71.657,6.197],[-71.662,6.196],[-71.672,6.188],[-71.679,6.191],[-71.693,6.19],[-71.702,6.194],[-71.704,6.193],[-71.707,6.195],[-71.713,6.193],[-71.717,6.195],[-71.723,6.194],[-71.727,6.196],[-71.737,6.191],[-71.743,6.192],[-71.749,6.189],[-71.756,6.193],[-71.761,6.192],[-71.77,6.192],[-71.773,6.193],[-71.779,6.192],[-71.783,6.193],[-71.791,6.188],[-71.798,6.188],[-71.804,6.191],[-71.808,6.187],[-71.811,6.187],[-71.82,6.191],[-71.827,6.186],[-71.838,6.181],[-71.843,6.174],[-71.848,6.172],[-71.859,6.163],[-71.867,6.162],[-71.87,6.159],[-71.874,6.16],[-71.882,6.158],[-71.889,6.159],[-71.902,6.157],[-71.91,6.158],[-71.915,6.163],[-71.914,6.165],[-71.917,6.166],[-71.932,6.169],[-71.937,6.168],[-71.94,6.17],[-71.943,6.169],[-71.945,6.17],[-71.948,6.17],[-71.955,6.172],[-71.961,6.164],[-71.983,6.148],[-71.985,6.148],[-71.993,6.14],[-72.001,6.138],[-72.004,6.133],[-72.012,6.13],[-72.015,6.127],[-72.035,6.121],[-72.048,6.124],[-72.054,6.123],[-72.07,6.115],[-72.075,6.114],[-72.096,6.091],[-72.104,6.086],[-72.106,6.08],[-72.111,6.075],[-72.119,6.074],[-72.125,6.068],[-72.137,6.067],[-72.144,6.067],[-72.151,6.071],[-72.157,6.072],[-72.171,6.08],[-72.172,6.081],[-72.179,6.083],[-72.181,6.087],[-72.188,6.091],[-72.191,6.094],[-72.199,6.099],[-72.215,6.104],[-72.224,6.104],[-72.234,6.112],[-72.241,6.113],[-72.247,6.117],[-72.25,6.116],[-72.252,6.119],[-72.26,6.121],[-72.275,6.133],[-72.274,6.135],[-72.277,6.137],[-72.279,6.157],[-72.284,6.161],[-72.279,6.179],[-72.28,6.186],[-72.282,6.192],[-72.286,6.198],[-72.292,6.203],[-72.296,6.204],[-72.306,6.204],[-72.317,6.207],[-72.322,6.211],[-72.328,6.219],[-72.34,6.222],[-72.344,6.225],[-72.35,6.246],[-72.362,6.261],[-72.367,6.274],[-72.368,6.292],[-72.364,6.307],[-72.352,6.322],[-72.351,6.333],[-72.353,6.344],[-72.351,6.346],[-72.337,6.347],[-72.334,6.346],[-72.326,6.334],[-72.324,6.332],[-72.323,6.332],[-72.318,6.335],[-72.318,6.339],[-72.316,6.347],[-72.316,6.356],[-72.313,6.358],[-72.304,6.359],[-72.302,6.364],[-72.296,6.369],[-72.295,6.373],[-72.292,6.376],[-72.282,6.381],[-72.28,6.388],[-72.284,6.395],[-72.286,6.397],[-72.286,6.405],[-72.278,6.411],[-72.275,6.416],[-72.269,6.418],[-72.266,6.426],[-72.261,6.431],[-72.253,6.434],[-72.229,6.433],[-72.222,6.436],[-72.215,6.446],[-72.212,6.452],[-72.209,6.463],[-72.207,6.465],[-72.197,6.465],[-72.186,6.46],[-72.181,6.459],[-72.178,6.463],[-72.176,6.469],[-72.178,6.493],[-72.172,6.5],[-72.158,6.507],[-72.151,6.514],[-72.136,6.513],[-72.132,6.511],[-72.127,6.511],[-72.124,6.516],[-72.126,6.536],[-72.121,6.545],[-72.117,6.577],[-72.109,6.592],[-72.111,6.613],[-72.098,6.63],[-72.093,6.634],[-72.089,6.645],[-72.089,6.65],[-72.091,6.652],[-72.094,6.669],[-72.097,6.674],[-72.096,6.68],[-72.094,6.685],[-72.095,6.688],[-72.096,6.695],[-72.097,6.697],[-72.098,6.716],[-72.1,6.721],[-72.095,6.728],[-72.097,6.739],[-72.098,6.742],[-72.098,6.746],[-72.093,6.75],[-72.092,6.754],[-72.084,6.755],[-72.079,6.752],[-72.076,6.752],[-72.067,6.762],[-72.062,6.764],[-72.058,6.768],[-72.05,6.771],[-72.047,6.777],[-72.048,6.779],[-72.044,6.784],[-72.043,6.789],[-72.037,6.796],[-72.037,6.805],[-72.039,6.809],[-72.037,6.81],[-72.038,6.819],[-72.031,6.838],[-72.02,6.856],[-72.009,6.885],[-71.998,6.906],[-71.994,6.925],[-71.989,6.934],[-71.987,6.941],[-71.977,6.963],[-71.975,6.971],[-71.968,6.98],[-71.962,6.983],[-71.946,7.011],[-71.941,7.01],[-71.937,7.012],[-71.923,7.017],[-71.916,7.017],[-71.91,7.016],[-71.904,7.018],[-71.9,7.016],[-71.897,7.02],[-71.893,7.019],[-71.89,7.021],[-71.878,7.018],[-71.876,7.021],[-71.871,7.022],[-71.868,7.022],[-71.864,7.02],[-71.852,7.028],[-71.847,7.025],[-71.839,7.027],[-71.835,7.026],[-71.832,7.029],[-71.827,7.03],[-71.822,7.037],[-71.826,7.047],[-71.826,7.054],[-71.817,7.061],[-71.811,7.064],[-71.797,7.063],[-71.767,7.066],[-71.746,7.066],[-71.741,7.064],[-71.735,7.058],[-71.723,7.056],[-71.718,7.054],[-71.716,7.048],[-71.715,7.035],[-71.705,7.032],[-71.697,7.037],[-71.691,7.038],[-71.677,7.038],[-71.664,7.033],[-71.659,7.034],[-71.65,7.044],[-71.647,7.053],[-71.641,7.056],[-71.63,7.055],[-71.621,7.044],[-71.617,7.043],[-71.604,7.044],[-71.601,7.047],[-71.595,7.048],[-71.592,7.055],[-71.588,7.055],[-71.584,7.052],[-71.584,7.043],[-71.587,7.037],[-71.59,7.035],[-71.593,7.031],[-71.592,7.018],[-71.591,7.016],[-71.588,7.016],[-71.582,7.018],[-71.574,7.026],[-71.564,7.03],[-71.549,7.03],[-71.527,7.035],[-71.511,7.027],[-71.505,7.026],[-71.491,7.031],[-71.487,7.031],[-71.483,7.027],[-71.476,7.014],[-71.472,7.012],[-71.465,7.012],[-71.459,7.013],[-71.453,7.018],[-71.448,7.018],[-71.442,7.025],[-71.435,7.026],[-71.431,7.037],[-71.425,7.039],[-71.412,7.035],[-71.401,7.037],[-71.392,7.036],[-71.386,7.031],[-71.379,7.018],[-71.37,7.015],[-71.356,7.02],[-71.334,7.017],[-71.313,7.022],[-71.298,7.029],[-71.287,7.024],[-71.283,7.024],[-71.268,7.032],[-71.264,7.033],[-71.262,7.031],[-71.261,7.024],[-71.258,7.019],[-71.249,7.018],[-71.244,7.013],[-71.241,7.012],[-71.237,7.015],[-71.233,7.024],[-71.228,7.027],[-71.212,7.019],[-71.207,7.02],[-71.203,7.024],[-71.2,7.025],[-71.197,7.024],[-71.194,7.02],[-71.192,7.019],[-71.187,7.021],[-71.183,7.021],[-71.176,7.024],[-71.167,7.027],[-71.149,7.027],[-71.144,7.033],[-71.13,7.033],[-71.126,7.031],[-71.123,7.023],[-71.125,7.016],[-71.123,7.013],[-71.118,7.01],[-71.109,7.012],[-71.104,7.009],[-71.103,7.005],[-71.109,7.002],[-71.111,7.002],[-71.114,7.007],[-71.115,7.007],[-71.111,6.999],[-71.112,6.997],[-71.114,6.994],[-71.112,6.99],[-71.098,6.988],[-71.091,6.983],[-71.084,6.984],[-71.077,6.981],[-71.071,6.983],[-71.067,6.98],[-71.062,6.983],[-71.054,6.981],[-71.04,6.982],[-71.022,6.974],[-70.995,6.983],[-70.991,6.99],[-70.987,6.994],[-70.986,7.0],[-70.984,7.001],[-70.98,6.999],[-70.977,7.001],[-70.975,7.004],[-70.975,7.012],[-70.97,7.016],[-70.963,7.017],[-70.95,7.016],[-70.94,7.012],[-70.939,7.013],[-70.938,7.017],[-70.936,7.02],[-70.922,7.024],[-70.919,7.026],[-70.919,7.029],[-70.925,7.032],[-70.927,7.046],[-70.918,7.053],[-70.915,7.053],[-70.912,7.044],[-70.907,7.042],[-70.903,7.045],[-70.895,7.059],[-70.886,7.064],[-70.872,7.064],[-70.869,7.058],[-70.863,7.055],[-70.849,7.057],[-70.849,7.059],[-70.852,7.06],[-70.852,7.063],[-70.846,7.07],[-70.848,7.072],[-70.852,7.069],[-70.857,7.071],[-70.856,7.076],[-70.854,7.078],[-70.846,7.075],[-70.841,7.078],[-70.837,7.079],[-70.832,7.074],[-70.825,7.074],[-70.822,7.07],[-70.818,7.079],[-70.813,7.079],[-70.797,7.083],[-70.788,7.083],[-70.781,7.077],[-70.777,7.077],[-70.774,7.081],[-70.771,7.089],[-70.765,7.09],[-70.765,7.095],[-70.761,7.098],[-70.758,7.098],[-70.752,7.092],[-70.744,7.089],[-70.738,7.088],[-70.715,7.094],[-70.704,7.093],[-70.697,7.094],[-70.694,7.096],[-70.69,7.103],[-70.687,7.104],[-70.684,7.104],[-70.68,7.093],[-70.676,7.088],[-70.671,7.085],[-70.663,7.084],[-70.659,7.081],[-70.646,7.078],[-70.644,7.076],[-70.644,7.07],[-70.642,7.069],[-70.635,7.07],[-70.63,7.069],[-70.625,7.071],[-70.621,7.068],[-70.613,7.067],[-70.607,7.064],[-70.586,7.068],[-70.585,7.069],[-70.586,7.074],[-70.584,7.076],[-70.576,7.075],[-70.571,7.081],[-70.568,7.081],[-70.562,7.077],[-70.556,7.079],[-70.555,7.076],[-70.55,7.075],[-70.547,7.071],[-70.544,7.069],[-70.542,7.062],[-70.539,7.06],[-70.535,7.055],[-70.538,7.051],[-70.541,7.051],[-70.542,7.049],[-70.54,7.045],[-70.534,7.048],[-70.532,7.046],[-70.539,7.041],[-70.532,7.04],[-70.528,7.042],[-70.526,7.036],[-70.522,7.035],[-70.514,7.028],[-70.511,7.028],[-70.511,7.025],[-70.515,7.021],[-70.509,7.018],[-70.509,7.014],[-70.505,7.011],[-70.502,7.006],[-70.496,7.006],[-70.493,7.005],[-70.493,7.008],[-70.491,7.009],[-70.475,7.001],[-70.467,7.001],[-70.466,7.003],[-70.46,7.003],[-70.458,7.01],[-70.455,7.012],[-70.452,7.011],[-70.45,7.007],[-70.455,7.005],[-70.455,7.004],[-70.444,7.003],[-70.439,7.008],[-70.437,7.001],[-70.437,7.007],[-70.431,7.007],[-70.43,7.002],[-70.427,6.998],[-70.428,6.994],[-70.424,6.991],[-70.423,6.986],[-70.417,6.981],[-70.411,6.983],[-70.41,6.985],[-70.406,6.985],[-70.404,6.988],[-70.397,6.982],[-70.387,6.986],[-70.385,6.985],[-70.38,6.981],[-70.372,6.981],[-70.371,6.972],[-70.368,6.97],[-70.366,6.967],[-70.362,6.967],[-70.362,6.961],[-70.361,6.956],[-70.352,6.957],[-70.351,6.955],[-70.355,6.954],[-70.355,6.952],[-70.349,6.953],[-70.344,6.944],[-70.338,6.945],[-70.333,6.941],[-70.328,6.941],[-70.324,6.935],[-70.322,6.935],[-70.308,6.938],[-70.301,6.937],[-70.294,6.934],[-70.288,6.936],[-70.284,6.941],[-70.279,6.938],[-70.273,6.941],[-70.266,6.941],[-70.257,6.947],[-70.253,6.952],[-70.25,6.954],[-70.25,6.959],[-70.23,6.965],[-70.229,6.967],[-70.229,6.971],[-70.224,6.975],[-70.217,6.976],[-70.211,6.974],[-70.206,6.978],[-70.202,6.976],[-70.197,6.979],[-70.192,6.976],[-70.189,6.979],[-70.182,6.977],[-70.18,6.979],[-70.173,6.976],[-70.17,6.979],[-70.166,6.978],[-70.157,6.981],[-70.149,6.984],[-70.146,6.983],[-70.145,6.979],[-70.134,6.975],[-70.126,6.979],[-70.118,6.98],[-69.763,6.528],[-69.43,6.108]]]]}},{"type":"Feature","properties":{"name":"Boyacá","iso":"CO-BOY"},"geometry":{"type":"MultiPolygon","coordinates":[[[[-74.659,5.751],[-74.658,5.763],[-74.658,5.775],[-74.656,5.784],[-74.65,5.795],[-74.645,5.813],[-74.645,5.819],[-74.649,5.827],[-74.649,5.834],[-74.645,5.843],[-74.637,5.873],[-74.629,5.882],[-74.62,5.889],[-74.596,5.893],[-74.589,5.896],[-74.586,5.899],[-74.586,5.906],[-74.589,5.92],[-74.6,5.933],[-74.605,5.953],[-74.612,5.961],[-74.611,5.971],[-74.607,5.976],[-74.594,5.983],[-74.589,5.984],[-74.577,5.982],[-74.571,5.984],[-74.565,5.989],[-74.561,6.002],[-74.57,6.029],[-74.572,6.044],[-74.57,6.058],[-74.563,6.07],[-74.561,6.076],[-74.566,6.08],[-74.578,6.082],[-74.589,6.089],[-74.595,6.091],[-74.602,6.095],[-74.606,6.101],[-74.606,6.108],[-74.61,6.121],[-74.611,6.131],[-74.607,6.142],[-74.6,6.151],[-74.597,6.16],[-74.593,6.164],[-74.587,6.166],[-74.585,6.169],[-74.576,6.184],[-74.574,6.208],[-74.572,6.214],[-74.568,6.221],[-74.558,6.233],[-74.544,6.254],[-74.539,6.266],[-74.521,6.276],[-74.526,6.269],[-74.526,6.262],[-74.521,6.252],[-74.519,6.24],[-74.513,6.231],[-74.51,6.219],[-74.505,6.214],[-74.495,6.21],[-74.486,6.203],[-74.482,6.202],[-74.474,6.202],[-74.471,6.2],[-74.473,6.187],[-74.473,6.173],[-74.478,6.159],[-74.475,6.156],[-74.468,6.152],[-74.454,6.137],[-74.454,6.122],[-74.451,6.11],[-74.449,6.098],[-74.444,6.093],[-74.428,6.088],[-74.412,6.088],[-74.406,6.085],[-74.401,6.077],[-74.398,6.063],[-74.387,6.053],[-74.383,6.047],[-74.38,6.041],[-74.377,6.04],[-74.369,6.045],[-74.358,6.039],[-74.347,6.041],[-74.345,6.044],[-74.341,6.058],[-74.338,6.062],[-74.314,6.07],[-74.308,6.074],[-74.305,6.075],[-74.301,6.08],[-74.297,6.082],[-74.278,6.079],[-74.275,6.073],[-74.263,6.068],[-74.26,6.065],[-74.259,6.06],[-74.263,6.054],[-74.262,6.048],[-74.264,6.036],[-74.26,6.023],[-74.259,6.011],[-74.254,6.003],[-74.226,5.975],[-74.223,5.967],[-74.225,5.961],[-74.237,5.95],[-74.239,5.944],[-74.236,5.935],[-74.228,5.93],[-74.225,5.925],[-74.228,5.912],[-74.232,5.906],[-74.239,5.899],[-74.251,5.894],[-74.258,5.883],[-74.269,5.876],[-74.277,5.866],[-74.28,5.865],[-74.278,5.86],[-74.278,5.853],[-74.274,5.849],[-74.275,5.843],[-74.268,5.838],[-74.263,5.826],[-74.255,5.834],[-74.239,5.834],[-74.23,5.836],[-74.226,5.84],[-74.223,5.847],[-74.218,5.851],[-74.202,5.853],[-74.197,5.855],[-74.195,5.859],[-74.195,5.862],[-74.199,5.871],[-74.199,5.875],[-74.191,5.884],[-74.184,5.903],[-74.184,5.908],[-74.181,5.911],[-74.165,5.897],[-74.147,5.888],[-74.135,5.877],[-74.124,5.875],[-74.107,5.877],[-74.103,5.875],[-74.093,5.857],[-74.089,5.843],[-74.085,5.842],[-74.08,5.833],[-74.08,5.82],[-74.066,5.816],[-74.06,5.82],[-74.055,5.82],[-74.026,5.807],[-74.027,5.802],[-74.025,5.798],[-74.025,5.788],[-74.019,5.782],[-74.018,5.776],[-74.012,5.775],[-74.013,5.762],[-74.007,5.762],[-74.003,5.76],[-73.998,5.747],[-73.998,5.741],[-73.993,5.735],[-73.992,5.73],[-73.982,5.721],[-73.973,5.731],[-73.961,5.739],[-73.955,5.739],[-73.945,5.737],[-73.924,5.742],[-73.922,5.738],[-73.917,5.736],[-73.908,5.736],[-73.905,5.738],[-73.897,5.736],[-73.895,5.738],[-73.89,5.739],[-73.883,5.737],[-73.881,5.734],[-73.877,5.733],[-73.876,5.731],[-73.879,5.728],[-73.878,5.724],[-73.884,5.719],[-73.884,5.713],[-73.887,5.708],[-73.874,5.707],[-73.861,5.712],[-73.856,5.719],[-73.857,5.724],[-73.845,5.734],[-73.843,5.738],[-73.836,5.74],[-73.83,5.739],[-73.826,5.74],[-73.821,5.738],[-73.819,5.734],[-73.818,5.724],[-73.82,5.717],[-73.817,5.715],[-73.813,5.714],[-73.801,5.726],[-73.795,5.729],[-73.791,5.734],[-73.791,5.738],[-73.788,5.742],[-73.782,5.748],[-73.777,5.755],[-73.758,5.77],[-73.749,5.772],[-73.744,5.771],[-73.741,5.774],[-73.733,5.77],[-73.728,5.77],[-73.719,5.774],[-73.715,5.781],[-73.711,5.776],[-73.71,5.772],[-73.704,5.767],[-73.703,5.761],[-73.698,5.756],[-73.686,5.753],[-73.681,5.75],[-73.674,5.748],[-73.665,5.727],[-73.657,5.718],[-73.657,5.713],[-73.655,5.712],[-73.647,5.712],[-73.64,5.724],[-73.637,5.736],[-73.631,5.742],[-73.63,5.759],[-73.626,5.771],[-73.626,5.778],[-73.63,5.791],[-73.626,5.799],[-73.624,5.811],[-73.62,5.82],[-73.619,5.827],[-73.609,5.846],[-73.6,5.868],[-73.614,5.89],[-73.626,5.893],[-73.632,5.898],[-73.63,5.909],[-73.63,5.914],[-73.627,5.916],[-73.622,5.923],[-73.611,5.926],[-73.604,5.936],[-73.591,5.965],[-73.591,5.98],[-73.585,6.007],[-73.58,6.012],[-73.565,6.018],[-73.557,6.03],[-73.547,6.032],[-73.541,6.036],[-73.534,6.048],[-73.531,6.051],[-73.525,6.06],[-73.526,6.075],[-73.515,6.088],[-73.514,6.099],[-73.498,6.109],[-73.487,6.101],[-73.476,6.096],[-73.467,6.093],[-73.454,6.08],[-73.445,6.077],[-73.435,6.07],[-73.427,6.069],[-73.414,6.075],[-73.418,6.069],[-73.417,6.066],[-73.404,6.057],[-73.404,6.05],[-73.397,6.043],[-73.389,6.032],[-73.387,6.024],[-73.371,6.004],[-73.371,5.997],[-73.375,5.978],[-73.374,5.967],[-73.379,5.961],[-73.382,5.952],[-73.387,5.945],[-73.388,5.93],[-73.394,5.928],[-73.396,5.925],[-73.398,5.92],[-73.396,5.919],[-73.396,5.916],[-73.398,5.913],[-73.401,5.903],[-73.407,5.899],[-73.408,5.894],[-73.406,5.89],[-73.408,5.889],[-73.412,5.891],[-73.418,5.89],[-73.423,5.891],[-73.431,5.889],[-73.438,5.889],[-73.442,5.886],[-73.437,5.863],[-73.435,5.86],[-73.433,5.85],[-73.435,5.849],[-73.442,5.848],[-73.451,5.851],[-73.461,5.849],[-73.463,5.847],[-73.463,5.837],[-73.469,5.828],[-73.471,5.819],[-73.471,5.816],[-73.461,5.814],[-73.456,5.811],[-73.451,5.808],[-73.449,5.803],[-73.434,5.793],[-73.432,5.789],[-73.432,5.782],[-73.434,5.78],[-73.431,5.768],[-73.417,5.768],[-73.41,5.762],[-73.396,5.758],[-73.393,5.753],[-73.389,5.752],[-73.378,5.764],[-73.378,5.773],[-73.374,5.778],[-73.373,5.786],[-73.366,5.789],[-73.364,5.794],[-73.361,5.795],[-73.359,5.799],[-73.358,5.816],[-73.351,5.824],[-73.353,5.832],[-73.349,5.834],[-73.349,5.84],[-73.347,5.843],[-73.35,5.851],[-73.359,5.863],[-73.358,5.868],[-73.369,5.872],[-73.355,5.874],[-73.351,5.873],[-73.343,5.863],[-73.335,5.858],[-73.33,5.851],[-73.321,5.851],[-73.316,5.855],[-73.313,5.855],[-73.305,5.852],[-73.299,5.853],[-73.292,5.849],[-73.289,5.85],[-73.283,5.855],[-73.279,5.855],[-73.271,5.846],[-73.266,5.844],[-73.265,5.834],[-73.264,5.833],[-73.258,5.832],[-73.257,5.827],[-73.252,5.819],[-73.248,5.816],[-73.236,5.819],[-73.229,5.825],[-73.216,5.824],[-73.211,5.827],[-73.206,5.826],[-73.201,5.833],[-73.196,5.834],[-73.191,5.843],[-73.186,5.847],[-73.186,5.85],[-73.188,5.859],[-73.195,5.866],[-73.196,5.871],[-73.205,5.877],[-73.208,5.881],[-73.209,5.886],[-73.212,5.889],[-73.221,5.89],[-73.231,5.896],[-73.238,5.897],[-73.241,5.898],[-73.241,5.901],[-73.241,5.908],[-73.236,5.915],[-73.232,5.931],[-73.229,5.937],[-73.22,5.947],[-73.219,5.952],[-73.221,5.957],[-73.216,5.962],[-73.22,5.972],[-73.22,5.976],[-73.218,5.977],[-73.217,5.983],[-73.208,5.991],[-73.205,5.992],[-73.2,6.004],[-73.197,6.004],[-73.191,6.0],[-73.176,5.996],[-73.157,5.982],[-73.152,5.988],[-73.15,5.993],[-73.148,6.004],[-73.149,6.019],[-73.147,6.025],[-73.144,6.015],[-73.14,6.01],[-73.141,6.002],[-73.137,5.997],[-73.124,5.995],[-73.104,5.999],[-73.103,5.995],[-73.094,5.99],[-73.07,6.005],[-73.064,6.014],[-73.055,6.014],[-73.052,6.018],[-73.047,6.018],[-73.043,6.022],[-73.031,6.025],[-73.03,6.023],[-73.031,6.021],[-73.025,6.017],[-73.017,6.003],[-73.016,5.986],[-73.009,5.966],[-73.004,5.972],[-72.996,5.986],[-72.992,5.987],[-72.99,5.99],[-72.99,5.996],[-72.987,6.001],[-72.985,6.01],[-72.978,6.013],[-72.976,6.017],[-72.971,6.018],[-72.97,6.022],[-72.962,6.028],[-72.96,6.036],[-72.961,6.042],[-72.958,6.043],[-72.955,6.048],[-72.955,6.054],[-72.954,6.057],[-72.955,6.063],[-72.952,6.068],[-72.947,6.071],[-72.945,6.076],[-72.936,6.077],[-72.932,6.086],[-72.924,6.086],[-72.923,6.09],[-72.924,6.097],[-72.923,6.099],[-72.92,6.1],[-72.916,6.108],[-72.914,6.108],[-72.908,6.107],[-72.901,6.112],[-72.898,6.123],[-72.876,6.124],[-72.872,6.126],[-72.87,6.133],[-72.872,6.137],[-72.872,6.141],[-72.869,6.145],[-72.858,6.142],[-72.854,6.145],[-72.847,6.142],[-72.831,6.147],[-72.827,6.157],[-72.825,6.169],[-72.821,6.173],[-72.819,6.181],[-72.811,6.195],[-72.81,6.201],[-72.804,6.21],[-72.805,6.216],[-72.794,6.217],[-72.784,6.214],[-72.779,6.21],[-72.775,6.21],[-72.767,6.219],[-72.763,6.218],[-72.755,6.219],[-72.751,6.222],[-72.75,6.227],[-72.745,6.229],[-72.744,6.234],[-72.749,6.24],[-72.75,6.249],[-72.749,6.253],[-72.744,6.259],[-72.746,6.275],[-72.754,6.28],[-72.756,6.284],[-72.755,6.295],[-72.76,6.303],[-72.758,6.308],[-72.759,6.317],[-72.755,6.319],[-72.749,6.326],[-72.751,6.336],[-72.749,6.339],[-72.749,6.346],[-72.74,6.354],[-72.733,6.356],[-72.731,6.357],[-72.731,6.368],[-72.727,6.37],[-72.726,6.372],[-72.729,6.376],[-72.729,6.382],[-72.733,6.386],[-72.732,6.397],[-72.735,6.407],[-72.736,6.43],[-72.734,6.436],[-72.738,6.442],[-72.727,6.453],[-72.725,6.458],[-72.733,6.466],[-72.737,6.476],[-72.738,6.486],[-72.736,6.491],[-72.749,6.495],[-72.756,6.494],[-72.767,6.5],[-72.772,6.508],[-72.775,6.522],[-72.778,6.528],[-72.785,6.532],[-72.793,6.53],[-72.798,6.532],[-72.807,6.54],[-72.809,6.543],[-72.806,6.545],[-72.805,6.549],[-72.808,6.559],[-72.804,6.561],[-72.795,6.569],[-72.791,6.569],[-72.781,6.58],[-72.772,6.58],[-72.764,6.583],[-72.759,6.581],[-72.75,6.57],[-72.743,6.569],[-72.742,6.568],[-72.744,6.565],[-72.742,6.559],[-72.739,6.557],[-72.729,6.551],[-72.723,6.554],[-72.719,6.553],[-72.713,6.546],[-72.711,6.542],[-72.708,6.542],[-72.705,6.54],[-72.702,6.53],[-72.696,6.525],[-72.694,6.515],[-72.685,6.507],[-72.687,6.504],[-72.683,6.498],[-72.68,6.489],[-72.68,6.485],[-72.673,6.473],[-72.672,6.465],[-72.666,6.457],[-72.663,6.447],[-72.648,6.436],[-72.632,6.438],[-72.629,6.44],[-72.624,6.44],[-72.62,6.442],[-72.609,6.448],[-72.606,6.449],[-72.602,6.452],[-72.601,6.459],[-72.596,6.463],[-72.591,6.464],[-72.589,6.469],[-72.583,6.476],[-72.574,6.478],[-72.569,6.483],[-72.562,6.486],[-72.54,6.488],[-72.538,6.49],[-72.535,6.496],[-72.534,6.503],[-72.532,6.505],[-72.546,6.516],[-72.549,6.52],[-72.548,6.524],[-72.544,6.53],[-72.543,6.534],[-72.539,6.538],[-72.538,6.542],[-72.54,6.557],[-72.546,6.566],[-72.543,6.583],[-72.536,6.59],[-72.528,6.593],[-72.521,6.604],[-72.519,6.619],[-72.511,6.629],[-72.505,6.632],[-72.492,6.644],[-72.49,6.651],[-72.487,6.655],[-72.486,6.659],[-72.486,6.674],[-72.49,6.679],[-72.486,6.694],[-72.486,6.703],[-72.489,6.714],[-72.496,6.724],[-72.498,6.729],[-72.497,6.733],[-72.489,6.742],[-72.493,6.763],[-72.497,6.766],[-72.495,6.79],[-72.498,6.793],[-72.499,6.797],[-72.498,6.799],[-72.492,6.803],[-72.49,6.806],[-72.484,6.809],[-72.483,6.811],[-72.484,6.815],[-72.484,6.821],[-72.48,6.834],[-72.478,6.837],[-72.476,6.842],[-72.481,6.844],[-72.483,6.846],[-72.484,6.85],[-72.487,6.853],[-72.491,6.866],[-72.499,6.869],[-72.502,6.873],[-72.502,6.882],[-72.497,6.885],[-72.497,6.896],[-72.501,6.909],[-72.5,6.914],[-72.496,6.921],[-72.492,6.922],[-72.488,6.929],[-72.483,6.93],[-72.485,6.926],[-72.485,6.922],[-72.472,6.912],[-72.462,6.901],[-72.442,6.892],[-72.431,6.883],[-72.419,6.879],[-72.41,6.875],[-72.406,6.873],[-72.392,6.873],[-72.384,6.877],[-72.379,6.883],[-72.362,6.894],[-72.358,6.893],[-72.352,6.89],[-72.349,6.893],[-72.349,6.901],[-72.337,6.91],[-72.333,6.915],[-72.328,6.917],[-72.327,6.92],[-72.321,6.924],[-72.307,6.945],[-72.302,6.963],[-72.302,6.972],[-72.294,6.986],[-72.294,6.992],[-72.281,7.011],[-72.276,7.015],[-72.272,7.015],[-72.268,7.01],[-72.256,7.009],[-72.25,7.005],[-72.253,7.001],[-72.255,6.985],[-72.255,6.983],[-72.246,6.977],[-72.237,6.98],[-72.232,6.984],[-72.219,6.986],[-72.218,6.992],[-72.213,7.001],[-72.21,7.003],[-72.203,7.004],[-72.2,7.007],[-72.201,7.011],[-72.203,7.013],[-72.204,7.024],[-72.198,7.032],[-72.198,7.043],[-72.19,7.047],[-72.185,7.053],[-72.175,7.055],[-72.165,7.049],[-72.159,7.047],[-72.16,7.043],[-72.155,7.041],[-72.154,7.035],[-72.139,7.034],[-72.132,7.031],[-72.121,7.031],[-72.116,7.034],[-72.095,7.037],[-72.088,7.04],[-72.082,7.045],[-72.079,7.045],[-72.073,7.044],[-72.058,7.038],[-72.048,7.038],[-72.048,7.039],[-72.021,7.033],[-72.011,7.028],[-71.998,7.028],[-71.991,7.026],[-71.989,7.025],[-71.986,7.021],[-71.972,7.019],[-71.962,7.012],[-71.959,7.011],[-71.951,7.013],[-71.946,7.011],[-71.962,6.983],[-71.968,6.98],[-71.975,6.971],[-71.977,6.963],[-71.987,6.941],[-71.989,6.934],[-71.994,6.925],[-71.998,6.906],[-72.009,6.885],[-72.02,6.856],[-72.031,6.838],[-72.038,6.819],[-72.037,6.81],[-72.039,6.809],[-72.037,6.805],[-72.037,6.796],[-72.043,6.789],[-72.044,6.784],[-72.048,6.779],[-72.047,6.777],[-72.05,6.771],[-72.058,6.768],[-72.062,6.764],[-72.067,6.762],[-72.076,6.752],[-72.079,6.752],[-72.084,6.755],[-72.092,6.754],[-72.093,6.75],[-72.098,6.746],[-72.098,6.742],[-72.097,6.739],[-72.095,6.728],[-72.1,6.721],[-72.098,6.716],[-72.097,6.697],[-72.096,6.695],[-72.095,6.688],[-72.094,6.685],[-72.096,6.68],[-72.097,6.674],[-72.094,6.669],[-72.091,6.652],[-72.089,6.65],[-72.089,6.645],[-72.093,6.634],[-72.098,6.63],[-72.111,6.613],[-72.109,6.592],[-72.117,6.577],[-72.121,6.545],[-72.126,6.536],[-72.124,6.516],[-72.127,6.511],[-72.132,6.511],[-72.136,6.513],[-72.151,6.514],[-72.158,6.507],[-72.172,6.5],[-72.178,6.493],[-72.176,6.469],[-72.178,6.463],[-72.181,6.459],[-72.186,6.46],[-72.197,6.465],[-72.207,6.465],[-72.209,6.463],[-72.212,6.452],[-72.215,6.446],[-72.222,6.436],[-72.229,6.433],[-72.253,6.434],[-72.261,6.431],[-72.266,6.426],[-72.269,6.418],[-72.275,6.416],[-72.278,6.411],[-72.286,6.405],[-72.286,6.397],[-72.284,6.395],[-72.28,6.388],[-72.282,6.381],[-72.292,6.376],[-72.295,6.373],[-72.296,6.369],[-72.302,6.364],[-72.304,6.359],[-72.313,6.358],[-72.316,6.356],[-72.316,6.347],[-72.318,6.339],[-72.318,6.335],[-72.323,6.332],[-72.324,6.332],[-72.326,6.334],[-72.334,6.346],[-72.337,6.347],[-72.351,6.346],[-72.353,6.344],[-72.351,6.333],[-72.352,6.322],[-72.364,6.307],[-72.375,6.305],[-72.379,6.293],[-72.39,6.283],[-72.397,6.272],[-72.4,6.273],[-72.401,6.269],[-72.399,6.266],[-72.395,6.263],[-72.39,6.265],[-72.387,6.264],[-72.387,6.262],[-72.39,6.254],[-72.39,6.25],[-72.397,6.237],[-72.398,6.22],[-72.402,6.208],[-72.406,6.202],[-72.409,6.195],[-72.416,6.19],[-72.419,6.185],[-72.418,6.183],[-72.408,6.187],[-72.394,6.188],[-72.392,6.186],[-72.392,6.182],[-72.393,6.163],[-72.385,6.157],[-72.374,6.151],[-72.375,6.149],[-72.377,6.142],[-72.382,6.137],[-72.388,6.136],[-72.392,6.129],[-72.388,6.117],[-72.374,6.111],[-72.365,6.102],[-72.372,6.098],[-72.375,6.092],[-72.369,6.081],[-72.364,6.077],[-72.359,6.075],[-72.354,6.074],[-72.342,6.076],[-72.339,6.077],[-72.335,6.084],[-72.321,6.089],[-72.321,6.085],[-72.318,6.081],[-72.318,6.079],[-72.32,6.075],[-72.321,6.068],[-72.332,6.059],[-72.343,6.053],[-72.351,6.045],[-72.354,6.043],[-72.365,6.043],[-72.366,6.037],[-72.366,6.033],[-72.363,6.027],[-72.355,6.021],[-72.349,6.013],[-72.344,6.002],[-72.34,5.998],[-72.342,5.989],[-72.34,5.983],[-72.342,5.978],[-72.343,5.964],[-72.339,5.958],[-72.337,5.954],[-72.339,5.951],[-72.338,5.948],[-72.328,5.939],[-72.324,5.932],[-72.328,5.918],[-72.327,5.903],[-72.329,5.896],[-72.334,5.89],[-72.324,5.887],[-72.326,5.884],[-72.335,5.881],[-72.342,5.871],[-72.343,5.865],[-72.346,5.859],[-72.349,5.857],[-72.351,5.853],[-72.359,5.853],[-72.361,5.851],[-72.363,5.839],[-72.366,5.834],[-72.366,5.827],[-72.372,5.828],[-72.375,5.826],[-72.386,5.828],[-72.393,5.824],[-72.391,5.818],[-72.383,5.818],[-72.373,5.812],[-72.363,5.81],[-72.358,5.812],[-72.353,5.812],[-72.344,5.804],[-72.338,5.804],[-72.333,5.802],[-72.329,5.796],[-72.316,5.795],[-72.31,5.797],[-72.307,5.792],[-72.303,5.791],[-72.3,5.795],[-72.3,5.799],[-72.289,5.799],[-72.279,5.8],[-72.276,5.797],[-72.269,5.799],[-72.264,5.796],[-72.258,5.795],[-72.256,5.793],[-72.255,5.786],[-72.259,5.779],[-72.258,5.762],[-72.26,5.755],[-72.268,5.741],[-72.269,5.735],[-72.273,5.731],[-72.279,5.728],[-72.28,5.715],[-72.285,5.708],[-72.286,5.701],[-72.295,5.69],[-72.299,5.688],[-72.294,5.682],[-72.283,5.675],[-72.272,5.671],[-72.264,5.669],[-72.261,5.655],[-72.271,5.639],[-72.279,5.63],[-72.28,5.623],[-72.278,5.614],[-72.281,5.606],[-72.285,5.601],[-72.296,5.601],[-72.299,5.6],[-72.3,5.593],[-72.298,5.579],[-72.299,5.574],[-72.306,5.564],[-72.31,5.553],[-72.312,5.553],[-72.326,5.535],[-72.333,5.53],[-72.344,5.507],[-72.358,5.517],[-72.368,5.527],[-72.374,5.536],[-72.381,5.553],[-72.397,5.57],[-72.409,5.571],[-72.417,5.567],[-72.421,5.563],[-72.423,5.557],[-72.425,5.555],[-72.425,5.548],[-72.434,5.54],[-72.437,5.533],[-72.44,5.532],[-72.441,5.526],[-72.445,5.519],[-72.46,5.508],[-72.471,5.496],[-72.476,5.493],[-72.49,5.481],[-72.491,5.472],[-72.494,5.462],[-72.5,5.448],[-72.507,5.439],[-72.518,5.435],[-72.528,5.427],[-72.535,5.418],[-72.541,5.412],[-72.544,5.407],[-72.564,5.394],[-72.566,5.39],[-72.569,5.39],[-72.571,5.392],[-72.583,5.382],[-72.576,5.376],[-72.57,5.377],[-72.568,5.375],[-72.576,5.359],[-72.58,5.353],[-72.584,5.351],[-72.589,5.358],[-72.591,5.358],[-72.595,5.355],[-72.608,5.351],[-72.618,5.35],[-72.623,5.346],[-72.636,5.341],[-72.637,5.331],[-72.645,5.328],[-72.649,5.32],[-72.65,5.312],[-72.655,5.304],[-72.664,5.301],[-72.668,5.293],[-72.679,5.291],[-72.687,5.282],[-72.699,5.278],[-72.7,5.274],[-72.702,5.277],[-72.706,5.277],[-72.714,5.281],[-72.717,5.285],[-72.72,5.29],[-72.719,5.301],[-72.723,5.313],[-72.755,5.331],[-72.762,5.337],[-72.775,5.357],[-72.784,5.377],[-72.785,5.383],[-72.797,5.395],[-72.803,5.395],[-72.815,5.386],[-72.816,5.383],[-72.813,5.377],[-72.838,5.365],[-72.846,5.357],[-72.848,5.352],[-72.853,5.348],[-72.859,5.348],[-72.863,5.349],[-72.868,5.354],[-72.878,5.359],[-72.876,5.35],[-72.882,5.334],[-72.897,5.283],[-72.906,5.267],[-72.909,5.25],[-72.916,5.238],[-72.922,5.224],[-72.93,5.219],[-72.932,5.213],[-72.932,5.208],[-72.939,5.202],[-72.94,5.2],[-72.946,5.196],[-72.946,5.192],[-72.949,5.19],[-72.95,5.184],[-72.948,5.18],[-72.95,5.175],[-72.954,5.174],[-72.958,5.164],[-72.962,5.163],[-72.96,5.16],[-72.962,5.156],[-72.969,5.154],[-72.973,5.149],[-72.964,5.134],[-72.958,5.131],[-72.949,5.124],[-72.937,5.116],[-72.935,5.108],[-72.93,5.102],[-72.927,5.097],[-72.924,5.096],[-72.916,5.102],[-72.909,5.104],[-72.905,5.097],[-72.905,5.079],[-72.903,5.069],[-72.926,5.049],[-72.928,5.044],[-72.924,5.034],[-72.925,5.031],[-72.94,5.022],[-72.948,5.015],[-72.954,5.007],[-72.958,4.998],[-72.968,4.989],[-72.972,4.976],[-72.987,4.986],[-73.0,4.989],[-73.004,4.997],[-73.011,4.997],[-73.011,5.0],[-73.016,5.003],[-73.02,5.002],[-73.018,5.0],[-73.018,4.997],[-73.021,4.994],[-73.023,4.988],[-73.03,4.983],[-73.029,4.969],[-73.032,4.968],[-73.033,4.964],[-73.036,4.962],[-73.039,4.953],[-73.041,4.938],[-73.045,4.934],[-73.048,4.924],[-73.048,4.902],[-73.041,4.888],[-73.043,4.883],[-73.042,4.879],[-73.043,4.876],[-73.044,4.873],[-73.051,4.872],[-73.051,4.86],[-73.053,4.857],[-73.058,4.85],[-73.068,4.845],[-73.067,4.839],[-73.07,4.835],[-73.069,4.832],[-73.071,4.822],[-73.074,4.818],[-73.071,4.812],[-73.073,4.802],[-73.072,4.796],[-73.069,4.793],[-73.061,4.789],[-73.057,4.783],[-73.046,4.758],[-73.047,4.745],[-73.051,4.737],[-73.06,4.736],[-73.068,4.741],[-73.071,4.739],[-73.077,4.727],[-73.074,4.719],[-73.075,4.715],[-73.08,4.706],[-73.083,4.696],[-73.09,4.691],[-73.09,4.682],[-73.092,4.677],[-73.105,4.661],[-73.111,4.661],[-73.121,4.671],[-73.127,4.666],[-73.135,4.664],[-73.145,4.657],[-73.149,4.656],[-73.161,4.663],[-73.196,4.673],[-73.206,4.68],[-73.217,4.677],[-73.221,4.678],[-73.224,4.679],[-73.233,4.695],[-73.227,4.715],[-73.221,4.725],[-73.221,4.728],[-73.223,4.731],[-73.234,4.736],[-73.247,4.734],[-73.268,4.74],[-73.271,4.738],[-73.285,4.723],[-73.29,4.724],[-73.305,4.731],[-73.309,4.737],[-73.306,4.747],[-73.309,4.75],[-73.314,4.769],[-73.322,4.779],[-73.334,4.788],[-73.341,4.792],[-73.361,4.796],[-73.37,4.8],[-73.369,4.799],[-73.371,4.803],[-73.371,4.81],[-73.366,4.824],[-73.374,4.831],[-73.376,4.84],[-73.379,4.844],[-73.383,4.847],[-73.391,4.85],[-73.393,4.854],[-73.394,4.865],[-73.402,4.879],[-73.409,4.88],[-73.425,4.88],[-73.445,4.89],[-73.45,4.883],[-73.452,4.882],[-73.465,4.893],[-73.471,4.894],[-73.48,4.891],[-73.489,4.885],[-73.52,4.878],[-73.52,4.882],[-73.524,4.891],[-73.538,4.895],[-73.541,4.902],[-73.542,4.913],[-73.547,4.925],[-73.547,4.935],[-73.544,4.948],[-73.541,4.951],[-73.532,4.957],[-73.527,4.967],[-73.52,4.977],[-73.515,4.99],[-73.507,4.996],[-73.51,4.997],[-73.511,5.0],[-73.515,5.004],[-73.518,5.005],[-73.517,5.013],[-73.522,5.017],[-73.522,5.029],[-73.523,5.03],[-73.512,5.037],[-73.508,5.037],[-73.503,5.04],[-73.499,5.04],[-73.488,5.05],[-73.482,5.051],[-73.479,5.055],[-73.481,5.06],[-73.48,5.063],[-73.483,5.076],[-73.484,5.089],[-73.49,5.093],[-73.491,5.101],[-73.495,5.107],[-73.491,5.116],[-73.491,5.127],[-73.488,5.132],[-73.488,5.137],[-73.484,5.142],[-73.478,5.148],[-73.484,5.154],[-73.499,5.153],[-73.505,5.154],[-73.511,5.162],[-73.51,5.17],[-73.512,5.173],[-73.507,5.185],[-73.512,5.188],[-73.516,5.192],[-73.522,5.193],[-73.522,5.204],[-73.524,5.215],[-73.521,5.223],[-73.514,5.231],[-73.518,5.231],[-73.522,5.234],[-73.524,5.243],[-73.527,5.248],[-73.527,5.259],[-73.533,5.269],[-73.533,5.273],[-73.532,5.277],[-73.533,5.281],[-73.537,5.285],[-73.544,5.29],[-73.55,5.299],[-73.567,5.306],[-73.576,5.302],[-73.579,5.302],[-73.589,5.309],[-73.596,5.316],[-73.602,5.318],[-73.602,5.322],[-73.595,5.329],[-73.596,5.339],[-73.594,5.351],[-73.596,5.358],[-73.6,5.366],[-73.6,5.371],[-73.598,5.378],[-73.59,5.39],[-73.593,5.399],[-73.602,5.402],[-73.623,5.405],[-73.644,5.415],[-73.658,5.418],[-73.666,5.427],[-73.674,5.431],[-73.678,5.435],[-73.675,5.444],[-73.677,5.45],[-73.68,5.454],[-73.691,5.447],[-73.7,5.457],[-73.71,5.458],[-73.715,5.455],[-73.717,5.456],[-73.719,5.46],[-73.717,5.473],[-73.719,5.477],[-73.726,5.479],[-73.73,5.478],[-73.736,5.472],[-73.743,5.469],[-73.747,5.489],[-73.748,5.49],[-73.755,5.486],[-73.76,5.485],[-73.771,5.489],[-73.781,5.498],[-73.786,5.507],[-73.791,5.532],[-73.789,5.55],[-73.794,5.553],[-73.8,5.559],[-73.805,5.574],[-73.812,5.562],[-73.821,5.553],[-73.832,5.554],[-73.836,5.55],[-73.848,5.546],[-73.856,5.533],[-73.867,5.534],[-73.875,5.527],[-73.877,5.522],[-73.88,5.525],[-73.89,5.513],[-73.901,5.529],[-73.908,5.526],[-73.911,5.521],[-73.911,5.511],[-73.907,5.509],[-73.908,5.5],[-73.902,5.487],[-73.904,5.48],[-73.902,5.476],[-73.902,5.465],[-73.898,5.454],[-73.899,5.449],[-73.905,5.447],[-73.912,5.433],[-73.916,5.434],[-73.927,5.441],[-73.932,5.441],[-73.942,5.434],[-73.945,5.427],[-73.949,5.424],[-73.95,5.422],[-73.952,5.424],[-73.964,5.422],[-73.966,5.42],[-73.973,5.419],[-73.981,5.404],[-73.982,5.398],[-73.984,5.396],[-73.983,5.395],[-73.983,5.389],[-73.985,5.389],[-73.987,5.387],[-73.987,5.38],[-73.991,5.375],[-73.999,5.371],[-74.0,5.368],[-74.01,5.369],[-74.023,5.365],[-74.024,5.374],[-74.021,5.385],[-74.021,5.388],[-74.031,5.388],[-74.05,5.403],[-74.068,5.405],[-74.074,5.412],[-74.078,5.414],[-74.09,5.428],[-74.096,5.439],[-74.097,5.47],[-74.113,5.473],[-74.113,5.464],[-74.115,5.457],[-74.119,5.451],[-74.121,5.438],[-74.124,5.433],[-74.125,5.433],[-74.134,5.436],[-74.139,5.445],[-74.144,5.449],[-74.148,5.448],[-74.15,5.444],[-74.153,5.445],[-74.154,5.447],[-74.161,5.448],[-74.169,5.458],[-74.176,5.462],[-74.178,5.468],[-74.187,5.475],[-74.194,5.491],[-74.197,5.494],[-74.201,5.497],[-74.211,5.497],[-74.222,5.495],[-74.226,5.491],[-74.236,5.478],[-74.245,5.475],[-74.247,5.477],[-74.254,5.487],[-74.255,5.494],[-74.253,5.497],[-74.254,5.5],[-74.25,5.504],[-74.246,5.517],[-74.248,5.531],[-74.243,5.538],[-74.244,5.545],[-74.25,5.549],[-74.252,5.554],[-74.259,5.561],[-74.262,5.562],[-74.272,5.561],[-74.287,5.567],[-74.294,5.573],[-74.3,5.584],[-74.309,5.617],[-74.315,5.623],[-74.309,5.631],[-74.307,5.639],[-74.307,5.645],[-74.306,5.649],[-74.294,5.661],[-74.285,5.664],[-74.282,5.667],[-74.277,5.695],[-74.278,5.698],[-74.288,5.7],[-74.294,5.704],[-74.298,5.709],[-74.301,5.718],[-74.301,5.725],[-74.292,5.737],[-74.289,5.746],[-74.293,5.756],[-74.308,5.774],[-74.311,5.78],[-74.311,5.784],[-74.303,5.794],[-74.302,5.798],[-74.306,5.8],[-74.315,5.8],[-74.318,5.802],[-74.321,5.814],[-74.326,5.824],[-74.333,5.827],[-74.335,5.837],[-74.344,5.831],[-74.345,5.824],[-74.349,5.819],[-74.358,5.811],[-74.377,5.796],[-74.385,5.784],[-74.398,5.782],[-74.41,5.774],[-74.413,5.771],[-74.413,5.767],[-74.417,5.766],[-74.422,5.768],[-74.428,5.762],[-74.433,5.76],[-74.438,5.76],[-74.439,5.767],[-74.441,5.769],[-74.443,5.768],[-74.444,5.764],[-74.45,5.766],[-74.451,5.762],[-74.454,5.768],[-74.458,5.765],[-74.46,5.766],[-74.463,5.769],[-74.462,5.774],[-74.463,5.776],[-74.467,5.775],[-74.474,5.777],[-74.476,5.776],[-74.481,5.775],[-74.484,5.771],[-74.487,5.772],[-74.489,5.775],[-74.489,5.781],[-74.491,5.783],[-74.493,5.783],[-74.494,5.778],[-74.497,5.778],[-74.509,5.787],[-74.508,5.789],[-74.504,5.789],[-74.504,5.793],[-74.511,5.794],[-74.522,5.789],[-74.531,5.79],[-74.539,5.785],[-74.54,5.779],[-74.545,5.778],[-74.549,5.774],[-74.552,5.77],[-74.553,5.764],[-74.563,5.758],[-74.571,5.76],[-74.573,5.755],[-74.582,5.753],[-74.593,5.759],[-74.593,5.748],[-74.595,5.746],[-74.598,5.747],[-74.605,5.746],[-74.606,5.751],[-74.61,5.754],[-74.615,5.755],[-74.618,5.759],[-74.62,5.758],[-74.621,5.754],[-74.623,5.753],[-74.626,5.76],[-74.63,5.761],[-74.639,5.754],[-74.641,5.739],[-74.644,5.737],[-74.648,5.736],[-74.651,5.739],[-74.651,5.746],[-74.654,5.752],[-74.657,5.754],[-74.659,5.751]]]]}},{"type":"Feature","properties":{"name":"Casanare","iso":"CO-CAS"},"geometry":{"type":"MultiPolygon","coordinates":[[[[-71.078,4.925],[-71.081,4.925],[-71.083,4.923],[-71.082,4.913],[-71.086,4.91],[-71.09,4.911],[-71.092,4.908],[-71.095,4.908],[-71.103,4.9],[-71.104,4.897],[-71.105,4.889],[-71.107,4.886],[-71.112,4.885],[-71.119,4.887],[-71.128,4.885],[-71.141,4.869],[-71.156,4.856],[-71.167,4.844],[-71.178,4.838],[-71.196,4.825],[-71.214,4.816],[-71.238,4.815],[-71.263,4.806],[-71.281,4.806],[-71.29,4.804],[-71.304,4.796],[-71.312,4.786],[-71.319,4.775],[-71.326,4.771],[-71.346,4.769],[-71.352,4.767],[-71.356,4.756],[-71.359,4.755],[-71.377,4.751],[-71.385,4.756],[-71.39,4.757],[-71.396,4.752],[-71.405,4.742],[-71.425,4.725],[-71.433,4.722],[-71.437,4.718],[-71.464,4.712],[-71.474,4.708],[-71.485,4.707],[-71.493,4.702],[-71.508,4.698],[-71.514,4.694],[-71.517,4.686],[-71.524,4.682],[-71.533,4.681],[-71.537,4.684],[-71.541,4.684],[-71.555,4.679],[-71.565,4.679],[-71.576,4.676],[-71.579,4.673],[-71.593,4.655],[-71.597,4.646],[-71.603,4.641],[-71.607,4.639],[-71.616,4.64],[-71.635,4.623],[-71.645,4.616],[-71.653,4.613],[-71.668,4.61],[-71.683,4.601],[-71.719,4.586],[-71.733,4.576],[-71.745,4.575],[-71.767,4.581],[-71.776,4.58],[-71.79,4.586],[-71.801,4.586],[-71.808,4.583],[-71.82,4.571],[-71.828,4.566],[-71.832,4.558],[-71.835,4.543],[-71.845,4.535],[-71.848,4.527],[-71.851,4.523],[-71.867,4.515],[-71.89,4.498],[-71.894,4.494],[-71.897,4.479],[-71.901,4.474],[-71.905,4.467],[-71.919,4.453],[-71.932,4.447],[-71.933,4.443],[-71.938,4.436],[-71.957,4.42],[-71.956,4.414],[-71.958,4.411],[-71.965,4.408],[-71.975,4.393],[-71.986,4.387],[-72.01,4.385],[-72.028,4.386],[-72.035,4.384],[-72.051,4.376],[-72.055,4.376],[-72.063,4.381],[-72.066,4.385],[-72.07,4.396],[-72.069,4.403],[-72.07,4.407],[-72.079,4.415],[-72.088,4.42],[-72.108,4.426],[-72.115,4.43],[-72.123,4.431],[-72.141,4.44],[-72.159,4.442],[-72.163,4.439],[-72.17,4.438],[-72.181,4.434],[-72.199,4.429],[-72.203,4.432],[-72.209,4.433],[-72.218,4.433],[-72.237,4.435],[-72.248,4.433],[-72.253,4.422],[-72.257,4.418],[-72.275,4.413],[-72.289,4.415],[-72.298,4.4],[-72.306,4.392],[-72.31,4.383],[-72.317,4.374],[-72.323,4.369],[-72.33,4.368],[-72.334,4.372],[-72.341,4.372],[-72.345,4.367],[-72.346,4.359],[-72.353,4.344],[-72.36,4.34],[-72.375,4.339],[-72.385,4.336],[-72.388,4.333],[-72.399,4.322],[-72.405,4.319],[-72.413,4.32],[-72.417,4.322],[-72.418,4.325],[-72.415,4.344],[-72.419,4.349],[-72.429,4.355],[-72.433,4.354],[-72.435,4.353],[-72.452,4.329],[-72.471,4.317],[-72.474,4.318],[-72.477,4.321],[-72.486,4.331],[-72.508,4.336],[-72.522,4.344],[-72.53,4.344],[-72.541,4.341],[-72.561,4.343],[-72.573,4.336],[-72.574,4.332],[-72.573,4.329],[-72.564,4.324],[-72.562,4.32],[-72.562,4.314],[-72.565,4.306],[-72.57,4.304],[-72.577,4.305],[-72.584,4.311],[-72.593,4.313],[-72.598,4.309],[-72.608,4.31],[-72.619,4.302],[-72.629,4.301],[-72.65,4.308],[-72.665,4.317],[-72.675,4.317],[-72.685,4.314],[-72.687,4.311],[-72.686,4.304],[-72.689,4.292],[-72.692,4.288],[-72.697,4.286],[-72.702,4.288],[-72.709,4.296],[-72.718,4.297],[-72.733,4.307],[-72.738,4.309],[-72.742,4.309],[-72.743,4.313],[-72.741,4.314],[-72.74,4.322],[-72.745,4.328],[-72.751,4.33],[-72.764,4.331],[-72.769,4.334],[-72.768,4.338],[-72.766,4.342],[-72.763,4.344],[-72.762,4.346],[-72.766,4.35],[-72.771,4.35],[-72.772,4.348],[-72.774,4.347],[-72.778,4.351],[-72.777,4.355],[-72.77,4.354],[-72.768,4.356],[-72.767,4.361],[-72.769,4.365],[-72.773,4.37],[-72.781,4.371],[-72.783,4.374],[-72.799,4.375],[-72.801,4.378],[-72.801,4.381],[-72.798,4.384],[-72.79,4.388],[-72.785,4.389],[-72.783,4.394],[-72.785,4.4],[-72.789,4.401],[-72.792,4.399],[-72.803,4.388],[-72.807,4.387],[-72.809,4.389],[-72.809,4.393],[-72.805,4.398],[-72.805,4.403],[-72.815,4.411],[-72.816,4.415],[-72.81,4.426],[-72.811,4.431],[-72.819,4.436],[-72.829,4.43],[-72.844,4.431],[-72.843,4.442],[-72.845,4.445],[-72.861,4.453],[-72.871,4.455],[-72.875,4.462],[-72.89,4.473],[-72.896,4.479],[-72.899,4.489],[-72.906,4.496],[-72.91,4.504],[-72.915,4.512],[-72.926,4.518],[-72.932,4.534],[-72.945,4.549],[-72.949,4.556],[-72.962,4.574],[-72.965,4.584],[-72.971,4.597],[-72.982,4.61],[-72.998,4.62],[-73.003,4.625],[-73.007,4.632],[-73.017,4.641],[-73.028,4.656],[-73.037,4.665],[-73.041,4.682],[-73.044,4.688],[-73.05,4.692],[-73.051,4.697],[-73.054,4.701],[-73.049,4.731],[-73.051,4.737],[-73.047,4.745],[-73.046,4.758],[-73.057,4.783],[-73.061,4.789],[-73.069,4.793],[-73.072,4.796],[-73.073,4.802],[-73.071,4.812],[-73.074,4.818],[-73.071,4.822],[-73.069,4.832],[-73.07,4.835],[-73.067,4.839],[-73.068,4.845],[-73.058,4.85],[-73.053,4.857],[-73.051,4.86],[-73.051,4.872],[-73.044,4.873],[-73.043,4.876],[-73.042,4.879],[-73.043,4.883],[-73.041,4.888],[-73.048,4.902],[-73.048,4.924],[-73.045,4.934],[-73.041,4.938],[-73.039,4.953],[-73.036,4.962],[-73.033,4.964],[-73.032,4.968],[-73.029,4.969],[-73.03,4.983],[-73.023,4.988],[-73.021,4.994],[-73.018,4.997],[-73.018,5.0],[-73.02,5.002],[-73.016,5.003],[-73.011,5.0],[-73.011,4.997],[-73.004,4.997],[-73.0,4.989],[-72.987,4.986],[-72.972,4.976],[-72.968,4.989],[-72.958,4.998],[-72.954,5.007],[-72.948,5.015],[-72.94,5.022],[-72.925,5.031],[-72.924,5.034],[-72.928,5.044],[-72.926,5.049],[-72.903,5.069],[-72.905,5.079],[-72.905,5.097],[-72.909,5.104],[-72.916,5.102],[-72.924,5.096],[-72.927,5.097],[-72.93,5.102],[-72.935,5.108],[-72.937,5.116],[-72.949,5.124],[-72.958,5.131],[-72.964,5.134],[-72.973,5.149],[-72.969,5.154],[-72.962,5.156],[-72.96,5.16],[-72.962,5.163],[-72.958,5.164],[-72.954,5.174],[-72.95,5.175],[-72.948,5.18],[-72.95,5.184],[-72.949,5.19],[-72.946,5.192],[-72.946,5.196],[-72.94,5.2],[-72.939,5.202],[-72.932,5.208],[-72.932,5.213],[-72.93,5.219],[-72.922,5.224],[-72.916,5.238],[-72.909,5.25],[-72.906,5.267],[-72.897,5.283],[-72.882,5.334],[-72.876,5.35],[-72.878,5.359],[-72.868,5.354],[-72.863,5.349],[-72.859,5.348],[-72.853,5.348],[-72.848,5.352],[-72.846,5.357],[-72.838,5.365],[-72.813,5.377],[-72.816,5.383],[-72.815,5.386],[-72.803,5.395],[-72.797,5.395],[-72.785,5.383],[-72.784,5.377],[-72.775,5.357],[-72.762,5.337],[-72.755,5.331],[-72.723,5.313],[-72.719,5.301],[-72.72,5.29],[-72.717,5.285],[-72.714,5.281],[-72.706,5.277],[-72.702,5.277],[-72.7,5.274],[-72.699,5.278],[-72.687,5.282],[-72.679,5.291],[-72.668,5.293],[-72.664,5.301],[-72.655,5.304],[-72.65,5.312],[-72.649,5.32],[-72.645,5.328],[-72.637,5.331],[-72.636,5.341],[-72.623,5.346],[-72.618,5.35],[-72.608,5.351],[-72.595,5.355],[-72.591,5.358],[-72.589,5.358],[-72.584,5.351],[-72.58,5.353],[-72.576,5.359],[-72.568,5.375],[-72.57,5.377],[-72.576,5.376],[-72.583,5.382],[-72.571,5.392],[-72.569,5.39],[-72.566,5.39],[-72.564,5.394],[-72.544,5.407],[-72.541,5.412],[-72.535,5.418],[-72.528,5.427],[-72.518,5.435],[-72.507,5.439],[-72.5,5.448],[-72.494,5.462],[-72.491,5.472],[-72.49,5.481],[-72.476,5.493],[-72.471,5.496],[-72.46,5.508],[-72.445,5.519],[-72.441,5.526],[-72.44,5.532],[-72.437,5.533],[-72.434,5.54],[-72.425,5.548],[-72.425,5.555],[-72.423,5.557],[-72.421,5.563],[-72.417,5.567],[-72.409,5.571],[-72.397,5.57],[-72.381,5.553],[-72.374,5.536],[-72.368,5.527],[-72.358,5.517],[-72.344,5.507],[-72.333,5.53],[-72.326,5.535],[-72.312,5.553],[-72.31,5.553],[-72.306,5.564],[-72.299,5.574],[-72.298,5.579],[-72.3,5.593],[-72.299,5.6],[-72.296,5.601],[-72.285,5.601],[-72.281,5.606],[-72.278,5.614],[-72.28,5.623],[-72.279,5.63],[-72.271,5.639],[-72.261,5.655],[-72.264,5.669],[-72.272,5.671],[-72.283,5.675],[-72.294,5.682],[-72.299,5.688],[-72.295,5.69],[-72.286,5.701],[-72.285,5.708],[-72.28,5.715],[-72.279,5.728],[-72.273,5.731],[-72.269,5.735],[-72.268,5.741],[-72.26,5.755],[-72.258,5.762],[-72.259,5.779],[-72.255,5.786],[-72.256,5.793],[-72.258,5.795],[-72.264,5.796],[-72.269,5.799],[-72.276,5.797],[-72.279,5.8],[-72.289,5.799],[-72.3,5.799],[-72.3,5.795],[-72.303,5.791],[-72.307,5.792],[-72.31,5.797],[-72.316,5.795],[-72.329,5.796],[-72.333,5.802],[-72.338,5.804],[-72.344,5.804],[-72.353,5.812],[-72.358,5.812],[-72.363,5.81],[-72.373,5.812],[-72.383,5.818],[-72.391,5.818],[-72.393,5.824],[-72.386,5.828],[-72.375,5.826],[-72.372,5.828],[-72.366,5.827],[-72.366,5.834],[-72.363,5.839],[-72.361,5.851],[-72.359,5.853],[-72.351,5.853],[-72.349,5.857],[-72.346,5.859],[-72.343,5.865],[-72.342,5.871],[-72.335,5.881],[-72.326,5.884],[-72.324,5.887],[-72.334,5.89],[-72.329,5.896],[-72.327,5.903],[-72.328,5.918],[-72.324,5.932],[-72.328,5.939],[-72.338,5.948],[-72.339,5.951],[-72.337,5.954],[-72.339,5.958],[-72.343,5.964],[-72.342,5.978],[-72.34,5.983],[-72.342,5.989],[-72.34,5.998],[-72.344,6.002],[-72.349,6.013],[-72.355,6.021],[-72.363,6.027],[-72.366,6.033],[-72.366,6.037],[-72.365,6.043],[-72.354,6.043],[-72.351,6.045],[-72.343,6.053],[-72.332,6.059],[-72.321,6.068],[-72.32,6.075],[-72.318,6.079],[-72.318,6.081],[-72.321,6.085],[-72.321,6.089],[-72.335,6.084],[-72.339,6.077],[-72.342,6.076],[-72.354,6.074],[-72.359,6.075],[-72.364,6.077],[-72.369,6.081],[-72.375,6.092],[-72.372,6.098],[-72.365,6.102],[-72.374,6.111],[-72.388,6.117],[-72.392,6.129],[-72.388,6.136],[-72.382,6.137],[-72.377,6.142],[-72.375,6.149],[-72.374,6.151],[-72.385,6.157],[-72.393,6.163],[-72.392,6.182],[-72.392,6.186],[-72.394,6.188],[-72.408,6.187],[-72.418,6.183],[-72.419,6.185],[-72.416,6.19],[-72.409,6.195],[-72.406,6.202],[-72.402,6.208],[-72.398,6.22],[-72.397,6.237],[-72.39,6.25],[-72.39,6.254],[-72.387,6.262],[-72.387,6.264],[-72.39,6.265],[-72.395,6.263],[-72.399,6.266],[-72.401,6.269],[-72.4,6.273],[-72.397,6.272],[-72.39,6.283],[-72.379,6.293],[-72.375,6.305],[-72.364,6.307],[-72.368,6.292],[-72.367,6.274],[-72.362,6.261],[-72.35,6.246],[-72.344,6.225],[-72.34,6.222],[-72.328,6.219],[-72.322,6.211],[-72.317,6.207],[-72.306,6.204],[-72.296,6.204],[-72.292,6.203],[-72.286,6.198],[-72.282,6.192],[-72.28,6.186],[-72.279,6.179],[-72.284,6.161],[-72.279,6.157],[-72.277,6.137],[-72.274,6.135],[-72.275,6.133],[-72.26,6.121],[-72.252,6.119],[-72.25,6.116],[-72.247,6.117],[-72.241,6.113],[-72.234,6.112],[-72.224,6.104],[-72.215,6.104],[-72.199,6.099],[-72.191,6.094],[-72.188,6.091],[-72.181,6.087],[-72.179,6.083],[-72.172,6.081],[-72.171,6.08],[-72.157,6.072],[-72.151,6.071],[-72.144,6.067],[-72.137,6.067],[-72.125,6.068],[-72.119,6.074],[-72.111,6.075],[-72.106,6.08],[-72.104,6.086],[-72.096,6.091],[-72.075,6.114],[-72.07,6.115],[-72.054,6.123],[-72.048,6.124],[-72.035,6.121],[-72.015,6.127],[-72.012,6.13],[-72.004,6.133],[-72.001,6.138],[-71.993,6.14],[-71.985,6.148],[-71.983,6.148],[-71.961,6.164],[-71.955,6.172],[-71.948,6.17],[-71.945,6.17],[-71.943,6.169],[-71.94,6.17],[-71.937,6.168],[-71.932,6.169],[-71.917,6.166],[-71.914,6.165],[-71.915,6.163],[-71.91,6.158],[-71.902,6.157],[-71.889,6.159],[-71.882,6.158],[-71.874,6.16],[-71.87,6.159],[-71.867,6.162],[-71.859,6.163],[-71.848,6.172],[-71.843,6.174],[-71.838,6.181],[-71.827,6.186],[-71.82,6.191],[-71.811,6.187],[-71.808,6.187],[-71.804,6.191],[-71.798,6.188],[-71.791,6.188],[-71.783,6.193],[-71.779,6.192],[-71.773,6.193],[-71.77,6.192],[-71.761,6.192],[-71.756,6.193],[-71.749,6.189],[-71.743,6.192],[-71.737,6.191],[-71.727,6.196],[-71.723,6.194],[-71.717,6.195],[-71.713,6.193],[-71.707,6.195],[-71.704,6.193],[-71.702,6.194],[-71.693,6.19],[-71.679,6.191],[-71.672,6.188],[-71.662,6.196],[-71.657,6.197],[-71.648,6.204],[-71.645,6.207],[-71.645,6.212],[-71.647,6.214],[-71.642,6.218],[-71.641,6.221],[-71.637,6.222],[-71.638,6.226],[-71.636,6.228],[-71.631,6.224],[-71.62,6.227],[-71.612,6.225],[-71.608,6.22],[-71.612,6.212],[-71.611,6.209],[-71.609,6.207],[-71.598,6.211],[-71.591,6.211],[-71.586,6.208],[-71.584,6.2],[-71.575,6.191],[-71.571,6.189],[-71.568,6.191],[-71.567,6.194],[-71.575,6.206],[-71.573,6.21],[-71.571,6.212],[-71.565,6.211],[-71.562,6.208],[-71.559,6.198],[-71.556,6.196],[-71.551,6.196],[-71.548,6.2],[-71.552,6.208],[-71.551,6.212],[-71.548,6.213],[-71.541,6.211],[-71.534,6.211],[-71.534,6.217],[-71.538,6.224],[-71.537,6.225],[-71.533,6.225],[-71.531,6.224],[-71.531,6.219],[-71.53,6.216],[-71.523,6.21],[-71.512,6.205],[-71.509,6.196],[-71.502,6.2],[-71.502,6.21],[-71.495,6.217],[-71.492,6.214],[-71.491,6.204],[-71.485,6.202],[-71.479,6.205],[-71.475,6.21],[-71.471,6.213],[-71.464,6.211],[-71.46,6.211],[-71.458,6.215],[-71.459,6.22],[-71.457,6.224],[-71.453,6.224],[-71.447,6.215],[-71.441,6.215],[-71.439,6.216],[-71.438,6.224],[-71.441,6.232],[-71.45,6.243],[-71.449,6.247],[-71.444,6.246],[-71.434,6.239],[-71.426,6.227],[-71.419,6.225],[-71.416,6.227],[-71.418,6.238],[-71.416,6.243],[-71.405,6.242],[-71.395,6.237],[-71.392,6.238],[-71.386,6.243],[-71.383,6.243],[-71.38,6.24],[-71.381,6.228],[-71.378,6.225],[-71.375,6.227],[-71.376,6.233],[-71.373,6.236],[-71.37,6.235],[-71.365,6.229],[-71.355,6.231],[-71.349,6.229],[-71.347,6.23],[-71.344,6.234],[-71.344,6.241],[-71.343,6.243],[-71.333,6.244],[-71.331,6.246],[-71.331,6.249],[-71.333,6.254],[-71.332,6.257],[-71.317,6.253],[-71.312,6.255],[-71.303,6.269],[-71.294,6.274],[-71.276,6.273],[-71.274,6.271],[-71.274,6.267],[-71.277,6.262],[-71.274,6.26],[-71.271,6.261],[-71.271,6.274],[-71.269,6.278],[-71.269,6.283],[-71.26,6.283],[-71.257,6.281],[-71.254,6.274],[-71.249,6.269],[-71.24,6.268],[-71.235,6.264],[-71.232,6.264],[-71.232,6.265],[-71.234,6.271],[-71.233,6.279],[-71.23,6.283],[-71.22,6.283],[-71.219,6.286],[-71.221,6.29],[-71.225,6.293],[-71.226,6.295],[-71.222,6.299],[-71.218,6.298],[-71.213,6.296],[-71.205,6.286],[-71.194,6.283],[-71.188,6.277],[-71.185,6.277],[-71.183,6.281],[-71.181,6.282],[-71.172,6.275],[-71.161,6.273],[-71.158,6.269],[-71.157,6.263],[-71.145,6.266],[-71.132,6.261],[-71.129,6.261],[-71.126,6.263],[-71.127,6.271],[-71.122,6.275],[-71.118,6.273],[-71.116,6.265],[-71.114,6.264],[-71.107,6.267],[-71.096,6.278],[-71.092,6.279],[-71.089,6.277],[-71.082,6.268],[-71.075,6.264],[-71.072,6.265],[-71.07,6.264],[-71.064,6.256],[-71.06,6.255],[-71.051,6.257],[-71.043,6.256],[-71.04,6.254],[-71.036,6.255],[-71.034,6.257],[-71.037,6.265],[-71.034,6.266],[-71.021,6.254],[-71.012,6.254],[-70.996,6.241],[-70.996,6.237],[-70.995,6.235],[-70.985,6.229],[-70.978,6.231],[-70.976,6.234],[-70.972,6.236],[-70.963,6.235],[-70.956,6.236],[-70.952,6.235],[-70.944,6.227],[-70.935,6.226],[-70.93,6.231],[-70.922,6.234],[-70.916,6.235],[-70.906,6.231],[-70.897,6.236],[-70.894,6.234],[-70.889,6.227],[-70.885,6.227],[-70.88,6.232],[-70.876,6.231],[-70.87,6.222],[-70.867,6.221],[-70.864,6.224],[-70.864,6.236],[-70.861,6.239],[-70.848,6.237],[-70.841,6.24],[-70.831,6.239],[-70.83,6.24],[-70.828,6.247],[-70.824,6.252],[-70.816,6.253],[-70.81,6.247],[-70.806,6.25],[-70.804,6.254],[-70.801,6.255],[-70.783,6.248],[-70.78,6.243],[-70.774,6.245],[-70.771,6.243],[-70.77,6.241],[-70.772,6.233],[-70.769,6.228],[-70.765,6.228],[-70.758,6.232],[-70.753,6.231],[-70.746,6.225],[-70.744,6.224],[-70.733,6.226],[-70.732,6.225],[-70.73,6.217],[-70.725,6.216],[-70.721,6.219],[-70.719,6.224],[-70.714,6.224],[-70.703,6.22],[-70.689,6.226],[-70.683,6.223],[-70.68,6.219],[-70.673,6.22],[-70.663,6.228],[-70.655,6.229],[-70.638,6.235],[-70.633,6.233],[-70.632,6.229],[-70.63,6.227],[-70.627,6.229],[-70.624,6.234],[-70.616,6.233],[-70.611,6.239],[-70.607,6.24],[-70.603,6.236],[-70.6,6.236],[-70.598,6.24],[-70.596,6.242],[-70.588,6.238],[-70.585,6.238],[-70.579,6.249],[-70.576,6.248],[-70.574,6.241],[-70.571,6.239],[-70.568,6.239],[-70.56,6.246],[-70.556,6.245],[-70.555,6.24],[-70.553,6.237],[-70.55,6.237],[-70.545,6.245],[-70.538,6.244],[-70.533,6.239],[-70.532,6.232],[-70.529,6.229],[-70.515,6.235],[-70.511,6.24],[-70.5,6.248],[-70.489,6.25],[-70.482,6.249],[-70.477,6.257],[-70.477,6.262],[-70.473,6.266],[-70.469,6.265],[-70.465,6.263],[-70.462,6.262],[-70.455,6.266],[-70.45,6.272],[-70.444,6.274],[-70.439,6.273],[-70.43,6.278],[-70.428,6.282],[-70.432,6.287],[-70.431,6.291],[-70.42,6.29],[-70.413,6.293],[-70.406,6.29],[-70.39,6.292],[-70.381,6.301],[-70.373,6.298],[-70.369,6.302],[-70.366,6.302],[-70.352,6.294],[-70.343,6.294],[-70.337,6.292],[-70.33,6.294],[-70.329,6.291],[-70.324,6.289],[-70.319,6.284],[-70.32,6.279],[-70.31,6.279],[-70.309,6.281],[-70.311,6.286],[-70.31,6.289],[-70.299,6.278],[-70.295,6.28],[-70.293,6.284],[-70.29,6.285],[-70.271,6.273],[-70.266,6.275],[-70.262,6.283],[-70.254,6.286],[-70.245,6.287],[-70.237,6.286],[-70.234,6.292],[-70.226,6.288],[-70.224,6.292],[-70.222,6.293],[-70.212,6.288],[-70.202,6.287],[-70.198,6.294],[-70.195,6.295],[-70.184,6.282],[-70.175,6.279],[-70.171,6.28],[-70.168,6.283],[-70.165,6.291],[-70.165,6.296],[-70.16,6.298],[-70.152,6.296],[-70.15,6.292],[-70.151,6.289],[-70.154,6.288],[-70.155,6.287],[-70.154,6.276],[-70.15,6.269],[-70.148,6.267],[-70.143,6.267],[-70.141,6.269],[-70.138,6.269],[-70.127,6.267],[-70.123,6.264],[-70.117,6.245],[-70.117,6.237],[-70.116,6.235],[-70.112,6.232],[-70.109,6.232],[-70.098,6.235],[-70.095,6.235],[-70.088,6.229],[-70.076,6.215],[-70.06,6.209],[-70.059,6.207],[-70.061,6.193],[-70.061,6.187],[-70.057,6.184],[-70.048,6.185],[-70.043,6.187],[-70.035,6.186],[-70.035,6.182],[-70.038,6.177],[-70.045,6.174],[-70.054,6.174],[-70.06,6.17],[-70.061,6.165],[-70.058,6.16],[-70.044,6.154],[-70.038,6.154],[-70.035,6.154],[-70.03,6.16],[-70.027,6.161],[-70.023,6.158],[-70.009,6.152],[-70.003,6.147],[-69.999,6.147],[-69.994,6.149],[-69.993,6.151],[-69.994,6.163],[-69.991,6.167],[-69.988,6.167],[-69.982,6.163],[-69.98,6.157],[-69.985,6.149],[-69.986,6.139],[-69.982,6.138],[-69.976,6.132],[-69.972,6.132],[-69.961,6.135],[-69.959,6.138],[-69.96,6.143],[-69.958,6.144],[-69.949,6.144],[-69.943,6.136],[-69.934,6.118],[-69.923,6.11],[-69.913,6.107],[-69.906,6.1],[-69.9,6.086],[-69.907,6.077],[-69.907,6.072],[-69.905,6.07],[-69.897,6.066],[-69.892,6.052],[-69.888,6.05],[-69.872,6.045],[-69.861,6.039],[-69.852,6.041],[-69.846,6.044],[-69.834,6.043],[-69.826,6.044],[-69.839,6.035],[-69.843,6.03],[-69.846,6.023],[-69.847,6.003],[-69.862,5.975],[-69.878,5.965],[-69.892,5.951],[-69.913,5.916],[-69.918,5.915],[-69.93,5.902],[-69.935,5.887],[-69.946,5.871],[-69.959,5.862],[-69.965,5.855],[-69.97,5.844],[-69.967,5.832],[-69.968,5.827],[-69.987,5.798],[-69.995,5.791],[-70.013,5.779],[-70.018,5.768],[-70.022,5.764],[-70.022,5.757],[-70.025,5.755],[-70.03,5.757],[-70.035,5.751],[-70.044,5.747],[-70.046,5.729],[-70.051,5.715],[-70.057,5.71],[-70.06,5.704],[-70.066,5.698],[-70.073,5.689],[-70.089,5.674],[-70.1,5.658],[-70.116,5.648],[-70.124,5.635],[-70.13,5.621],[-70.157,5.609],[-70.166,5.607],[-70.174,5.604],[-70.186,5.599],[-70.194,5.592],[-70.216,5.59],[-70.226,5.586],[-70.242,5.571],[-70.257,5.568],[-70.272,5.567],[-70.287,5.561],[-70.293,5.561],[-70.315,5.568],[-70.331,5.577],[-70.349,5.589],[-70.356,5.592],[-70.366,5.584],[-70.373,5.572],[-70.378,5.568],[-70.383,5.563],[-70.396,5.56],[-70.41,5.55],[-70.424,5.533],[-70.441,5.53],[-70.461,5.518],[-70.476,5.512],[-70.491,5.499],[-70.507,5.491],[-70.513,5.479],[-70.516,5.475],[-70.529,5.473],[-70.552,5.455],[-70.557,5.452],[-70.564,5.452],[-70.567,5.449],[-70.571,5.436],[-70.577,5.428],[-70.592,5.427],[-70.606,5.421],[-70.611,5.412],[-70.618,5.403],[-70.625,5.4],[-70.636,5.401],[-70.646,5.39],[-70.652,5.387],[-70.666,5.387],[-70.677,5.388],[-70.686,5.385],[-70.689,5.382],[-70.691,5.374],[-70.69,5.371],[-70.68,5.36],[-70.681,5.35],[-70.684,5.339],[-70.678,5.332],[-70.676,5.325],[-70.677,5.32],[-70.691,5.289],[-70.716,5.268],[-70.724,5.258],[-70.745,5.245],[-70.77,5.22],[-70.798,5.204],[-70.82,5.188],[-70.824,5.176],[-70.826,5.174],[-70.839,5.165],[-70.845,5.158],[-70.856,5.154],[-70.868,5.152],[-70.896,5.147],[-70.915,5.137],[-70.924,5.137],[-70.938,5.132],[-70.94,5.13],[-70.954,5.11],[-70.96,5.093],[-70.969,5.084],[-70.973,5.076],[-70.973,5.073],[-70.97,5.07],[-70.972,5.067],[-70.97,5.063],[-70.971,5.06],[-70.979,5.056],[-70.979,5.052],[-70.985,5.047],[-70.983,5.04],[-70.999,4.998],[-71.002,4.98],[-71.007,4.97],[-71.016,4.96],[-71.032,4.946],[-71.043,4.938],[-71.055,4.933],[-71.059,4.929],[-71.061,4.922],[-71.064,4.919],[-71.068,4.918],[-71.078,4.925]]]]}},{"type":"Feature","properties":{"name":"Cauca","iso":"CO-CAU"},"geometry":{"type":"MultiPolygon","coordinates":[[[[-76.057,3.224],[-76.053,3.216],[-76.061,3.203],[-76.07,3.197],[-76.076,3.201],[-76.085,3.204],[-76.09,3.201],[-76.091,3.198],[-76.09,3.191],[-76.092,3.186],[-76.092,3.178],[-76.09,3.175],[-76.083,3.173],[-76.08,3.166],[-76.08,3.162],[-76.085,3.157],[-76.086,3.154],[-76.079,3.15],[-76.073,3.14],[-76.076,3.132],[-76.073,3.123],[-76.076,3.119],[-76.084,3.115],[-76.089,3.115],[-76.093,3.112],[-76.105,3.109],[-76.108,3.107],[-76.109,3.104],[-76.104,3.096],[-76.098,3.098],[-76.092,3.097],[-76.082,3.09],[-76.081,3.087],[-76.074,3.078],[-76.072,3.069],[-76.07,3.066],[-76.072,3.057],[-76.074,3.053],[-76.074,3.05],[-76.068,3.047],[-76.062,3.046],[-76.058,3.044],[-76.046,3.043],[-76.045,3.034],[-76.039,3.025],[-76.042,3.016],[-76.035,3.013],[-76.032,3.008],[-76.024,3.005],[-76.022,3.003],[-76.02,2.994],[-76.029,2.984],[-76.033,2.962],[-76.032,2.953],[-76.034,2.945],[-76.031,2.941],[-76.029,2.941],[-76.02,2.925],[-76.01,2.918],[-76.008,2.915],[-76.002,2.914],[-75.997,2.905],[-75.978,2.888],[-75.963,2.874],[-75.957,2.873],[-75.949,2.866],[-75.946,2.86],[-75.943,2.86],[-75.937,2.852],[-75.913,2.834],[-75.857,2.786],[-75.846,2.784],[-75.831,2.784],[-75.818,2.778],[-75.811,2.768],[-75.803,2.767],[-75.794,2.762],[-75.778,2.759],[-75.772,2.755],[-75.76,2.75],[-75.753,2.743],[-75.753,2.732],[-75.748,2.719],[-75.751,2.717],[-75.754,2.712],[-75.755,2.701],[-75.757,2.693],[-75.757,2.683],[-75.761,2.68],[-75.772,2.676],[-75.775,2.671],[-75.774,2.669],[-75.78,2.66],[-75.787,2.657],[-75.789,2.654],[-75.791,2.632],[-75.8,2.622],[-75.811,2.6],[-75.815,2.596],[-75.823,2.592],[-75.827,2.575],[-75.83,2.572],[-75.837,2.568],[-75.838,2.565],[-75.839,2.558],[-75.834,2.55],[-75.837,2.539],[-75.827,2.531],[-75.824,2.524],[-75.82,2.52],[-75.819,2.512],[-75.821,2.507],[-75.822,2.495],[-75.814,2.484],[-75.82,2.484],[-75.831,2.474],[-75.839,2.468],[-75.84,2.461],[-75.845,2.459],[-75.848,2.455],[-75.853,2.455],[-75.855,2.446],[-75.859,2.442],[-75.858,2.439],[-75.856,2.437],[-75.856,2.435],[-75.861,2.429],[-75.864,2.427],[-75.872,2.427],[-75.876,2.43],[-75.886,2.428],[-75.899,2.44],[-75.91,2.446],[-75.912,2.453],[-75.918,2.458],[-75.917,2.472],[-75.921,2.475],[-75.924,2.479],[-75.932,2.48],[-75.939,2.488],[-75.948,2.486],[-75.952,2.487],[-75.958,2.491],[-75.962,2.499],[-75.978,2.503],[-75.986,2.493],[-75.989,2.481],[-75.995,2.477],[-76.0,2.467],[-76.02,2.447],[-76.023,2.426],[-76.027,2.417],[-76.031,2.41],[-76.034,2.409],[-76.036,2.407],[-76.038,2.401],[-76.041,2.401],[-76.049,2.406],[-76.055,2.406],[-76.077,2.415],[-76.084,2.416],[-76.091,2.416],[-76.095,2.41],[-76.097,2.41],[-76.099,2.408],[-76.103,2.407],[-76.107,2.398],[-76.115,2.392],[-76.121,2.382],[-76.126,2.38],[-76.147,2.293],[-76.121,2.224],[-76.134,2.222],[-76.144,2.204],[-76.153,2.199],[-76.186,2.197],[-76.195,2.195],[-76.209,2.199],[-76.214,2.205],[-76.22,2.208],[-76.222,2.211],[-76.225,2.218],[-76.224,2.222],[-76.228,2.221],[-76.243,2.232],[-76.251,2.248],[-76.269,2.263],[-76.275,2.269],[-76.276,2.275],[-76.279,2.276],[-76.289,2.274],[-76.295,2.278],[-76.299,2.282],[-76.303,2.284],[-76.308,2.281],[-76.323,2.281],[-76.333,2.278],[-76.344,2.272],[-76.361,2.271],[-76.364,2.278],[-76.368,2.277],[-76.374,2.279],[-76.381,2.271],[-76.385,2.264],[-76.389,2.254],[-76.39,2.242],[-76.396,2.228],[-76.403,2.205],[-76.407,2.198],[-76.411,2.195],[-76.433,2.19],[-76.435,2.188],[-76.436,2.182],[-76.434,2.178],[-76.434,2.175],[-76.433,2.17],[-76.437,2.16],[-76.436,2.154],[-76.433,2.149],[-76.427,2.133],[-76.427,2.127],[-76.43,2.122],[-76.432,2.12],[-76.451,2.115],[-76.462,2.103],[-76.467,2.101],[-76.472,2.103],[-76.484,2.123],[-76.489,2.127],[-76.493,2.127],[-76.497,2.124],[-76.501,2.124],[-76.508,2.133],[-76.513,2.135],[-76.528,2.131],[-76.552,2.138],[-76.556,2.137],[-76.572,2.12],[-76.585,2.11],[-76.59,2.099],[-76.589,2.089],[-76.576,2.066],[-76.577,2.056],[-76.58,2.051],[-76.586,2.049],[-76.587,2.043],[-76.586,2.037],[-76.575,2.03],[-76.573,2.022],[-76.576,2.013],[-76.58,2.003],[-76.586,2.001],[-76.593,2.0],[-76.602,1.995],[-76.612,1.993],[-76.62,1.979],[-76.624,1.974],[-76.623,1.965],[-76.62,1.956],[-76.612,1.946],[-76.619,1.931],[-76.619,1.926],[-76.616,1.924],[-76.606,1.924],[-76.587,1.908],[-76.584,1.89],[-76.588,1.88],[-76.586,1.872],[-76.579,1.865],[-76.575,1.864],[-76.57,1.859],[-76.558,1.842],[-76.548,1.837],[-76.536,1.834],[-76.511,1.834],[-76.481,1.824],[-76.474,1.82],[-76.471,1.82],[-76.464,1.812],[-76.454,1.806],[-76.452,1.806],[-76.433,1.792],[-76.426,1.781],[-76.422,1.769],[-76.421,1.755],[-76.425,1.744],[-76.424,1.723],[-76.419,1.722],[-76.41,1.725],[-76.38,1.749],[-76.374,1.749],[-76.37,1.743],[-76.369,1.731],[-76.381,1.702],[-76.385,1.675],[-76.385,1.67],[-76.384,1.665],[-76.378,1.662],[-76.337,1.663],[-76.326,1.666],[-76.304,1.685],[-76.299,1.686],[-76.291,1.687],[-76.281,1.683],[-76.278,1.67],[-76.273,1.664],[-76.269,1.662],[-76.267,1.658],[-76.253,1.657],[-76.226,1.668],[-76.217,1.665],[-76.214,1.663],[-76.212,1.656],[-76.212,1.645],[-76.214,1.622],[-76.21,1.614],[-76.21,1.612],[-76.212,1.611],[-76.208,1.6],[-76.198,1.583],[-76.199,1.58],[-76.192,1.574],[-76.187,1.573],[-76.184,1.574],[-76.172,1.586],[-76.168,1.587],[-76.164,1.585],[-76.158,1.578],[-76.153,1.564],[-76.154,1.556],[-76.149,1.545],[-76.151,1.536],[-76.159,1.527],[-76.161,1.521],[-76.165,1.516],[-76.165,1.511],[-76.172,1.508],[-76.183,1.49],[-76.183,1.479],[-76.186,1.462],[-76.185,1.46],[-76.179,1.459],[-76.177,1.451],[-76.18,1.446],[-76.185,1.443],[-76.184,1.44],[-76.192,1.424],[-76.197,1.421],[-76.201,1.423],[-76.201,1.417],[-76.197,1.409],[-76.2,1.401],[-76.201,1.384],[-76.199,1.375],[-76.202,1.369],[-76.203,1.359],[-76.21,1.348],[-76.222,1.34],[-76.221,1.337],[-76.216,1.33],[-76.215,1.322],[-76.224,1.321],[-76.232,1.309],[-76.245,1.301],[-76.245,1.293],[-76.25,1.29],[-76.25,1.286],[-76.253,1.282],[-76.254,1.277],[-76.261,1.275],[-76.269,1.267],[-76.277,1.264],[-76.287,1.25],[-76.292,1.246],[-76.295,1.241],[-76.301,1.24],[-76.302,1.238],[-76.303,1.231],[-76.306,1.229],[-76.302,1.226],[-76.295,1.218],[-76.29,1.208],[-76.291,1.202],[-76.3,1.193],[-76.3,1.19],[-76.297,1.184],[-76.302,1.176],[-76.295,1.178],[-76.291,1.176],[-76.287,1.168],[-76.287,1.161],[-76.284,1.152],[-76.285,1.146],[-76.281,1.139],[-76.277,1.135],[-76.259,1.124],[-76.249,1.12],[-76.234,1.123],[-76.23,1.119],[-76.216,1.11],[-76.212,1.111],[-76.208,1.116],[-76.206,1.117],[-76.193,1.109],[-76.184,1.106],[-76.165,1.107],[-76.157,1.111],[-76.153,1.11],[-76.152,1.108],[-76.153,1.105],[-76.148,1.104],[-76.148,1.1],[-76.146,1.1],[-76.145,1.103],[-76.144,1.104],[-76.143,1.102],[-76.143,1.099],[-76.139,1.098],[-76.138,1.1],[-76.13,1.101],[-76.128,1.102],[-76.123,1.1],[-76.124,1.087],[-76.117,1.084],[-76.113,1.085],[-76.102,1.078],[-76.102,1.071],[-76.1,1.068],[-76.092,1.071],[-76.088,1.067],[-76.08,1.064],[-76.081,1.061],[-76.084,1.06],[-76.084,1.057],[-76.088,1.058],[-76.091,1.057],[-76.094,1.053],[-76.092,1.049],[-76.081,1.045],[-76.075,1.033],[-76.075,1.027],[-76.08,1.021],[-76.092,1.019],[-76.097,1.02],[-76.103,1.025],[-76.105,1.024],[-76.112,1.013],[-76.116,1.01],[-76.125,1.007],[-76.133,1.009],[-76.145,1.018],[-76.146,1.022],[-76.15,1.02],[-76.153,1.019],[-76.167,1.03],[-76.173,1.03],[-76.184,1.025],[-76.185,1.022],[-76.182,1.016],[-76.183,1.013],[-76.192,1.01],[-76.201,1.018],[-76.204,1.017],[-76.209,1.006],[-76.208,1.002],[-76.206,1.001],[-76.203,1.001],[-76.198,1.006],[-76.195,1.006],[-76.19,1.003],[-76.188,0.999],[-76.189,0.996],[-76.191,0.993],[-76.197,0.99],[-76.203,0.981],[-76.206,0.98],[-76.227,0.98],[-76.233,0.982],[-76.236,0.982],[-76.239,0.978],[-76.234,0.97],[-76.234,0.966],[-76.236,0.965],[-76.241,0.965],[-76.246,0.969],[-76.249,0.977],[-76.249,0.981],[-76.252,0.981],[-76.259,0.973],[-76.269,0.971],[-76.272,0.98],[-76.277,0.982],[-76.282,0.979],[-76.284,0.971],[-76.297,0.963],[-76.301,0.963],[-76.311,0.966],[-76.317,0.965],[-76.33,0.959],[-76.332,0.962],[-76.329,0.969],[-76.335,0.974],[-76.335,0.981],[-76.342,0.979],[-76.346,0.975],[-76.349,0.976],[-76.349,0.978],[-76.348,0.979],[-76.349,0.98],[-76.371,0.984],[-76.386,0.975],[-76.397,0.98],[-76.403,0.979],[-76.406,0.972],[-76.409,0.968],[-76.411,0.962],[-76.413,0.961],[-76.416,0.963],[-76.419,0.963],[-76.424,0.96],[-76.426,0.96],[-76.437,0.968],[-76.445,0.969],[-76.446,0.978],[-76.445,0.981],[-76.451,0.984],[-76.454,0.989],[-76.459,0.991],[-76.467,0.999],[-76.48,1.002],[-76.485,1.008],[-76.487,1.016],[-76.492,1.023],[-76.493,1.028],[-76.502,1.032],[-76.506,1.03],[-76.516,1.031],[-76.523,1.03],[-76.529,1.034],[-76.537,1.033],[-76.546,1.038],[-76.548,1.049],[-76.555,1.06],[-76.556,1.069],[-76.562,1.075],[-76.562,1.082],[-76.566,1.085],[-76.567,1.087],[-76.563,1.095],[-76.566,1.101],[-76.566,1.104],[-76.555,1.114],[-76.55,1.124],[-76.548,1.134],[-76.55,1.142],[-76.548,1.152],[-76.544,1.159],[-76.545,1.165],[-76.543,1.172],[-76.545,1.178],[-76.542,1.184],[-76.543,1.195],[-76.538,1.206],[-76.538,1.21],[-76.544,1.223],[-76.548,1.225],[-76.57,1.245],[-76.571,1.263],[-76.575,1.27],[-76.581,1.276],[-76.583,1.281],[-76.584,1.29],[-76.587,1.299],[-76.584,1.305],[-76.574,1.319],[-76.576,1.328],[-76.584,1.338],[-76.585,1.342],[-76.583,1.346],[-76.578,1.352],[-76.577,1.361],[-76.578,1.376],[-76.574,1.384],[-76.574,1.388],[-76.576,1.39],[-76.591,1.39],[-76.592,1.391],[-76.591,1.396],[-76.601,1.406],[-76.602,1.412],[-76.603,1.415],[-76.612,1.422],[-76.625,1.424],[-76.628,1.429],[-76.635,1.433],[-76.636,1.442],[-76.644,1.45],[-76.647,1.455],[-76.653,1.459],[-76.66,1.459],[-76.667,1.467],[-76.676,1.467],[-76.686,1.455],[-76.702,1.443],[-76.716,1.44],[-76.725,1.433],[-76.731,1.431],[-76.741,1.43],[-76.75,1.421],[-76.765,1.418],[-76.771,1.413],[-76.781,1.411],[-76.789,1.412],[-76.794,1.41],[-76.799,1.409],[-76.807,1.401],[-76.817,1.4],[-76.828,1.392],[-76.854,1.384],[-76.858,1.381],[-76.86,1.376],[-76.868,1.375],[-76.872,1.371],[-76.876,1.371],[-76.881,1.373],[-76.887,1.372],[-76.895,1.361],[-76.914,1.342],[-76.921,1.346],[-76.92,1.35],[-76.925,1.356],[-76.927,1.366],[-76.926,1.374],[-76.93,1.38],[-76.932,1.386],[-76.932,1.399],[-76.928,1.402],[-76.924,1.41],[-76.918,1.43],[-76.924,1.441],[-76.922,1.452],[-76.926,1.466],[-76.925,1.473],[-76.929,1.483],[-76.927,1.494],[-76.93,1.5],[-76.917,1.499],[-76.913,1.501],[-76.907,1.51],[-76.896,1.516],[-76.888,1.523],[-76.883,1.523],[-76.873,1.52],[-76.865,1.521],[-76.861,1.521],[-76.858,1.523],[-76.857,1.527],[-76.851,1.534],[-76.853,1.541],[-76.857,1.543],[-76.857,1.564],[-76.841,1.585],[-76.84,1.598],[-76.834,1.607],[-76.835,1.615],[-76.841,1.62],[-76.844,1.627],[-76.851,1.631],[-76.854,1.637],[-76.857,1.638],[-76.862,1.637],[-76.87,1.64],[-76.889,1.656],[-76.894,1.663],[-76.902,1.663],[-76.911,1.68],[-76.912,1.689],[-76.916,1.696],[-76.917,1.702],[-76.925,1.708],[-76.926,1.719],[-76.936,1.729],[-76.946,1.727],[-76.954,1.722],[-76.961,1.722],[-76.966,1.714],[-76.968,1.713],[-76.988,1.714],[-76.993,1.713],[-76.997,1.709],[-77.0,1.708],[-77.004,1.709],[-77.016,1.715],[-77.023,1.714],[-77.037,1.707],[-77.044,1.701],[-77.051,1.701],[-77.057,1.698],[-77.061,1.688],[-77.069,1.677],[-77.07,1.673],[-77.073,1.669],[-77.088,1.665],[-77.092,1.661],[-77.123,1.661],[-77.125,1.659],[-77.133,1.658],[-77.137,1.655],[-77.139,1.656],[-77.144,1.667],[-77.142,1.676],[-77.149,1.68],[-77.149,1.681],[-77.148,1.683],[-77.151,1.686],[-77.151,1.684],[-77.157,1.682],[-77.157,1.68],[-77.16,1.679],[-77.162,1.675],[-77.171,1.676],[-77.171,1.677],[-77.173,1.675],[-77.178,1.674],[-77.184,1.675],[-77.186,1.678],[-77.192,1.677],[-77.201,1.671],[-77.204,1.672],[-77.209,1.67],[-77.211,1.672],[-77.213,1.668],[-77.216,1.667],[-77.219,1.67],[-77.22,1.668],[-77.222,1.668],[-77.223,1.665],[-77.227,1.663],[-77.226,1.661],[-77.228,1.66],[-77.232,1.661],[-77.234,1.658],[-77.236,1.66],[-77.238,1.659],[-77.238,1.657],[-77.242,1.66],[-77.244,1.657],[-77.246,1.658],[-77.249,1.665],[-77.252,1.665],[-77.253,1.668],[-77.255,1.666],[-77.257,1.671],[-77.263,1.67],[-77.264,1.667],[-77.267,1.668],[-77.27,1.665],[-77.27,1.663],[-77.274,1.664],[-77.275,1.662],[-77.28,1.664],[-77.28,1.67],[-77.281,1.669],[-77.282,1.671],[-77.282,1.674],[-77.286,1.672],[-77.286,1.669],[-77.293,1.67],[-77.296,1.674],[-77.297,1.672],[-77.295,1.67],[-77.298,1.67],[-77.299,1.673],[-77.301,1.672],[-77.302,1.674],[-77.308,1.675],[-77.313,1.678],[-77.314,1.677],[-77.322,1.679],[-77.331,1.682],[-77.326,1.692],[-77.325,1.697],[-77.321,1.7],[-77.316,1.714],[-77.311,1.723],[-77.312,1.724],[-77.309,1.725],[-77.304,1.74],[-77.3,1.744],[-77.298,1.753],[-77.3,1.754],[-77.299,1.758],[-77.294,1.766],[-77.296,1.771],[-77.304,1.786],[-77.308,1.786],[-77.303,1.797],[-77.304,1.799],[-77.308,1.8],[-77.309,1.804],[-77.305,1.804],[-77.301,1.815],[-77.295,1.818],[-77.294,1.831],[-77.287,1.845],[-77.286,1.846],[-77.289,1.848],[-77.288,1.849],[-77.284,1.85],[-77.281,1.849],[-77.279,1.85],[-77.281,1.854],[-77.28,1.86],[-77.279,1.861],[-77.256,1.869],[-77.252,1.873],[-77.252,1.877],[-77.247,1.88],[-77.246,1.883],[-77.243,1.887],[-77.244,1.897],[-77.243,1.901],[-77.246,1.907],[-77.245,1.911],[-77.24,1.915],[-77.231,1.915],[-77.229,1.92],[-77.226,1.921],[-77.222,1.921],[-77.219,1.918],[-77.217,1.919],[-77.218,1.935],[-77.208,1.941],[-77.203,1.951],[-77.207,1.958],[-77.21,1.972],[-77.221,1.988],[-77.227,1.991],[-77.247,1.993],[-77.26,1.995],[-77.266,2.0],[-77.268,2.005],[-77.274,2.007],[-77.281,2.021],[-77.303,2.028],[-77.308,2.038],[-77.331,2.05],[-77.335,2.054],[-77.335,2.059],[-77.333,2.061],[-77.327,2.066],[-77.32,2.072],[-77.319,2.082],[-77.316,2.088],[-77.316,2.093],[-77.311,2.098],[-77.308,2.107],[-77.308,2.125],[-77.312,2.129],[-77.309,2.137],[-77.311,2.142],[-77.308,2.146],[-77.305,2.146],[-77.308,2.155],[-77.314,2.165],[-77.318,2.182],[-77.315,2.186],[-77.313,2.193],[-77.309,2.194],[-77.308,2.196],[-77.311,2.201],[-77.317,2.2],[-77.319,2.211],[-77.323,2.218],[-77.323,2.222],[-77.327,2.224],[-77.33,2.23],[-77.34,2.237],[-77.343,2.242],[-77.348,2.247],[-77.352,2.257],[-77.359,2.262],[-77.375,2.264],[-77.381,2.257],[-77.386,2.256],[-77.402,2.264],[-77.409,2.271],[-77.418,2.273],[-77.425,2.279],[-77.432,2.282],[-77.439,2.283],[-77.444,2.285],[-77.459,2.286],[-77.468,2.275],[-77.477,2.275],[-77.479,2.274],[-77.48,2.266],[-77.479,2.264],[-77.475,2.264],[-77.474,2.262],[-77.472,2.256],[-77.473,2.251],[-77.472,2.241],[-77.479,2.236],[-77.479,2.23],[-77.488,2.216],[-77.485,2.211],[-77.485,2.202],[-77.488,2.195],[-77.501,2.193],[-77.507,2.197],[-77.521,2.2],[-77.53,2.196],[-77.539,2.197],[-77.543,2.196],[-77.556,2.203],[-77.56,2.198],[-77.565,2.195],[-77.569,2.187],[-77.574,2.181],[-77.581,2.179],[-77.587,2.175],[-77.593,2.174],[-77.604,2.165],[-77.646,2.169],[-77.651,2.167],[-77.665,2.158],[-77.679,2.158],[-77.686,2.155],[-77.698,2.154],[-77.705,2.149],[-77.722,2.141],[-77.731,2.135],[-77.739,2.134],[-77.744,2.135],[-77.751,2.141],[-77.781,2.148],[-77.786,2.156],[-77.798,2.164],[-77.801,2.17],[-77.807,2.174],[-77.821,2.178],[-77.831,2.176],[-77.839,2.178],[-77.849,2.191],[-77.853,2.205],[-77.853,2.215],[-77.847,2.232],[-77.851,2.242],[-77.848,2.261],[-77.849,2.263],[-77.861,2.268],[-77.863,2.271],[-77.866,2.277],[-77.866,2.284],[-77.873,2.294],[-77.874,2.301],[-77.878,2.304],[-77.879,2.313],[-77.883,2.319],[-77.883,2.325],[-77.881,2.329],[-77.88,2.335],[-77.884,2.348],[-77.883,2.353],[-77.89,2.359],[-77.894,2.366],[-77.895,2.375],[-77.899,2.383],[-77.9,2.394],[-77.915,2.406],[-77.919,2.417],[-77.918,2.431],[-77.919,2.438],[-77.917,2.455],[-77.923,2.469],[-77.925,2.482],[-77.926,2.51],[-77.924,2.518],[-77.918,2.526],[-77.915,2.544],[-77.916,2.594],[-77.917,2.607],[-77.924,2.621],[-77.928,2.64],[-77.916,2.641],[-77.911,2.623],[-77.901,2.61],[-77.893,2.609],[-77.886,2.612],[-77.881,2.62],[-77.881,2.626],[-77.885,2.626],[-77.891,2.615],[-77.894,2.614],[-77.898,2.618],[-77.901,2.622],[-77.906,2.636],[-77.907,2.65],[-77.909,2.656],[-77.908,2.66],[-77.904,2.662],[-77.909,2.663],[-77.914,2.663],[-77.907,2.681],[-77.898,2.686],[-77.89,2.684],[-77.888,2.674],[-77.879,2.669],[-77.877,2.673],[-77.882,2.675],[-77.885,2.682],[-77.882,2.69],[-77.877,2.693],[-77.862,2.698],[-77.858,2.698],[-77.853,2.693],[-77.851,2.685],[-77.849,2.686],[-77.849,2.689],[-77.847,2.692],[-77.846,2.702],[-77.842,2.704],[-77.834,2.703],[-77.831,2.701],[-77.83,2.699],[-77.823,2.697],[-77.817,2.692],[-77.81,2.691],[-77.808,2.689],[-77.81,2.678],[-77.808,2.676],[-77.803,2.675],[-77.802,2.674],[-77.798,2.658],[-77.793,2.647],[-77.793,2.644],[-77.795,2.642],[-77.803,2.642],[-77.805,2.641],[-77.805,2.639],[-77.795,2.638],[-77.78,2.648],[-77.776,2.649],[-77.772,2.652],[-77.771,2.654],[-77.773,2.655],[-77.785,2.649],[-77.787,2.65],[-77.789,2.652],[-77.79,2.662],[-77.787,2.673],[-77.79,2.683],[-77.785,2.686],[-77.78,2.685],[-77.777,2.687],[-77.779,2.69],[-77.784,2.689],[-77.792,2.693],[-77.791,2.698],[-77.795,2.699],[-77.797,2.701],[-77.798,2.708],[-77.796,2.716],[-77.794,2.722],[-77.789,2.727],[-77.793,2.729],[-77.798,2.726],[-77.8,2.727],[-77.797,2.752],[-77.789,2.76],[-77.786,2.76],[-77.784,2.754],[-77.781,2.754],[-77.782,2.758],[-77.779,2.758],[-77.773,2.764],[-77.77,2.765],[-77.765,2.765],[-77.758,2.762],[-77.752,2.765],[-77.748,2.773],[-77.742,2.776],[-77.735,2.771],[-77.729,2.782],[-77.739,2.789],[-77.743,2.789],[-77.755,2.793],[-77.759,2.792],[-77.761,2.793],[-77.759,2.791],[-77.763,2.791],[-77.764,2.795],[-77.76,2.802],[-77.737,2.823],[-77.732,2.825],[-77.725,2.824],[-77.722,2.819],[-77.72,2.821],[-77.72,2.825],[-77.719,2.829],[-77.716,2.835],[-77.713,2.836],[-77.709,2.843],[-77.706,2.855],[-77.705,2.863],[-77.693,2.862],[-77.687,2.858],[-77.683,2.854],[-77.679,2.851],[-77.674,2.851],[-77.666,2.854],[-77.666,2.859],[-77.668,2.863],[-77.671,2.86],[-77.677,2.858],[-77.681,2.866],[-77.684,2.867],[-77.694,2.886],[-77.699,2.889],[-77.699,2.897],[-77.697,2.901],[-77.693,2.903],[-77.689,2.903],[-77.691,2.907],[-77.691,2.913],[-77.689,2.92],[-77.681,2.935],[-77.677,2.936],[-77.668,2.936],[-77.66,2.932],[-77.655,2.941],[-77.657,2.951],[-77.664,2.959],[-77.667,2.96],[-77.673,2.964],[-77.667,2.974],[-77.661,2.978],[-77.664,2.984],[-77.666,2.983],[-77.673,2.986],[-77.676,2.985],[-77.681,2.986],[-77.679,2.993],[-77.68,2.994],[-77.689,2.985],[-77.7,2.97],[-77.702,2.968],[-77.703,2.968],[-77.702,2.974],[-77.693,2.993],[-77.689,2.996],[-77.691,2.999],[-77.689,3.003],[-77.675,3.028],[-77.667,3.046],[-77.664,3.049],[-77.656,3.044],[-77.654,3.046],[-77.657,3.053],[-77.654,3.061],[-77.63,3.076],[-77.627,3.076],[-77.624,3.078],[-77.623,3.082],[-77.577,3.14],[-77.562,3.164],[-77.553,3.184],[-77.549,3.204],[-77.546,3.208],[-77.54,3.21],[-77.54,3.218],[-77.498,3.222],[-77.496,3.221],[-77.48,3.208],[-77.476,3.209],[-77.467,3.216],[-77.467,3.22],[-77.469,3.222],[-77.469,3.225],[-77.462,3.225],[-77.463,3.229],[-77.47,3.232],[-77.471,3.236],[-77.468,3.238],[-77.463,3.238],[-77.454,3.233],[-77.454,3.237],[-77.451,3.243],[-77.447,3.244],[-77.444,3.247],[-77.438,3.247],[-77.436,3.251],[-77.429,3.253],[-77.415,3.242],[-77.416,3.235],[-77.413,3.23],[-77.407,3.225],[-77.406,3.218],[-77.403,3.212],[-77.393,3.214],[-77.391,3.213],[-77.38,3.202],[-77.38,3.198],[-77.384,3.194],[-77.381,3.182],[-77.383,3.178],[-77.379,3.174],[-77.371,3.171],[-77.364,3.164],[-77.367,3.15],[-77.363,3.145],[-77.355,3.145],[-77.347,3.14],[-77.345,3.14],[-77.341,3.148],[-77.333,3.152],[-77.331,3.154],[-77.33,3.164],[-77.325,3.161],[-77.321,3.162],[-77.32,3.165],[-77.321,3.171],[-77.32,3.174],[-77.316,3.174],[-77.306,3.169],[-77.301,3.163],[-77.29,3.157],[-77.285,3.156],[-77.282,3.159],[-77.279,3.159],[-77.277,3.152],[-77.278,3.148],[-77.287,3.148],[-77.29,3.143],[-77.288,3.138],[-77.284,3.137],[-77.278,3.139],[-77.279,3.132],[-77.277,3.13],[-77.274,3.133],[-77.273,3.138],[-77.27,3.14],[-77.268,3.133],[-77.263,3.135],[-77.261,3.134],[-77.258,3.128],[-77.254,3.122],[-77.253,3.115],[-77.251,3.115],[-77.249,3.117],[-77.248,3.125],[-77.245,3.126],[-77.243,3.123],[-77.245,3.116],[-77.234,3.107],[-77.232,3.11],[-77.235,3.113],[-77.235,3.115],[-77.23,3.116],[-77.228,3.111],[-77.217,3.12],[-77.218,3.123],[-77.22,3.123],[-77.219,3.128],[-77.216,3.131],[-77.217,3.135],[-77.212,3.134],[-77.209,3.135],[-77.206,3.133],[-77.201,3.134],[-77.2,3.137],[-77.2,3.144],[-77.198,3.14],[-77.193,3.14],[-77.193,3.145],[-77.191,3.15],[-77.187,3.149],[-77.182,3.151],[-77.181,3.155],[-77.173,3.159],[-77.172,3.166],[-77.17,3.166],[-77.167,3.162],[-77.165,3.162],[-77.164,3.166],[-77.159,3.165],[-77.158,3.17],[-77.161,3.172],[-77.16,3.174],[-77.156,3.174],[-77.155,3.176],[-77.153,3.171],[-77.147,3.17],[-77.146,3.169],[-77.143,3.172],[-77.14,3.172],[-77.136,3.169],[-77.134,3.164],[-77.131,3.161],[-77.117,3.169],[-77.11,3.177],[-77.11,3.179],[-77.105,3.181],[-77.103,3.183],[-77.1,3.185],[-77.097,3.185],[-77.095,3.183],[-77.089,3.182],[-77.086,3.186],[-77.085,3.184],[-77.087,3.182],[-77.087,3.18],[-77.083,3.181],[-77.081,3.179],[-77.079,3.179],[-77.07,3.172],[-77.064,3.169],[-77.059,3.169],[-77.055,3.171],[-77.038,3.165],[-77.03,3.166],[-77.019,3.157],[-77.013,3.154],[-77.0,3.153],[-76.996,3.154],[-76.991,3.149],[-76.988,3.139],[-76.978,3.135],[-76.979,3.127],[-76.972,3.119],[-76.962,3.119],[-76.952,3.116],[-76.939,3.114],[-76.931,3.122],[-76.927,3.127],[-76.928,3.139],[-76.927,3.142],[-76.916,3.15],[-76.912,3.172],[-76.914,3.178],[-76.913,3.187],[-76.908,3.201],[-76.897,3.204],[-76.891,3.203],[-76.881,3.209],[-76.876,3.21],[-76.87,3.209],[-76.865,3.212],[-76.859,3.212],[-76.85,3.208],[-76.839,3.211],[-76.826,3.211],[-76.812,3.209],[-76.808,3.21],[-76.796,3.216],[-76.789,3.225],[-76.785,3.223],[-76.783,3.231],[-76.778,3.231],[-76.773,3.234],[-76.769,3.231],[-76.765,3.222],[-76.757,3.213],[-76.755,3.209],[-76.754,3.201],[-76.748,3.195],[-76.745,3.191],[-76.742,3.172],[-76.748,3.157],[-76.749,3.15],[-76.744,3.136],[-76.733,3.125],[-76.725,3.119],[-76.701,3.119],[-76.695,3.113],[-76.686,3.109],[-76.682,3.102],[-76.677,3.1],[-76.669,3.101],[-76.666,3.099],[-76.655,3.101],[-76.648,3.105],[-76.643,3.112],[-76.642,3.117],[-76.632,3.126],[-76.629,3.127],[-76.626,3.124],[-76.623,3.117],[-76.623,3.114],[-76.625,3.109],[-76.624,3.105],[-76.616,3.097],[-76.614,3.092],[-76.607,3.091],[-76.604,3.097],[-76.6,3.092],[-76.593,3.094],[-76.592,3.097],[-76.599,3.102],[-76.6,3.105],[-76.596,3.106],[-76.591,3.102],[-76.588,3.106],[-76.592,3.114],[-76.59,3.117],[-76.585,3.116],[-76.58,3.12],[-76.578,3.119],[-76.577,3.115],[-76.574,3.115],[-76.574,3.117],[-76.579,3.124],[-76.578,3.127],[-76.574,3.128],[-76.572,3.129],[-76.569,3.125],[-76.571,3.119],[-76.565,3.117],[-76.564,3.115],[-76.567,3.111],[-76.564,3.108],[-76.56,3.105],[-76.555,3.109],[-76.552,3.105],[-76.547,3.11],[-76.546,3.108],[-76.547,3.104],[-76.546,3.103],[-76.544,3.104],[-76.544,3.108],[-76.542,3.111],[-76.54,3.112],[-76.536,3.109],[-76.534,3.11],[-76.534,3.113],[-76.537,3.119],[-76.535,3.121],[-76.531,3.122],[-76.53,3.126],[-76.528,3.125],[-76.529,3.117],[-76.527,3.115],[-76.523,3.117],[-76.52,3.121],[-76.516,3.118],[-76.513,3.121],[-76.513,3.123],[-76.517,3.125],[-76.523,3.123],[-76.524,3.127],[-76.522,3.131],[-76.528,3.135],[-76.53,3.135],[-76.53,3.132],[-76.533,3.131],[-76.533,3.136],[-76.53,3.138],[-76.522,3.136],[-76.519,3.133],[-76.517,3.134],[-76.517,3.137],[-76.52,3.141],[-76.521,3.145],[-76.518,3.145],[-76.515,3.144],[-76.513,3.146],[-76.518,3.148],[-76.521,3.147],[-76.523,3.148],[-76.521,3.149],[-76.515,3.148],[-76.508,3.15],[-76.505,3.149],[-76.504,3.144],[-76.5,3.144],[-76.501,3.152],[-76.506,3.153],[-76.509,3.157],[-76.509,3.159],[-76.506,3.16],[-76.501,3.159],[-76.503,3.166],[-76.502,3.168],[-76.493,3.166],[-76.494,3.169],[-76.499,3.171],[-76.495,3.176],[-76.491,3.175],[-76.489,3.168],[-76.487,3.169],[-76.488,3.176],[-76.493,3.18],[-76.494,3.182],[-76.49,3.187],[-76.49,3.19],[-76.492,3.194],[-76.491,3.199],[-76.494,3.199],[-76.498,3.197],[-76.5,3.2],[-76.497,3.205],[-76.492,3.206],[-76.492,3.211],[-76.49,3.218],[-76.488,3.217],[-76.486,3.212],[-76.484,3.212],[-76.48,3.219],[-76.481,3.223],[-76.477,3.224],[-76.475,3.223],[-76.476,3.216],[-76.474,3.215],[-76.472,3.226],[-76.468,3.231],[-76.473,3.229],[-76.477,3.229],[-76.476,3.235],[-76.471,3.238],[-76.472,3.24],[-76.477,3.243],[-76.476,3.246],[-76.471,3.245],[-76.468,3.239],[-76.463,3.242],[-76.464,3.244],[-76.466,3.246],[-76.472,3.247],[-76.472,3.251],[-76.47,3.251],[-76.462,3.245],[-76.46,3.247],[-76.462,3.248],[-76.463,3.253],[-76.459,3.258],[-76.465,3.262],[-76.462,3.269],[-76.466,3.27],[-76.474,3.271],[-76.474,3.275],[-76.472,3.278],[-76.472,3.28],[-76.482,3.28],[-76.485,3.277],[-76.487,3.28],[-76.487,3.284],[-76.486,3.287],[-76.482,3.288],[-76.475,3.285],[-76.473,3.285],[-76.472,3.289],[-76.473,3.29],[-76.491,3.289],[-76.494,3.291],[-76.494,3.293],[-76.49,3.297],[-76.49,3.304],[-76.489,3.305],[-76.485,3.303],[-76.483,3.294],[-76.479,3.292],[-76.477,3.294],[-76.477,3.301],[-76.474,3.306],[-76.476,3.314],[-76.478,3.317],[-76.478,3.321],[-76.473,3.32],[-76.472,3.313],[-76.469,3.311],[-76.468,3.312],[-76.468,3.321],[-76.467,3.321],[-76.464,3.317],[-76.461,3.317],[-76.462,3.322],[-76.459,3.326],[-76.461,3.329],[-76.458,3.329],[-76.457,3.327],[-76.457,3.326],[-76.454,3.324],[-76.448,3.317],[-76.433,3.313],[-76.42,3.312],[-76.417,3.31],[-76.414,3.305],[-76.408,3.301],[-76.406,3.298],[-76.373,3.288],[-76.366,3.287],[-76.357,3.289],[-76.342,3.282],[-76.328,3.282],[-76.323,3.281],[-76.311,3.282],[-76.304,3.286],[-76.293,3.286],[-76.282,3.283],[-76.275,3.278],[-76.271,3.277],[-76.261,3.279],[-76.23,3.276],[-76.217,3.268],[-76.207,3.257],[-76.202,3.242],[-76.194,3.23],[-76.191,3.228],[-76.186,3.229],[-76.181,3.232],[-76.17,3.231],[-76.165,3.234],[-76.157,3.235],[-76.153,3.234],[-76.151,3.227],[-76.145,3.224],[-76.138,3.224],[-76.133,3.222],[-76.128,3.224],[-76.119,3.222],[-76.109,3.226],[-76.083,3.218],[-76.068,3.211],[-76.062,3.213],[-76.059,3.218],[-76.059,3.222],[-76.057,3.224]]]]}},{"type":"Feature","properties":{"name":"Caquetá","iso":"CO-CAQ"},"geometry":{"type":"MultiPolygon","coordinates":[[[[-71.323,0.112],[-71.333,0.089],[-71.342,0.077],[-71.361,0.064],[-71.369,0.048],[-71.398,0.031],[-71.422,0.023],[-71.438,0.021],[-71.465,0.02],[-71.482,0.018],[-71.504,0.009],[-71.541,-0.001],[-71.569,-0.003],[-71.583,-0.003],[-71.597,-0.006],[-71.618,-0.016],[-71.629,-0.036],[-71.641,-0.047],[-71.665,-0.06],[-71.688,-0.069],[-71.699,-0.079],[-71.705,-0.09],[-71.72,-0.101],[-71.721,-0.105],[-71.721,-0.116],[-71.732,-0.141],[-71.731,-0.163],[-71.725,-0.176],[-71.722,-0.189],[-71.717,-0.202],[-71.716,-0.218],[-71.717,-0.225],[-71.75,-0.251],[-71.766,-0.254],[-71.779,-0.263],[-71.81,-0.265],[-71.829,-0.272],[-71.846,-0.272],[-71.858,-0.269],[-71.872,-0.269],[-71.922,-0.267],[-71.955,-0.271],[-72.003,-0.268],[-72.029,-0.265],[-72.034,-0.265],[-72.038,-0.267],[-72.047,-0.279],[-72.06,-0.308],[-72.067,-0.321],[-72.071,-0.324],[-72.082,-0.332],[-72.088,-0.333],[-72.108,-0.332],[-72.115,-0.335],[-72.131,-0.343],[-72.153,-0.363],[-72.158,-0.374],[-72.158,-0.392],[-72.166,-0.419],[-72.176,-0.435],[-72.192,-0.456],[-72.194,-0.47],[-72.212,-0.485],[-72.233,-0.491],[-72.235,-0.499],[-72.235,-0.519],[-72.236,-0.526],[-72.24,-0.531],[-72.243,-0.538],[-72.243,-0.557],[-72.23,-0.584],[-72.23,-0.59],[-72.235,-0.595],[-72.242,-0.611],[-72.249,-0.616],[-72.254,-0.616],[-72.263,-0.624],[-72.273,-0.625],[-72.33,-0.644],[-72.349,-0.64],[-72.358,-0.635],[-72.372,-0.624],[-72.396,-0.614],[-72.406,-0.604],[-72.409,-0.597],[-72.404,-0.583],[-72.408,-0.568],[-72.412,-0.565],[-72.416,-0.563],[-72.422,-0.563],[-72.434,-0.565],[-72.446,-0.581],[-72.467,-0.601],[-72.478,-0.617],[-72.495,-0.631],[-72.515,-0.66],[-72.527,-0.666],[-72.534,-0.673],[-72.542,-0.687],[-72.556,-0.707],[-72.563,-0.706],[-72.603,-0.687],[-72.622,-0.67],[-72.674,-0.636],[-72.676,-0.634],[-72.677,-0.617],[-72.694,-0.612],[-72.701,-0.605],[-72.714,-0.59],[-72.722,-0.589],[-72.727,-0.585],[-72.733,-0.586],[-72.741,-0.581],[-72.744,-0.577],[-72.746,-0.56],[-72.749,-0.557],[-72.753,-0.556],[-72.759,-0.559],[-72.769,-0.569],[-72.776,-0.58],[-72.788,-0.576],[-72.795,-0.577],[-72.8,-0.58],[-72.806,-0.586],[-72.811,-0.598],[-72.816,-0.601],[-72.825,-0.598],[-72.83,-0.598],[-72.852,-0.612],[-72.862,-0.616],[-72.875,-0.619],[-72.907,-0.618],[-72.921,-0.616],[-72.932,-0.61],[-72.936,-0.607],[-72.943,-0.596],[-72.949,-0.576],[-72.956,-0.565],[-72.972,-0.549],[-72.987,-0.539],[-72.998,-0.533],[-73.014,-0.528],[-73.025,-0.529],[-73.044,-0.536],[-73.055,-0.553],[-73.06,-0.576],[-73.069,-0.593],[-73.071,-0.603],[-73.072,-0.618],[-73.075,-0.624],[-73.084,-0.624],[-73.089,-0.621],[-73.098,-0.612],[-73.11,-0.606],[-73.123,-0.606],[-73.143,-0.61],[-73.163,-0.622],[-73.202,-0.627],[-73.208,-0.626],[-73.212,-0.622],[-73.219,-0.608],[-73.24,-0.586],[-73.253,-0.583],[-73.256,-0.578],[-73.26,-0.561],[-73.268,-0.554],[-73.277,-0.547],[-73.299,-0.541],[-73.314,-0.532],[-73.323,-0.524],[-73.33,-0.507],[-73.336,-0.506],[-73.352,-0.512],[-73.361,-0.519],[-73.375,-0.533],[-73.38,-0.535],[-73.389,-0.534],[-73.396,-0.531],[-73.403,-0.523],[-73.411,-0.517],[-73.419,-0.514],[-73.428,-0.512],[-73.437,-0.512],[-73.447,-0.514],[-73.488,-0.529],[-73.505,-0.527],[-73.514,-0.523],[-73.522,-0.516],[-73.527,-0.507],[-73.53,-0.49],[-73.534,-0.488],[-73.537,-0.49],[-73.54,-0.495],[-73.544,-0.51],[-73.553,-0.517],[-73.562,-0.519],[-73.568,-0.518],[-73.572,-0.514],[-73.569,-0.504],[-73.568,-0.496],[-73.577,-0.483],[-73.579,-0.457],[-73.583,-0.448],[-73.592,-0.441],[-73.604,-0.439],[-73.617,-0.442],[-73.624,-0.447],[-73.632,-0.451],[-73.639,-0.452],[-73.648,-0.458],[-73.651,-0.458],[-73.653,-0.455],[-73.653,-0.451],[-73.636,-0.435],[-73.635,-0.429],[-73.637,-0.422],[-73.64,-0.418],[-73.646,-0.415],[-73.663,-0.422],[-73.668,-0.423],[-73.675,-0.423],[-73.691,-0.414],[-73.708,-0.386],[-73.717,-0.381],[-73.731,-0.381],[-73.739,-0.386],[-73.753,-0.404],[-73.763,-0.409],[-73.79,-0.409],[-73.813,-0.412],[-73.824,-0.409],[-73.841,-0.398],[-73.864,-0.378],[-73.883,-0.369],[-73.928,-0.359],[-73.948,-0.353],[-73.966,-0.349],[-73.985,-0.348],[-74.005,-0.342],[-74.014,-0.337],[-74.018,-0.331],[-74.022,-0.321],[-74.026,-0.316],[-74.039,-0.307],[-74.04,-0.299],[-74.04,-0.282],[-74.044,-0.273],[-74.05,-0.271],[-74.056,-0.273],[-74.07,-0.281],[-74.077,-0.282],[-74.084,-0.279],[-74.088,-0.273],[-74.093,-0.26],[-74.106,-0.242],[-74.113,-0.235],[-74.119,-0.232],[-74.134,-0.234],[-74.146,-0.241],[-74.151,-0.249],[-74.155,-0.261],[-74.164,-0.267],[-74.172,-0.267],[-74.181,-0.265],[-74.187,-0.261],[-74.188,-0.258],[-74.188,-0.246],[-74.19,-0.225],[-74.194,-0.216],[-74.201,-0.209],[-74.208,-0.208],[-74.215,-0.209],[-74.219,-0.213],[-74.221,-0.231],[-74.226,-0.238],[-74.234,-0.238],[-74.241,-0.235],[-74.249,-0.225],[-74.267,-0.217],[-74.277,-0.208],[-74.288,-0.202],[-74.289,-0.185],[-74.283,-0.173],[-74.267,-0.162],[-74.263,-0.157],[-74.263,-0.151],[-74.265,-0.145],[-74.274,-0.139],[-74.278,-0.139],[-74.296,-0.148],[-74.301,-0.148],[-74.305,-0.147],[-74.316,-0.136],[-74.327,-0.119],[-74.333,-0.114],[-74.349,-0.107],[-74.357,-0.107],[-74.369,-0.111],[-74.4,-0.115],[-74.407,-0.117],[-74.437,-0.137],[-74.444,-0.14],[-74.449,-0.139],[-74.449,-0.133],[-74.446,-0.129],[-74.431,-0.118],[-74.424,-0.111],[-74.422,-0.104],[-74.424,-0.094],[-74.429,-0.086],[-74.436,-0.079],[-74.441,-0.074],[-74.448,-0.071],[-74.454,-0.071],[-74.46,-0.077],[-74.462,-0.084],[-74.462,-0.109],[-74.469,-0.121],[-74.479,-0.136],[-74.485,-0.139],[-74.496,-0.138],[-74.504,-0.135],[-74.508,-0.129],[-74.509,-0.122],[-74.505,-0.109],[-74.508,-0.1],[-74.516,-0.089],[-74.528,-0.088],[-74.532,-0.09],[-74.535,-0.095],[-74.534,-0.101],[-74.532,-0.105],[-74.525,-0.111],[-74.523,-0.118],[-74.526,-0.125],[-74.53,-0.127],[-74.543,-0.12],[-74.576,-0.112],[-74.589,-0.105],[-74.598,-0.099],[-74.633,-0.088],[-74.632,-0.082],[-74.619,-0.076],[-74.615,-0.061],[-74.619,-0.053],[-74.628,-0.046],[-74.645,-0.038],[-74.653,-0.042],[-74.673,-0.062],[-74.679,-0.06],[-74.682,-0.054],[-74.681,-0.048],[-74.679,-0.046],[-74.668,-0.042],[-74.66,-0.038],[-74.656,-0.028],[-74.656,-0.011],[-74.67,0.004],[-74.671,0.008],[-74.679,0.015],[-74.691,0.021],[-74.704,0.038],[-74.703,0.045],[-74.697,0.045],[-74.682,0.042],[-74.672,0.048],[-74.664,0.051],[-74.658,0.058],[-74.655,0.072],[-74.658,0.078],[-74.667,0.082],[-74.679,0.083],[-74.692,0.079],[-74.698,0.079],[-74.704,0.082],[-74.712,0.092],[-74.712,0.097],[-74.709,0.098],[-74.703,0.095],[-74.696,0.089],[-74.689,0.087],[-74.681,0.09],[-74.675,0.097],[-74.672,0.109],[-74.672,0.124],[-74.675,0.138],[-74.677,0.159],[-74.685,0.169],[-74.703,0.184],[-74.711,0.197],[-74.726,0.207],[-74.751,0.212],[-74.767,0.213],[-74.787,0.209],[-74.814,0.217],[-74.828,0.213],[-74.846,0.215],[-74.864,0.224],[-74.882,0.243],[-74.891,0.248],[-74.904,0.252],[-74.927,0.251],[-74.937,0.247],[-74.944,0.242],[-74.96,0.242],[-74.968,0.246],[-74.98,0.263],[-74.994,0.271],[-75.004,0.273],[-75.011,0.284],[-75.009,0.293],[-75.003,0.298],[-74.985,0.302],[-74.98,0.31],[-74.983,0.322],[-74.998,0.333],[-75.007,0.337],[-75.017,0.385],[-75.011,0.393],[-75.0,0.393],[-74.986,0.399],[-74.982,0.405],[-74.984,0.415],[-74.987,0.422],[-75.005,0.439],[-75.008,0.453],[-75.019,0.476],[-75.028,0.482],[-75.032,0.483],[-75.043,0.479],[-75.049,0.479],[-75.059,0.485],[-75.072,0.486],[-75.08,0.48],[-75.094,0.474],[-75.104,0.473],[-75.106,0.476],[-75.097,0.486],[-75.095,0.498],[-75.097,0.511],[-75.105,0.514],[-75.118,0.512],[-75.128,0.504],[-75.144,0.487],[-75.151,0.483],[-75.159,0.482],[-75.172,0.485],[-75.185,0.485],[-75.192,0.487],[-75.206,0.482],[-75.22,0.483],[-75.222,0.486],[-75.222,0.491],[-75.219,0.494],[-75.206,0.492],[-75.203,0.493],[-75.199,0.499],[-75.198,0.506],[-75.211,0.516],[-75.228,0.543],[-75.234,0.561],[-75.235,0.574],[-75.234,0.578],[-75.224,0.583],[-75.216,0.583],[-75.212,0.587],[-75.21,0.592],[-75.213,0.608],[-75.219,0.617],[-75.217,0.627],[-75.226,0.645],[-75.235,0.651],[-75.247,0.65],[-75.26,0.653],[-75.274,0.666],[-75.273,0.675],[-75.263,0.687],[-75.256,0.706],[-75.261,0.719],[-75.267,0.725],[-75.27,0.727],[-75.28,0.726],[-75.289,0.728],[-75.293,0.727],[-75.298,0.729],[-75.301,0.734],[-75.302,0.743],[-75.306,0.746],[-75.317,0.744],[-75.323,0.745],[-75.331,0.752],[-75.333,0.767],[-75.334,0.77],[-75.338,0.772],[-75.343,0.77],[-75.351,0.759],[-75.357,0.753],[-75.382,0.755],[-75.39,0.752],[-75.401,0.738],[-75.408,0.736],[-75.415,0.737],[-75.433,0.745],[-75.44,0.746],[-75.456,0.755],[-75.461,0.755],[-75.47,0.759],[-75.473,0.762],[-75.473,0.769],[-75.475,0.777],[-75.483,0.782],[-75.486,0.782],[-75.492,0.778],[-75.498,0.77],[-75.503,0.768],[-75.512,0.77],[-75.534,0.783],[-75.537,0.788],[-75.538,0.791],[-75.537,0.8],[-75.538,0.812],[-75.536,0.822],[-75.54,0.831],[-75.542,0.832],[-75.548,0.832],[-75.556,0.83],[-75.562,0.829],[-75.577,0.834],[-75.608,0.838],[-75.612,0.844],[-75.613,0.852],[-75.612,0.86],[-75.614,0.864],[-75.618,0.867],[-75.634,0.873],[-75.643,0.879],[-75.648,0.878],[-75.658,0.868],[-75.678,0.858],[-75.69,0.863],[-75.707,0.86],[-75.719,0.861],[-75.734,0.86],[-75.745,0.852],[-75.748,0.844],[-75.754,0.838],[-75.757,0.837],[-75.761,0.837],[-75.763,0.84],[-75.765,0.852],[-75.773,0.867],[-75.789,0.881],[-75.798,0.894],[-75.809,0.897],[-75.816,0.891],[-75.822,0.882],[-75.833,0.877],[-75.84,0.877],[-75.851,0.88],[-75.853,0.883],[-75.86,0.887],[-75.866,0.898],[-75.866,0.905],[-75.862,0.914],[-75.863,0.92],[-75.869,0.925],[-75.891,0.933],[-75.895,0.936],[-75.903,0.946],[-75.904,0.956],[-75.904,0.967],[-75.906,0.971],[-75.916,0.976],[-75.93,0.98],[-75.935,0.98],[-75.942,0.976],[-75.948,0.977],[-75.95,0.981],[-75.949,0.983],[-75.934,0.989],[-75.932,0.992],[-75.934,1.0],[-75.933,1.006],[-75.92,1.017],[-75.92,1.026],[-75.92,1.029],[-75.923,1.031],[-75.928,1.031],[-75.936,1.028],[-75.943,1.029],[-75.948,1.032],[-75.962,1.043],[-75.976,1.061],[-75.987,1.069],[-75.994,1.071],[-75.999,1.071],[-76.0,1.066],[-76.0,1.064],[-75.995,1.063],[-75.991,1.059],[-75.988,1.052],[-75.987,1.046],[-75.99,1.032],[-75.995,1.027],[-75.997,1.027],[-76.0,1.029],[-76.002,1.036],[-76.001,1.052],[-76.006,1.056],[-76.008,1.057],[-76.02,1.048],[-76.033,1.05],[-76.039,1.053],[-76.047,1.048],[-76.051,1.047],[-76.069,1.053],[-76.084,1.057],[-76.084,1.06],[-76.081,1.061],[-76.08,1.064],[-76.088,1.067],[-76.092,1.071],[-76.1,1.068],[-76.102,1.071],[-76.102,1.078],[-76.113,1.085],[-76.117,1.084],[-76.124,1.087],[-76.123,1.1],[-76.128,1.102],[-76.13,1.101],[-76.138,1.1],[-76.139,1.098],[-76.143,1.099],[-76.143,1.102],[-76.144,1.104],[-76.145,1.103],[-76.146,1.1],[-76.148,1.1],[-76.148,1.104],[-76.153,1.105],[-76.152,1.108],[-76.153,1.11],[-76.157,1.111],[-76.165,1.107],[-76.184,1.106],[-76.193,1.109],[-76.206,1.117],[-76.208,1.116],[-76.212,1.111],[-76.216,1.11],[-76.23,1.119],[-76.234,1.123],[-76.249,1.12],[-76.259,1.124],[-76.277,1.135],[-76.281,1.139],[-76.285,1.146],[-76.284,1.152],[-76.287,1.161],[-76.287,1.168],[-76.291,1.176],[-76.295,1.178],[-76.302,1.176],[-76.297,1.184],[-76.3,1.19],[-76.3,1.193],[-76.291,1.202],[-76.29,1.208],[-76.295,1.218],[-76.302,1.226],[-76.306,1.229],[-76.303,1.231],[-76.302,1.238],[-76.301,1.24],[-76.295,1.241],[-76.292,1.246],[-76.287,1.25],[-76.277,1.264],[-76.269,1.267],[-76.261,1.275],[-76.254,1.277],[-76.253,1.282],[-76.25,1.286],[-76.25,1.29],[-76.245,1.293],[-76.245,1.301],[-76.232,1.309],[-76.224,1.321],[-76.215,1.322],[-76.216,1.33],[-76.221,1.337],[-76.222,1.34],[-76.21,1.348],[-76.203,1.359],[-76.202,1.369],[-76.199,1.375],[-76.201,1.384],[-76.2,1.401],[-76.197,1.409],[-76.201,1.417],[-76.201,1.423],[-76.197,1.421],[-76.192,1.424],[-76.184,1.44],[-76.185,1.443],[-76.18,1.446],[-76.177,1.451],[-76.179,1.459],[-76.185,1.46],[-76.186,1.462],[-76.183,1.479],[-76.183,1.49],[-76.172,1.508],[-76.165,1.511],[-76.165,1.516],[-76.161,1.521],[-76.159,1.527],[-76.151,1.536],[-76.149,1.545],[-76.154,1.556],[-76.153,1.564],[-76.158,1.578],[-76.164,1.585],[-76.168,1.587],[-76.157,1.585],[-76.146,1.578],[-76.139,1.575],[-76.134,1.571],[-76.124,1.557],[-76.12,1.555],[-76.11,1.557],[-76.1,1.566],[-76.084,1.574],[-76.074,1.577],[-76.07,1.574],[-76.068,1.577],[-76.056,1.576],[-76.053,1.573],[-76.048,1.572],[-76.031,1.582],[-76.011,1.602],[-76.002,1.616],[-75.991,1.64],[-75.981,1.656],[-75.973,1.662],[-75.956,1.669],[-75.946,1.677],[-75.933,1.692],[-75.907,1.715],[-75.901,1.719],[-75.894,1.721],[-75.887,1.72],[-75.868,1.714],[-75.862,1.715],[-75.851,1.723],[-75.846,1.73],[-75.829,1.745],[-75.82,1.749],[-75.797,1.754],[-75.788,1.757],[-75.767,1.767],[-75.739,1.785],[-75.733,1.794],[-75.729,1.816],[-75.713,1.834],[-75.711,1.845],[-75.703,1.862],[-75.693,1.869],[-75.689,1.875],[-75.66,1.899],[-75.653,1.908],[-75.644,1.94],[-75.623,1.981],[-75.612,1.996],[-75.591,2.014],[-75.582,2.029],[-75.577,2.046],[-75.558,2.054],[-75.555,2.058],[-75.553,2.062],[-75.553,2.072],[-75.551,2.081],[-75.541,2.098],[-75.532,2.119],[-75.53,2.121],[-75.516,2.122],[-75.487,2.134],[-75.476,2.135],[-75.461,2.141],[-75.45,2.146],[-75.443,2.153],[-75.434,2.166],[-75.423,2.189],[-75.424,2.199],[-75.435,2.214],[-75.437,2.225],[-75.418,2.238],[-75.408,2.248],[-75.409,2.249],[-75.409,2.258],[-75.402,2.275],[-75.393,2.288],[-75.39,2.297],[-75.388,2.31],[-75.385,2.315],[-75.354,2.319],[-75.345,2.326],[-75.332,2.358],[-75.328,2.356],[-75.319,2.356],[-75.307,2.361],[-75.301,2.377],[-75.29,2.393],[-75.283,2.413],[-75.276,2.42],[-75.265,2.426],[-75.253,2.434],[-75.246,2.442],[-75.235,2.47],[-75.226,2.478],[-75.222,2.485],[-75.223,2.499],[-75.229,2.511],[-75.229,2.515],[-75.201,2.515],[-75.184,2.513],[-75.176,2.517],[-75.174,2.52],[-75.175,2.524],[-75.179,2.527],[-75.18,2.532],[-75.178,2.536],[-75.169,2.552],[-75.157,2.562],[-75.14,2.584],[-75.134,2.599],[-75.135,2.605],[-75.139,2.61],[-75.143,2.615],[-75.151,2.621],[-75.149,2.628],[-75.155,2.642],[-75.153,2.653],[-75.148,2.661],[-75.141,2.668],[-75.134,2.69],[-75.134,2.694],[-75.138,2.695],[-75.144,2.699],[-75.149,2.7],[-75.152,2.703],[-75.153,2.71],[-75.148,2.722],[-75.14,2.726],[-75.127,2.729],[-75.095,2.727],[-75.087,2.729],[-75.081,2.732],[-75.064,2.746],[-75.052,2.759],[-75.038,2.781],[-75.016,2.811],[-75.002,2.835],[-74.99,2.85],[-74.978,2.862],[-74.953,2.884],[-74.942,2.895],[-74.934,2.907],[-74.891,2.907],[-74.87,2.912],[-74.858,2.912],[-74.845,2.91],[-74.835,2.91],[-74.829,2.912],[-74.828,2.916],[-74.814,2.926],[-74.805,2.931],[-74.795,2.933],[-74.787,2.931],[-74.786,2.929],[-74.785,2.895],[-74.783,2.89],[-74.777,2.884],[-74.766,2.877],[-74.757,2.875],[-74.716,2.888],[-74.702,2.894],[-74.689,2.894],[-74.677,2.89],[-74.67,2.881],[-74.668,2.87],[-74.663,2.855],[-74.662,2.841],[-74.664,2.83],[-74.666,2.811],[-74.643,2.774],[-74.638,2.754],[-74.62,2.752],[-74.617,2.748],[-74.619,2.737],[-74.624,2.725],[-74.634,2.714],[-74.638,2.704],[-74.636,2.699],[-74.627,2.693],[-74.614,2.688],[-74.603,2.682],[-74.591,2.666],[-74.59,2.66],[-74.593,2.651],[-74.606,2.636],[-74.639,2.609],[-74.652,2.588],[-74.664,2.578],[-74.677,2.564],[-74.686,2.546],[-74.688,2.532],[-74.687,2.527],[-74.651,2.503],[-74.651,2.496],[-74.655,2.491],[-74.664,2.475],[-74.667,2.464],[-74.668,2.437],[-74.671,2.428],[-74.677,2.423],[-74.689,2.419],[-74.697,2.413],[-74.702,2.404],[-74.71,2.381],[-74.727,2.355],[-74.733,2.331],[-74.733,2.313],[-74.729,2.307],[-74.729,2.301],[-74.733,2.273],[-74.728,2.264],[-74.721,2.262],[-74.713,2.268],[-74.71,2.276],[-74.706,2.282],[-74.698,2.286],[-74.682,2.288],[-74.677,2.285],[-74.677,2.281],[-74.686,2.272],[-74.687,2.269],[-74.68,2.256],[-74.674,2.235],[-74.664,2.22],[-74.657,2.212],[-74.65,2.207],[-74.636,2.203],[-74.627,2.202],[-74.598,2.206],[-74.594,2.202],[-74.59,2.195],[-74.588,2.183],[-74.592,2.171],[-74.599,2.161],[-74.599,2.149],[-74.599,2.141],[-74.592,2.114],[-74.596,2.097],[-74.604,2.088],[-74.608,2.077],[-74.609,2.071],[-74.604,2.046],[-74.603,2.029],[-74.588,2.009],[-74.572,1.968],[-74.568,1.953],[-74.566,1.938],[-74.567,1.929],[-74.57,1.925],[-74.57,1.92],[-74.562,1.908],[-74.56,1.896],[-74.565,1.886],[-74.566,1.876],[-74.567,1.856],[-74.565,1.849],[-74.558,1.846],[-74.541,1.842],[-74.532,1.84],[-74.527,1.836],[-74.516,1.833],[-74.504,1.827],[-74.503,1.821],[-74.5,1.818],[-74.478,1.807],[-74.47,1.806],[-74.457,1.808],[-74.45,1.812],[-74.426,1.811],[-74.415,1.812],[-74.408,1.81],[-74.399,1.803],[-74.39,1.793],[-74.383,1.791],[-74.373,1.789],[-74.344,1.791],[-74.317,1.786],[-74.301,1.78],[-74.288,1.772],[-74.275,1.756],[-74.27,1.754],[-74.257,1.758],[-74.234,1.763],[-74.226,1.767],[-74.215,1.767],[-74.21,1.762],[-74.206,1.75],[-74.208,1.727],[-74.207,1.716],[-74.206,1.715],[-74.202,1.713],[-74.197,1.714],[-74.181,1.72],[-74.174,1.721],[-74.166,1.717],[-74.153,1.715],[-74.133,1.697],[-74.13,1.696],[-74.127,1.698],[-74.117,1.696],[-74.112,1.696],[-74.108,1.692],[-74.105,1.684],[-74.098,1.677],[-74.096,1.669],[-74.1,1.663],[-74.1,1.661],[-74.097,1.651],[-74.093,1.648],[-74.091,1.642],[-74.081,1.643],[-74.075,1.645],[-74.061,1.657],[-74.039,1.662],[-74.028,1.662],[-74.023,1.662],[-74.019,1.663],[-74.015,1.659],[-74.0,1.658],[-73.997,1.655],[-73.996,1.651],[-74.0,1.644],[-73.999,1.638],[-73.997,1.633],[-73.992,1.629],[-73.986,1.607],[-73.981,1.602],[-73.974,1.602],[-73.968,1.612],[-73.957,1.625],[-73.954,1.627],[-73.954,1.632],[-73.949,1.637],[-73.95,1.641],[-73.944,1.645],[-73.937,1.647],[-73.933,1.643],[-73.93,1.645],[-73.925,1.643],[-73.895,1.644],[-73.885,1.647],[-73.88,1.651],[-73.875,1.649],[-73.867,1.651],[-73.866,1.653],[-73.863,1.654],[-73.858,1.658],[-73.853,1.654],[-73.846,1.652],[-73.84,1.651],[-73.837,1.652],[-73.827,1.648],[-73.817,1.65],[-73.815,1.652],[-73.809,1.648],[-73.806,1.653],[-73.802,1.651],[-73.8,1.654],[-73.797,1.652],[-73.795,1.654],[-73.791,1.65],[-73.782,1.655],[-73.779,1.655],[-73.765,1.65],[-73.76,1.646],[-73.746,1.643],[-73.743,1.64],[-73.739,1.64],[-73.733,1.633],[-73.721,1.639],[-73.712,1.638],[-73.707,1.633],[-73.695,1.632],[-73.686,1.621],[-73.67,1.616],[-73.659,1.615],[-73.661,1.593],[-73.661,1.584],[-73.658,1.576],[-73.644,1.561],[-73.64,1.549],[-73.627,1.538],[-73.617,1.528],[-73.61,1.509],[-73.598,1.496],[-73.585,1.485],[-73.578,1.469],[-73.571,1.463],[-73.562,1.463],[-73.555,1.454],[-73.548,1.439],[-73.545,1.416],[-73.54,1.402],[-73.529,1.395],[-73.499,1.384],[-73.483,1.373],[-73.476,1.365],[-73.472,1.358],[-73.466,1.339],[-73.46,1.327],[-73.459,1.315],[-73.455,1.309],[-73.445,1.299],[-73.425,1.289],[-73.425,1.271],[-73.426,1.268],[-73.431,1.263],[-73.432,1.26],[-73.422,1.252],[-73.413,1.241],[-73.413,1.233],[-73.415,1.229],[-73.421,1.225],[-73.422,1.221],[-73.417,1.215],[-73.415,1.21],[-73.409,1.206],[-73.41,1.201],[-73.417,1.198],[-73.418,1.192],[-73.411,1.176],[-73.408,1.172],[-73.405,1.171],[-73.397,1.172],[-73.395,1.17],[-73.394,1.162],[-73.396,1.156],[-73.393,1.153],[-73.393,1.149],[-73.39,1.147],[-73.377,1.143],[-73.375,1.14],[-73.373,1.133],[-73.37,1.131],[-73.361,1.127],[-73.353,1.121],[-73.345,1.121],[-73.341,1.116],[-73.335,1.11],[-73.335,1.107],[-73.338,1.106],[-73.341,1.103],[-73.339,1.1],[-73.334,1.1],[-73.333,1.094],[-73.331,1.092],[-73.327,1.09],[-73.324,1.083],[-73.303,1.075],[-73.3,1.069],[-73.297,1.068],[-73.283,1.063],[-73.279,1.05],[-73.276,1.048],[-73.262,1.045],[-73.253,1.046],[-73.251,1.041],[-73.245,1.04],[-73.241,1.03],[-73.246,1.023],[-73.246,1.019],[-73.24,1.012],[-73.219,1.003],[-73.217,0.999],[-73.214,0.999],[-73.206,1.005],[-73.199,1.0],[-73.186,1.001],[-73.176,0.997],[-73.174,0.995],[-73.174,0.982],[-73.188,0.97],[-73.188,0.968],[-73.183,0.97],[-73.18,0.968],[-73.18,0.961],[-73.177,0.96],[-73.177,0.956],[-73.173,0.954],[-73.168,0.956],[-73.165,0.953],[-73.164,0.95],[-73.164,0.942],[-73.151,0.943],[-73.149,0.942],[-73.147,0.939],[-73.147,0.935],[-73.151,0.934],[-73.147,0.928],[-73.144,0.922],[-73.141,0.924],[-73.138,0.923],[-73.139,0.919],[-73.137,0.916],[-73.131,0.915],[-73.123,0.921],[-73.12,0.922],[-73.115,0.92],[-73.113,0.922],[-73.11,0.922],[-73.107,0.916],[-73.102,0.912],[-73.095,0.913],[-73.091,0.909],[-73.087,0.91],[-73.085,0.906],[-73.08,0.905],[-73.082,0.903],[-73.082,0.899],[-73.079,0.895],[-73.075,0.895],[-73.066,0.904],[-73.059,0.906],[-73.054,0.91],[-73.049,0.91],[-73.049,0.907],[-73.041,0.91],[-73.038,0.904],[-73.034,0.913],[-73.026,0.921],[-73.019,0.915],[-73.012,0.911],[-73.009,0.912],[-73.002,0.928],[-73.006,0.93],[-73.004,0.933],[-72.993,0.933],[-72.996,0.928],[-72.995,0.924],[-72.988,0.929],[-72.988,0.933],[-72.995,0.95],[-72.988,0.952],[-72.987,0.954],[-72.988,0.959],[-72.986,0.961],[-72.982,0.956],[-72.979,0.956],[-72.975,0.957],[-72.964,0.963],[-72.961,0.962],[-72.955,0.971],[-72.954,0.983],[-72.95,0.984],[-72.944,0.98],[-72.941,0.981],[-72.94,0.984],[-72.937,0.986],[-72.931,1.001],[-72.933,1.011],[-72.932,1.015],[-72.928,1.016],[-72.923,1.012],[-72.916,1.015],[-72.916,1.012],[-72.911,1.009],[-72.907,1.01],[-72.901,1.018],[-72.898,1.017],[-72.895,1.014],[-72.886,1.023],[-72.882,1.024],[-72.878,1.023],[-72.869,1.027],[-72.87,1.03],[-72.873,1.035],[-72.874,1.038],[-72.867,1.041],[-72.868,1.044],[-72.871,1.045],[-72.879,1.044],[-72.879,1.048],[-72.877,1.051],[-72.875,1.052],[-72.871,1.051],[-72.859,1.044],[-72.859,1.047],[-72.861,1.055],[-72.861,1.069],[-72.862,1.072],[-72.866,1.074],[-72.874,1.075],[-72.883,1.072],[-72.885,1.075],[-72.885,1.077],[-72.88,1.079],[-72.874,1.078],[-72.872,1.079],[-72.87,1.084],[-72.871,1.088],[-72.883,1.098],[-72.883,1.101],[-72.87,1.104],[-72.867,1.107],[-72.864,1.108],[-72.857,1.103],[-72.853,1.103],[-72.851,1.105],[-72.851,1.108],[-72.853,1.111],[-72.869,1.122],[-72.87,1.125],[-72.872,1.138],[-72.872,1.143],[-72.87,1.146],[-72.867,1.147],[-72.856,1.144],[-72.851,1.144],[-72.85,1.148],[-72.851,1.153],[-72.854,1.162],[-72.846,1.162],[-72.837,1.158],[-72.833,1.157],[-72.827,1.152],[-72.824,1.159],[-72.818,1.164],[-72.817,1.167],[-72.818,1.172],[-72.822,1.177],[-72.819,1.179],[-72.804,1.183],[-72.798,1.177],[-72.79,1.178],[-72.785,1.176],[-72.775,1.183],[-72.772,1.183],[-72.77,1.178],[-72.777,1.167],[-72.779,1.157],[-72.779,1.149],[-72.766,1.133],[-72.751,1.129],[-72.745,1.132],[-72.741,1.138],[-72.74,1.143],[-72.743,1.148],[-72.74,1.151],[-72.735,1.154],[-72.724,1.149],[-72.723,1.15],[-72.731,1.161],[-72.728,1.167],[-72.729,1.18],[-72.726,1.186],[-72.718,1.188],[-72.698,1.182],[-72.694,1.176],[-72.694,1.165],[-72.67,1.164],[-72.667,1.161],[-72.665,1.154],[-72.661,1.152],[-72.657,1.154],[-72.651,1.172],[-72.653,1.181],[-72.653,1.182],[-72.649,1.182],[-72.646,1.177],[-72.644,1.167],[-72.636,1.159],[-72.637,1.153],[-72.625,1.139],[-72.62,1.135],[-72.604,1.132],[-72.592,1.127],[-72.589,1.124],[-72.585,1.116],[-72.582,1.114],[-72.575,1.113],[-72.557,1.093],[-72.535,1.083],[-72.525,1.082],[-72.519,1.08],[-72.514,1.075],[-72.511,1.068],[-72.505,1.067],[-72.501,1.072],[-72.497,1.074],[-72.489,1.072],[-72.485,1.072],[-72.479,1.079],[-72.471,1.079],[-72.468,1.083],[-72.456,1.08],[-72.455,1.069],[-72.452,1.065],[-72.45,1.062],[-72.444,1.06],[-72.441,1.055],[-72.434,1.048],[-72.429,1.042],[-72.425,1.035],[-72.424,1.024],[-72.412,1.011],[-72.4,1.004],[-72.399,1.0],[-72.401,0.994],[-72.41,0.987],[-72.41,0.985],[-72.405,0.98],[-72.4,0.966],[-72.397,0.964],[-72.386,0.961],[-72.376,0.96],[-72.376,0.956],[-72.382,0.939],[-72.39,0.927],[-72.392,0.919],[-72.387,0.917],[-72.374,0.916],[-72.364,0.925],[-72.357,0.932],[-72.351,0.935],[-72.338,0.925],[-72.341,0.915],[-72.347,0.903],[-72.343,0.895],[-72.331,0.877],[-72.334,0.874],[-72.342,0.87],[-72.343,0.867],[-72.34,0.862],[-72.33,0.85],[-72.328,0.839],[-72.32,0.841],[-72.317,0.845],[-72.316,0.85],[-72.317,0.857],[-72.325,0.867],[-72.325,0.87],[-72.322,0.876],[-72.319,0.877],[-72.315,0.875],[-72.309,0.875],[-72.303,0.88],[-72.298,0.882],[-72.294,0.88],[-72.289,0.875],[-72.287,0.87],[-72.287,0.86],[-72.29,0.855],[-72.297,0.852],[-72.301,0.842],[-72.299,0.837],[-72.287,0.823],[-72.286,0.819],[-72.289,0.816],[-72.304,0.816],[-72.309,0.813],[-72.309,0.809],[-72.299,0.794],[-72.291,0.779],[-72.27,0.764],[-72.264,0.763],[-72.261,0.765],[-72.261,0.775],[-72.262,0.778],[-72.269,0.786],[-72.272,0.792],[-72.271,0.794],[-72.265,0.795],[-72.256,0.793],[-72.248,0.788],[-72.242,0.773],[-72.226,0.758],[-72.222,0.748],[-72.224,0.735],[-72.23,0.726],[-72.231,0.718],[-72.22,0.705],[-72.208,0.7],[-72.202,0.701],[-72.198,0.706],[-72.193,0.724],[-72.19,0.726],[-72.18,0.722],[-72.172,0.713],[-72.168,0.712],[-72.164,0.714],[-72.161,0.719],[-72.161,0.722],[-72.168,0.73],[-72.167,0.733],[-72.165,0.735],[-72.158,0.731],[-72.146,0.719],[-72.141,0.718],[-72.136,0.723],[-72.132,0.737],[-72.127,0.739],[-72.119,0.732],[-72.122,0.724],[-72.122,0.72],[-72.109,0.703],[-72.1,0.699],[-72.093,0.698],[-72.086,0.703],[-72.081,0.704],[-72.07,0.692],[-72.067,0.681],[-72.07,0.67],[-72.074,0.664],[-72.086,0.662],[-72.086,0.657],[-72.08,0.656],[-72.065,0.657],[-72.051,0.654],[-72.033,0.664],[-72.025,0.664],[-72.021,0.662],[-72.018,0.656],[-72.014,0.653],[-72.011,0.653],[-72.0,0.659],[-71.998,0.658],[-71.994,0.644],[-71.995,0.633],[-71.993,0.631],[-71.981,0.632],[-71.989,0.614],[-71.996,0.605],[-72.0,0.602],[-72.012,0.597],[-72.01,0.594],[-72.006,0.593],[-71.995,0.591],[-71.989,0.586],[-71.991,0.571],[-71.99,0.563],[-71.987,0.56],[-71.974,0.559],[-71.963,0.555],[-71.96,0.552],[-71.955,0.542],[-71.953,0.539],[-71.949,0.54],[-71.942,0.551],[-71.944,0.563],[-71.944,0.568],[-71.942,0.57],[-71.939,0.57],[-71.936,0.562],[-71.93,0.553],[-71.929,0.545],[-71.923,0.533],[-71.918,0.527],[-71.913,0.514],[-71.916,0.51],[-71.921,0.506],[-71.927,0.498],[-71.929,0.494],[-71.928,0.486],[-71.923,0.479],[-71.918,0.477],[-71.907,0.479],[-71.902,0.475],[-71.901,0.471],[-71.905,0.466],[-71.919,0.46],[-71.921,0.458],[-71.921,0.454],[-71.919,0.451],[-71.911,0.444],[-71.905,0.443],[-71.898,0.443],[-71.89,0.446],[-71.886,0.45],[-71.885,0.455],[-71.887,0.466],[-71.887,0.468],[-71.884,0.468],[-71.869,0.46],[-71.855,0.455],[-71.853,0.448],[-71.846,0.436],[-71.845,0.429],[-71.847,0.415],[-71.845,0.411],[-71.84,0.408],[-71.833,0.406],[-71.824,0.406],[-71.825,0.4],[-71.836,0.396],[-71.833,0.373],[-71.834,0.366],[-71.841,0.36],[-71.853,0.355],[-71.853,0.352],[-71.851,0.349],[-71.841,0.345],[-71.833,0.339],[-71.824,0.339],[-71.806,0.347],[-71.802,0.353],[-71.802,0.361],[-71.804,0.364],[-71.815,0.367],[-71.816,0.369],[-71.815,0.373],[-71.812,0.373],[-71.789,0.364],[-71.779,0.365],[-71.766,0.37],[-71.767,0.365],[-71.772,0.359],[-71.773,0.348],[-71.776,0.346],[-71.785,0.345],[-71.788,0.342],[-71.789,0.338],[-71.787,0.334],[-71.776,0.331],[-71.768,0.327],[-71.76,0.329],[-71.756,0.332],[-71.753,0.332],[-71.752,0.329],[-71.754,0.319],[-71.752,0.3],[-71.747,0.291],[-71.738,0.286],[-71.734,0.287],[-71.732,0.299],[-71.726,0.309],[-71.712,0.314],[-71.706,0.319],[-71.703,0.317],[-71.699,0.306],[-71.701,0.297],[-71.704,0.295],[-71.716,0.292],[-71.724,0.288],[-71.726,0.282],[-71.723,0.274],[-71.711,0.259],[-71.697,0.237],[-71.657,0.22],[-71.645,0.21],[-71.64,0.209],[-71.626,0.216],[-71.623,0.215],[-71.626,0.208],[-71.626,0.204],[-71.617,0.198],[-71.616,0.195],[-71.619,0.192],[-71.629,0.192],[-71.637,0.186],[-71.636,0.184],[-71.622,0.185],[-71.611,0.182],[-71.606,0.183],[-71.594,0.196],[-71.578,0.206],[-71.569,0.216],[-71.564,0.217],[-71.559,0.217],[-71.56,0.21],[-71.562,0.207],[-71.569,0.205],[-71.575,0.199],[-71.577,0.181],[-71.578,0.178],[-71.587,0.171],[-71.588,0.166],[-71.586,0.165],[-71.578,0.165],[-71.565,0.172],[-71.553,0.172],[-71.549,0.174],[-71.546,0.174],[-71.53,0.166],[-71.525,0.158],[-71.525,0.153],[-71.532,0.141],[-71.541,0.136],[-71.543,0.132],[-71.542,0.129],[-71.533,0.121],[-71.525,0.122],[-71.515,0.133],[-71.511,0.134],[-71.502,0.13],[-71.494,0.134],[-71.494,0.145],[-71.491,0.148],[-71.481,0.151],[-71.481,0.164],[-71.476,0.173],[-71.474,0.184],[-71.472,0.185],[-71.464,0.183],[-71.454,0.175],[-71.454,0.17],[-71.456,0.164],[-71.46,0.16],[-71.466,0.16],[-71.469,0.157],[-71.468,0.152],[-71.466,0.15],[-71.462,0.151],[-71.451,0.14],[-71.445,0.14],[-71.438,0.143],[-71.429,0.14],[-71.419,0.143],[-71.409,0.15],[-71.402,0.158],[-71.401,0.164],[-71.403,0.17],[-71.401,0.187],[-71.398,0.186],[-71.39,0.179],[-71.374,0.174],[-71.369,0.166],[-71.368,0.162],[-71.369,0.15],[-71.367,0.147],[-71.361,0.144],[-71.35,0.145],[-71.343,0.138],[-71.339,0.14],[-71.339,0.144],[-71.344,0.15],[-71.342,0.154],[-71.338,0.156],[-71.333,0.154],[-71.329,0.145],[-71.323,0.142],[-71.32,0.137],[-71.321,0.125],[-71.329,0.117],[-71.328,0.114],[-71.323,0.112]]]]}},{"type":"Feature","properties":{"name":"Huila","iso":"CO-HUI"},"geometry":{"type":"MultiPolygon","coordinates":[[[[-74.416,3.741],[-74.413,3.738],[-74.413,3.734],[-74.419,3.72],[-74.429,3.706],[-74.438,3.698],[-74.455,3.689],[-74.46,3.683],[-74.463,3.675],[-74.468,3.668],[-74.482,3.662],[-74.493,3.648],[-74.503,3.641],[-74.512,3.623],[-74.518,3.6],[-74.529,3.58],[-74.535,3.558],[-74.554,3.535],[-74.562,3.526],[-74.571,3.525],[-74.585,3.528],[-74.593,3.522],[-74.603,3.51],[-74.617,3.486],[-74.626,3.475],[-74.634,3.469],[-74.632,3.463],[-74.618,3.456],[-74.614,3.449],[-74.611,3.438],[-74.615,3.425],[-74.613,3.416],[-74.613,3.411],[-74.633,3.376],[-74.637,3.366],[-74.637,3.359],[-74.635,3.354],[-74.62,3.341],[-74.616,3.333],[-74.616,3.326],[-74.629,3.311],[-74.63,3.296],[-74.623,3.289],[-74.624,3.283],[-74.635,3.274],[-74.65,3.254],[-74.661,3.236],[-74.665,3.223],[-74.67,3.201],[-74.683,3.186],[-74.694,3.181],[-74.713,3.181],[-74.715,3.179],[-74.715,3.169],[-74.722,3.156],[-74.725,3.141],[-74.74,3.129],[-74.75,3.118],[-74.754,3.112],[-74.759,3.099],[-74.765,3.093],[-74.775,3.088],[-74.784,3.089],[-74.789,3.087],[-74.788,3.072],[-74.792,3.061],[-74.81,3.055],[-74.82,3.047],[-74.841,3.01],[-74.853,2.996],[-74.868,2.986],[-74.878,2.974],[-74.892,2.964],[-74.903,2.94],[-74.907,2.937],[-74.918,2.926],[-74.926,2.915],[-74.934,2.907],[-74.942,2.895],[-74.953,2.884],[-74.978,2.862],[-74.99,2.85],[-75.002,2.835],[-75.016,2.811],[-75.038,2.781],[-75.052,2.759],[-75.064,2.746],[-75.081,2.732],[-75.087,2.729],[-75.095,2.727],[-75.127,2.729],[-75.14,2.726],[-75.148,2.722],[-75.153,2.71],[-75.152,2.703],[-75.149,2.7],[-75.144,2.699],[-75.138,2.695],[-75.134,2.694],[-75.134,2.69],[-75.141,2.668],[-75.148,2.661],[-75.153,2.653],[-75.155,2.642],[-75.149,2.628],[-75.151,2.621],[-75.143,2.615],[-75.139,2.61],[-75.135,2.605],[-75.134,2.599],[-75.14,2.584],[-75.157,2.562],[-75.169,2.552],[-75.178,2.536],[-75.18,2.532],[-75.179,2.527],[-75.175,2.524],[-75.174,2.52],[-75.176,2.517],[-75.184,2.513],[-75.201,2.515],[-75.229,2.515],[-75.229,2.511],[-75.223,2.499],[-75.222,2.485],[-75.226,2.478],[-75.235,2.47],[-75.246,2.442],[-75.253,2.434],[-75.265,2.426],[-75.276,2.42],[-75.283,2.413],[-75.29,2.393],[-75.301,2.377],[-75.307,2.361],[-75.319,2.356],[-75.328,2.356],[-75.332,2.358],[-75.345,2.326],[-75.354,2.319],[-75.385,2.315],[-75.388,2.31],[-75.39,2.297],[-75.393,2.288],[-75.402,2.275],[-75.409,2.258],[-75.409,2.249],[-75.408,2.248],[-75.418,2.238],[-75.437,2.225],[-75.435,2.214],[-75.424,2.199],[-75.423,2.189],[-75.434,2.166],[-75.443,2.153],[-75.45,2.146],[-75.461,2.141],[-75.476,2.135],[-75.487,2.134],[-75.516,2.122],[-75.53,2.121],[-75.532,2.119],[-75.541,2.098],[-75.551,2.081],[-75.553,2.072],[-75.553,2.062],[-75.555,2.058],[-75.558,2.054],[-75.577,2.046],[-75.582,2.029],[-75.591,2.014],[-75.612,1.996],[-75.623,1.981],[-75.644,1.94],[-75.653,1.908],[-75.66,1.899],[-75.689,1.875],[-75.693,1.869],[-75.703,1.862],[-75.711,1.845],[-75.713,1.834],[-75.729,1.816],[-75.733,1.794],[-75.739,1.785],[-75.767,1.767],[-75.788,1.757],[-75.797,1.754],[-75.82,1.749],[-75.829,1.745],[-75.846,1.73],[-75.851,1.723],[-75.862,1.715],[-75.868,1.714],[-75.887,1.72],[-75.894,1.721],[-75.901,1.719],[-75.907,1.715],[-75.933,1.692],[-75.946,1.677],[-75.956,1.669],[-75.973,1.662],[-75.981,1.656],[-75.991,1.64],[-76.002,1.616],[-76.011,1.602],[-76.031,1.582],[-76.048,1.572],[-76.053,1.573],[-76.056,1.576],[-76.068,1.577],[-76.07,1.574],[-76.074,1.577],[-76.084,1.574],[-76.1,1.566],[-76.11,1.557],[-76.12,1.555],[-76.124,1.557],[-76.134,1.571],[-76.139,1.575],[-76.146,1.578],[-76.157,1.585],[-76.168,1.587],[-76.172,1.586],[-76.184,1.574],[-76.187,1.573],[-76.192,1.574],[-76.199,1.58],[-76.198,1.583],[-76.208,1.6],[-76.212,1.611],[-76.21,1.612],[-76.21,1.614],[-76.214,1.622],[-76.212,1.645],[-76.212,1.656],[-76.214,1.663],[-76.217,1.665],[-76.226,1.668],[-76.253,1.657],[-76.267,1.658],[-76.269,1.662],[-76.273,1.664],[-76.278,1.67],[-76.281,1.683],[-76.291,1.687],[-76.299,1.686],[-76.304,1.685],[-76.326,1.666],[-76.337,1.663],[-76.378,1.662],[-76.384,1.665],[-76.385,1.67],[-76.385,1.675],[-76.381,1.702],[-76.369,1.731],[-76.37,1.743],[-76.374,1.749],[-76.38,1.749],[-76.41,1.725],[-76.419,1.722],[-76.424,1.723],[-76.425,1.744],[-76.421,1.755],[-76.422,1.769],[-76.426,1.781],[-76.433,1.792],[-76.452,1.806],[-76.454,1.806],[-76.464,1.812],[-76.471,1.82],[-76.474,1.82],[-76.481,1.824],[-76.511,1.834],[-76.536,1.834],[-76.548,1.837],[-76.558,1.842],[-76.57,1.859],[-76.575,1.864],[-76.579,1.865],[-76.586,1.872],[-76.588,1.88],[-76.584,1.89],[-76.587,1.908],[-76.606,1.924],[-76.616,1.924],[-76.619,1.926],[-76.619,1.931],[-76.612,1.946],[-76.62,1.956],[-76.623,1.965],[-76.624,1.974],[-76.62,1.979],[-76.612,1.993],[-76.602,1.995],[-76.593,2.0],[-76.586,2.001],[-76.58,2.003],[-76.576,2.013],[-76.573,2.022],[-76.575,2.03],[-76.586,2.037],[-76.587,2.043],[-76.586,2.049],[-76.58,2.051],[-76.577,2.056],[-76.576,2.066],[-76.589,2.089],[-76.59,2.099],[-76.585,2.11],[-76.572,2.12],[-76.556,2.137],[-76.552,2.138],[-76.528,2.131],[-76.513,2.135],[-76.508,2.133],[-76.501,2.124],[-76.497,2.124],[-76.493,2.127],[-76.489,2.127],[-76.484,2.123],[-76.472,2.103],[-76.467,2.101],[-76.462,2.103],[-76.451,2.115],[-76.432,2.12],[-76.43,2.122],[-76.427,2.127],[-76.427,2.133],[-76.433,2.149],[-76.436,2.154],[-76.437,2.16],[-76.433,2.17],[-76.434,2.175],[-76.434,2.178],[-76.436,2.182],[-76.435,2.188],[-76.433,2.19],[-76.411,2.195],[-76.407,2.198],[-76.403,2.205],[-76.396,2.228],[-76.39,2.242],[-76.389,2.254],[-76.385,2.264],[-76.381,2.271],[-76.374,2.279],[-76.368,2.277],[-76.364,2.278],[-76.361,2.271],[-76.344,2.272],[-76.333,2.278],[-76.323,2.281],[-76.308,2.281],[-76.303,2.284],[-76.299,2.282],[-76.295,2.278],[-76.289,2.274],[-76.279,2.276],[-76.276,2.275],[-76.275,2.269],[-76.269,2.263],[-76.251,2.248],[-76.243,2.232],[-76.228,2.221],[-76.224,2.222],[-76.225,2.218],[-76.222,2.211],[-76.22,2.208],[-76.214,2.205],[-76.209,2.199],[-76.195,2.195],[-76.186,2.197],[-76.153,2.199],[-76.144,2.204],[-76.134,2.222],[-76.121,2.224],[-76.147,2.293],[-76.126,2.38],[-76.121,2.382],[-76.115,2.392],[-76.107,2.398],[-76.103,2.407],[-76.099,2.408],[-76.097,2.41],[-76.095,2.41],[-76.091,2.416],[-76.084,2.416],[-76.077,2.415],[-76.055,2.406],[-76.049,2.406],[-76.041,2.401],[-76.038,2.401],[-76.036,2.407],[-76.034,2.409],[-76.031,2.41],[-76.027,2.417],[-76.023,2.426],[-76.02,2.447],[-76.0,2.467],[-75.995,2.477],[-75.989,2.481],[-75.986,2.493],[-75.978,2.503],[-75.962,2.499],[-75.958,2.491],[-75.952,2.487],[-75.948,2.486],[-75.939,2.488],[-75.932,2.48],[-75.924,2.479],[-75.921,2.475],[-75.917,2.472],[-75.918,2.458],[-75.912,2.453],[-75.91,2.446],[-75.899,2.44],[-75.886,2.428],[-75.876,2.43],[-75.872,2.427],[-75.864,2.427],[-75.861,2.429],[-75.856,2.435],[-75.856,2.437],[-75.858,2.439],[-75.859,2.442],[-75.855,2.446],[-75.853,2.455],[-75.848,2.455],[-75.845,2.459],[-75.84,2.461],[-75.839,2.468],[-75.831,2.474],[-75.82,2.484],[-75.814,2.484],[-75.822,2.495],[-75.821,2.507],[-75.819,2.512],[-75.82,2.52],[-75.824,2.524],[-75.827,2.531],[-75.837,2.539],[-75.834,2.55],[-75.839,2.558],[-75.838,2.565],[-75.837,2.568],[-75.83,2.572],[-75.827,2.575],[-75.823,2.592],[-75.815,2.596],[-75.811,2.6],[-75.8,2.622],[-75.791,2.632],[-75.789,2.654],[-75.787,2.657],[-75.78,2.66],[-75.774,2.669],[-75.775,2.671],[-75.772,2.676],[-75.761,2.68],[-75.757,2.683],[-75.757,2.693],[-75.755,2.701],[-75.754,2.712],[-75.751,2.717],[-75.748,2.719],[-75.753,2.732],[-75.753,2.743],[-75.76,2.75],[-75.772,2.755],[-75.778,2.759],[-75.794,2.762],[-75.803,2.767],[-75.811,2.768],[-75.818,2.778],[-75.831,2.784],[-75.846,2.784],[-75.857,2.786],[-75.913,2.834],[-75.937,2.852],[-75.943,2.86],[-75.946,2.86],[-75.949,2.866],[-75.957,2.873],[-75.963,2.874],[-75.978,2.888],[-75.997,2.905],[-76.002,2.914],[-76.008,2.915],[-76.01,2.918],[-76.02,2.925],[-76.029,2.941],[-76.029,2.95],[-76.025,2.956],[-76.026,2.969],[-76.022,2.973],[-76.014,2.977],[-76.012,2.979],[-75.989,2.982],[-75.983,2.972],[-75.983,2.966],[-75.98,2.96],[-75.982,2.956],[-75.972,2.946],[-75.965,2.944],[-75.965,2.94],[-75.963,2.936],[-75.958,2.935],[-75.958,2.932],[-75.955,2.93],[-75.957,2.924],[-75.954,2.917],[-75.949,2.917],[-75.945,2.922],[-75.938,2.92],[-75.933,2.922],[-75.927,2.922],[-75.926,2.914],[-75.909,2.91],[-75.908,2.901],[-75.903,2.899],[-75.901,2.895],[-75.885,2.898],[-75.881,2.889],[-75.876,2.887],[-75.87,2.877],[-75.864,2.878],[-75.857,2.871],[-75.845,2.871],[-75.834,2.873],[-75.825,2.872],[-75.817,2.884],[-75.803,2.885],[-75.799,2.888],[-75.791,2.898],[-75.79,2.901],[-75.783,2.905],[-75.781,2.91],[-75.778,2.913],[-75.772,2.913],[-75.766,2.915],[-75.764,2.918],[-75.767,2.924],[-75.765,2.927],[-75.765,2.934],[-75.761,2.938],[-75.76,2.943],[-75.754,2.944],[-75.751,2.947],[-75.748,2.948],[-75.745,2.953],[-75.736,2.954],[-75.733,2.952],[-75.729,2.957],[-75.725,2.957],[-75.722,2.962],[-75.711,2.964],[-75.703,2.97],[-75.699,2.975],[-75.697,2.985],[-75.693,2.99],[-75.694,2.995],[-75.684,2.989],[-75.665,2.988],[-75.658,2.989],[-75.647,2.996],[-75.637,2.994],[-75.634,2.995],[-75.631,3.0],[-75.627,3.009],[-75.622,3.009],[-75.617,3.021],[-75.611,3.028],[-75.61,3.035],[-75.602,3.039],[-75.602,3.047],[-75.6,3.049],[-75.601,3.052],[-75.608,3.058],[-75.617,3.062],[-75.622,3.075],[-75.606,3.103],[-75.602,3.114],[-75.598,3.116],[-75.591,3.116],[-75.585,3.122],[-75.582,3.136],[-75.577,3.142],[-75.577,3.144],[-75.584,3.149],[-75.588,3.156],[-75.583,3.169],[-75.585,3.177],[-75.578,3.185],[-75.577,3.189],[-75.578,3.195],[-75.573,3.201],[-75.576,3.204],[-75.576,3.207],[-75.573,3.211],[-75.573,3.218],[-75.573,3.219],[-75.577,3.221],[-75.577,3.224],[-75.569,3.241],[-75.559,3.248],[-75.554,3.256],[-75.548,3.257],[-75.548,3.26],[-75.544,3.272],[-75.539,3.279],[-75.534,3.281],[-75.531,3.287],[-75.528,3.294],[-75.521,3.301],[-75.522,3.311],[-75.527,3.317],[-75.526,3.32],[-75.517,3.326],[-75.513,3.328],[-75.498,3.322],[-75.488,3.327],[-75.486,3.33],[-75.488,3.339],[-75.487,3.348],[-75.478,3.361],[-75.472,3.361],[-75.462,3.355],[-75.446,3.357],[-75.443,3.355],[-75.442,3.347],[-75.428,3.354],[-75.425,3.359],[-75.417,3.364],[-75.415,3.373],[-75.41,3.37],[-75.394,3.378],[-75.378,3.374],[-75.378,3.381],[-75.374,3.389],[-75.37,3.403],[-75.368,3.407],[-75.365,3.409],[-75.359,3.409],[-75.353,3.404],[-75.344,3.406],[-75.339,3.401],[-75.333,3.399],[-75.324,3.405],[-75.324,3.412],[-75.32,3.42],[-75.311,3.412],[-75.307,3.404],[-75.303,3.399],[-75.29,3.391],[-75.282,3.388],[-75.277,3.384],[-75.26,3.378],[-75.256,3.373],[-75.256,3.368],[-75.253,3.367],[-75.251,3.369],[-75.251,3.376],[-75.245,3.383],[-75.246,3.395],[-75.242,3.4],[-75.242,3.405],[-75.228,3.415],[-75.22,3.412],[-75.215,3.414],[-75.212,3.412],[-75.211,3.409],[-75.204,3.411],[-75.2,3.409],[-75.201,3.403],[-75.196,3.396],[-75.201,3.393],[-75.2,3.386],[-75.198,3.384],[-75.184,3.382],[-75.18,3.385],[-75.176,3.385],[-75.173,3.387],[-75.174,3.391],[-75.174,3.398],[-75.177,3.405],[-75.176,3.409],[-75.172,3.412],[-75.164,3.411],[-75.157,3.412],[-75.154,3.418],[-75.149,3.421],[-75.15,3.423],[-75.152,3.425],[-75.153,3.429],[-75.151,3.433],[-75.148,3.435],[-75.144,3.435],[-75.128,3.43],[-75.123,3.43],[-75.121,3.433],[-75.116,3.433],[-75.095,3.431],[-75.067,3.431],[-75.061,3.432],[-75.044,3.429],[-75.04,3.428],[-75.04,3.426],[-75.043,3.418],[-75.043,3.408],[-75.037,3.405],[-75.035,3.401],[-75.038,3.395],[-75.034,3.391],[-75.034,3.386],[-75.036,3.384],[-75.041,3.383],[-75.054,3.385],[-75.059,3.381],[-75.058,3.369],[-75.061,3.358],[-75.057,3.334],[-75.059,3.324],[-75.059,3.314],[-75.065,3.311],[-75.072,3.303],[-75.074,3.3],[-75.073,3.296],[-75.053,3.288],[-75.037,3.287],[-75.023,3.288],[-75.015,3.288],[-75.006,3.281],[-75.004,3.278],[-75.001,3.277],[-74.994,3.278],[-74.99,3.283],[-74.984,3.284],[-74.972,3.284],[-74.966,3.281],[-74.96,3.282],[-74.955,3.28],[-74.944,3.281],[-74.936,3.284],[-74.929,3.283],[-74.915,3.289],[-74.908,3.29],[-74.887,3.31],[-74.873,3.326],[-74.865,3.33],[-74.863,3.334],[-74.86,3.334],[-74.856,3.338],[-74.849,3.342],[-74.846,3.355],[-74.839,3.361],[-74.835,3.367],[-74.828,3.378],[-74.825,3.387],[-74.822,3.391],[-74.815,3.392],[-74.817,3.402],[-74.814,3.407],[-74.801,3.418],[-74.77,3.438],[-74.765,3.443],[-74.762,3.45],[-74.763,3.454],[-74.766,3.46],[-74.775,3.467],[-74.778,3.472],[-74.781,3.481],[-74.782,3.5],[-74.773,3.526],[-74.768,3.53],[-74.761,3.532],[-74.756,3.532],[-74.75,3.529],[-74.745,3.529],[-74.739,3.533],[-74.734,3.541],[-74.732,3.548],[-74.728,3.554],[-74.726,3.562],[-74.733,3.567],[-74.735,3.576],[-74.739,3.583],[-74.739,3.59],[-74.728,3.6],[-74.721,3.613],[-74.717,3.614],[-74.712,3.611],[-74.709,3.611],[-74.701,3.617],[-74.699,3.639],[-74.692,3.644],[-74.687,3.653],[-74.678,3.663],[-74.674,3.671],[-74.667,3.674],[-74.662,3.674],[-74.661,3.678],[-74.656,3.684],[-74.653,3.683],[-74.648,3.685],[-74.633,3.693],[-74.63,3.699],[-74.625,3.699],[-74.615,3.713],[-74.609,3.716],[-74.605,3.721],[-74.593,3.725],[-74.586,3.735],[-74.585,3.743],[-74.577,3.746],[-74.574,3.753],[-74.566,3.759],[-74.557,3.768],[-74.556,3.774],[-74.553,3.779],[-74.554,3.783],[-74.546,3.792],[-74.545,3.811],[-74.543,3.814],[-74.538,3.816],[-74.537,3.818],[-74.535,3.831],[-74.537,3.833],[-74.539,3.845],[-74.533,3.841],[-74.528,3.83],[-74.523,3.827],[-74.513,3.824],[-74.48,3.825],[-74.458,3.817],[-74.451,3.81],[-74.447,3.803],[-74.452,3.788],[-74.46,3.774],[-74.461,3.758],[-74.457,3.745],[-74.457,3.735],[-74.456,3.73],[-74.453,3.728],[-74.45,3.727],[-74.452,3.724],[-74.441,3.728],[-74.442,3.73],[-74.434,3.738],[-74.424,3.741],[-74.416,3.741]]]]}},{"type":"Feature","properties":{"name":"Archipiélago de San Andrés, Providencia y Santa Catalina","iso":"CO-SAP"},"geometry":{"type":"MultiPolygon","coordinates":[[[[-81.733,12.538],[-81.732,12.545],[-81.73,12.548],[-81.731,12.549],[-81.732,12.555],[-81.731,12.558],[-81.723,12.567],[-81.723,12.578],[-81.709,12.593],[-81.704,12.595],[-81.699,12.587],[-81.689,12.584],[-81.687,12.581],[-81.69,12.58],[-81.696,12.58],[-81.703,12.575],[-81.703,12.574],[-81.7,12.57],[-81.702,12.568],[-81.704,12.569],[-81.707,12.57],[-81.704,12.571],[-81.707,12.572],[-81.708,12.57],[-81.705,12.568],[-81.704,12.569],[-81.703,12.567],[-81.7,12.566],[-81.7,12.564],[-81.707,12.563],[-81.707,12.561],[-81.703,12.561],[-81.705,12.55],[-81.703,12.544],[-81.708,12.541],[-81.707,12.532],[-81.713,12.523],[-81.716,12.505],[-81.726,12.483],[-81.73,12.48],[-81.733,12.482],[-81.735,12.492],[-81.735,12.497],[-81.73,12.505],[-81.729,12.523],[-81.73,12.525],[-81.727,12.526],[-81.73,12.526],[-81.735,12.529],[-81.736,12.531],[-81.733,12.538]]],[[[-81.394,13.344],[-81.393,13.348],[-81.394,13.353],[-81.392,13.359],[-81.385,13.37],[-81.382,13.372],[-81.379,13.372],[-81.376,13.369],[-81.373,13.371],[-81.37,13.374],[-81.37,13.381],[-81.367,13.383],[-81.366,13.386],[-81.364,13.386],[-81.362,13.379],[-81.355,13.377],[-81.355,13.375],[-81.358,13.371],[-81.357,13.37],[-81.358,13.368],[-81.355,13.365],[-81.354,13.361],[-81.35,13.362],[-81.349,13.36],[-81.35,13.357],[-81.357,13.353],[-81.355,13.344],[-81.36,13.334],[-81.368,13.332],[-81.375,13.325],[-81.381,13.324],[-81.386,13.32],[-81.388,13.32],[-81.39,13.321],[-81.393,13.326],[-81.391,13.331],[-81.393,13.337],[-81.396,13.339],[-81.394,13.344]]],[[[-81.376,13.382],[-81.381,13.386],[-81.38,13.391],[-81.371,13.395],[-81.369,13.394],[-81.371,13.392],[-81.371,13.387],[-81.368,13.386],[-81.371,13.382],[-81.376,13.382]]]]}}]}